raceId,year,name,circuit,country,starters,classified_finishes,positive_position_gain,avg_position_movement,winner_grid,dnf_count,dnf_rate_pct,pole_to_win
1,2009,Australian Grand Prix,Albert Park Grand Prix Circuit,Australia,20,15,63,6.3,1,5,25.0,True
2,2009,Malaysian Grand Prix,Sepang International Circuit,Malaysia,20,18,38,3.8,1,2,10.0,True
3,2009,Chinese Grand Prix,Shanghai International Circuit,China,20,17,42,4.2,1,3,15.0,True
4,2009,Bahrain Grand Prix,Bahrain International Circuit,Bahrain,20,19,34,3.4,4,1,5.0,False
5,2009,Spanish Grand Prix,Circuit de Barcelona-Catalunya,Spain,20,14,27,2.7,1,6,30.0,True
6,2009,Monaco Grand Prix,Circuit de Monaco,Monaco,20,15,45,4.5,1,5,25.0,True
7,2009,Turkish Grand Prix,Istanbul Park,Turkey,20,18,26,2.6,2,2,10.0,False
8,2009,British Grand Prix,Silverstone Circuit,UK,20,18,25,2.5,1,2,10.0,True
9,2009,German Grand Prix,Nürburgring,Germany,20,18,46,4.6,1,2,10.0,True
10,2009,Hungarian Grand Prix,Hungaroring,Hungary,19,16,40,4.2105263157894735,4,3,15.789473684210526,False
11,2009,European Grand Prix,Valencia Street Circuit,Spain,20,18,28,2.8,3,2,10.0,False
12,2009,Belgian Grand Prix,Circuit de Spa-Francorchamps,Belgium,20,14,38,3.8,6,6,30.0,False
13,2009,Italian Grand Prix,Autodromo Nazionale di Monza,Italy,20,16,47,4.7,5,4,20.0,False
14,2009,Singapore Grand Prix,Marina Bay Street Circuit,Singapore,20,14,32,3.2,1,6,30.0,True
15,2009,Japanese Grand Prix,Suzuka Circuit,Japan,20,17,20,2.0,1,3,15.0,True
16,2009,Brazilian Grand Prix,Autódromo José Carlos Pace,Brazil,20,14,66,6.6,2,6,30.0,False
17,2009,Abu Dhabi Grand Prix,Yas Marina Circuit,UAE,20,18,29,2.9,2,2,10.0,False
18,2008,Australian Grand Prix,Albert Park Grand Prix Circuit,Australia,22,8,70,6.363636363636363,1,14,63.63636363636363,True
19,2008,Malaysian Grand Prix,Sepang International Circuit,Malaysia,22,17,40,3.6363636363636362,2,5,22.727272727272727,False
20,2008,Bahrain Grand Prix,Bahrain International Circuit,Bahrain,22,19,34,3.090909090909091,2,3,13.636363636363635,False
21,2008,Spanish Grand Prix,Circuit de Barcelona-Catalunya,Spain,22,13,47,4.2727272727272725,1,9,40.909090909090914,True
22,2008,Turkish Grand Prix,Istanbul Park,Turkey,20,17,21,2.1,1,3,15.0,True
23,2008,Monaco Grand Prix,Circuit de Monaco,Monaco,20,14,43,4.3,3,6,30.0,False
24,2008,Canadian Grand Prix,Circuit Gilles Villeneuve,Canada,20,13,63,6.3,2,7,35.0,False
25,2008,French Grand Prix,Circuit de Nevers Magny-Cours,France,20,19,22,2.2,2,1,5.0,False
26,2008,British Grand Prix,Silverstone Circuit,UK,20,13,50,5.0,4,7,35.0,False
27,2008,German Grand Prix,Hockenheimring,Germany,20,17,40,4.0,1,3,15.0,True
28,2008,Hungarian Grand Prix,Hungaroring,Hungary,20,18,32,3.2,2,2,10.0,False
29,2008,European Grand Prix,Valencia Street Circuit,Spain,20,17,27,2.7,1,3,15.0,True
30,2008,Belgian Grand Prix,Circuit de Spa-Francorchamps,Belgium,20,18,40,4.0,2,2,10.0,False
31,2008,Italian Grand Prix,Autodromo Nazionale di Monza,Italy,20,19,48,4.8,1,1,5.0,True
32,2008,Singapore Grand Prix,Marina Bay Street Circuit,Singapore,20,15,52,5.2,15,5,25.0,False
33,2008,Japanese Grand Prix,Fuji Speedway,Japan,20,15,49,4.9,4,5,25.0,False
34,2008,Chinese Grand Prix,Shanghai International Circuit,China,20,17,36,3.6,1,3,15.0,True
35,2008,Brazilian Grand Prix,Autódromo José Carlos Pace,Brazil,20,18,31,3.1,1,2,10.0,True
36,2007,Australian Grand Prix,Albert Park Grand Prix Circuit,Australia,22,17,40,3.6363636363636362,1,5,22.727272727272727,True
37,2007,Malaysian Grand Prix,Sepang International Circuit,Malaysia,22,18,44,4.0,2,4,18.181818181818183,False
38,2007,Bahrain Grand Prix,Bahrain International Circuit,Bahrain,22,16,26,2.3636363636363638,1,6,27.27272727272727,True
39,2007,Spanish Grand Prix,Circuit de Barcelona-Catalunya,Spain,22,14,46,4.181818181818182,1,8,36.36363636363637,True
40,2007,Monaco Grand Prix,Circuit de Monaco,Monaco,22,19,38,3.4545454545454546,1,3,13.636363636363635,True
41,2007,Canadian Grand Prix,Circuit Gilles Villeneuve,Canada,22,12,65,5.909090909090909,1,10,45.45454545454545,True
42,2007,United States Grand Prix,Indianapolis Motor Speedway,USA,22,17,42,3.8181818181818183,1,5,22.727272727272727,True
43,2007,French Grand Prix,Circuit de Nevers Magny-Cours,France,22,17,34,3.090909090909091,3,5,22.727272727272727,False
44,2007,British Grand Prix,Silverstone Circuit,UK,22,16,40,3.6363636363636362,2,6,27.27272727272727,False
45,2007,European Grand Prix,Nürburgring,Germany,22,13,46,4.181818181818182,2,9,40.909090909090914,False
46,2007,Hungarian Grand Prix,Hungaroring,Hungary,22,18,22,2.0,1,4,18.181818181818183,True
47,2007,Turkish Grand Prix,Istanbul Park,Turkey,22,21,30,2.727272727272727,1,1,4.545454545454546,True
48,2007,Italian Grand Prix,Autodromo Nazionale di Monza,Italy,22,20,24,2.1818181818181817,1,2,9.090909090909092,True
49,2007,Belgian Grand Prix,Circuit de Spa-Francorchamps,Belgium,22,17,28,2.5454545454545454,1,5,22.727272727272727,True
50,2007,Japanese Grand Prix,Fuji Speedway,Japan,22,15,66,6.0,1,7,31.818181818181817,True
51,2007,Chinese Grand Prix,Shanghai International Circuit,China,22,17,57,5.181818181818182,2,5,22.727272727272727,False
52,2007,Brazilian Grand Prix,Autódromo José Carlos Pace,Brazil,22,14,44,4.0,3,8,36.36363636363637,False
53,2006,Bahrain Grand Prix,Bahrain International Circuit,Bahrain,22,18,47,4.2727272727272725,4,4,18.181818181818183,False
54,2006,Malaysian Grand Prix,Sepang International Circuit,Malaysia,22,14,69,6.2727272727272725,1,8,36.36363636363637,True
55,2006,Australian Grand Prix,Albert Park Grand Prix Circuit,Australia,22,13,74,6.7272727272727275,3,9,40.909090909090914,False
56,2006,San Marino Grand Prix,Autodromo Enzo e Dino Ferrari,Italy,22,16,34,3.090909090909091,1,6,27.27272727272727,True
57,2006,European Grand Prix,Nürburgring,Germany,22,13,49,4.454545454545454,2,9,40.909090909090914,False
58,2006,Spanish Grand Prix,Circuit de Barcelona-Catalunya,Spain,22,17,34,3.090909090909091,1,5,22.727272727272727,True
59,2006,Monaco Grand Prix,Circuit de Monaco,Monaco,22,17,68,6.181818181818182,1,5,22.727272727272727,True
60,2006,British Grand Prix,Silverstone Circuit,UK,22,18,31,2.8181818181818183,1,4,18.181818181818183,True
61,2006,Canadian Grand Prix,Circuit Gilles Villeneuve,Canada,22,15,52,4.7272727272727275,1,7,31.818181818181817,True
62,2006,United States Grand Prix,Indianapolis Motor Speedway,USA,22,9,61,5.545454545454546,1,13,59.09090909090909,True
63,2006,French Grand Prix,Circuit de Nevers Magny-Cours,France,22,16,34,3.090909090909091,1,6,27.27272727272727,True
64,2006,German Grand Prix,Hockenheimring,Germany,22,12,40,3.6363636363636362,2,10,45.45454545454545,False
65,2006,Hungarian Grand Prix,Hungaroring,Hungary,22,13,69,6.2727272727272725,14,9,40.909090909090914,False
66,2006,Turkish Grand Prix,Istanbul Park,Turkey,22,15,41,3.727272727272727,1,7,31.818181818181817,True
67,2006,Italian Grand Prix,Autodromo Nazionale di Monza,Italy,22,17,45,4.090909090909091,2,5,22.727272727272727,False
68,2006,Chinese Grand Prix,Shanghai International Circuit,China,22,16,36,3.272727272727273,6,6,27.27272727272727,False
69,2006,Japanese Grand Prix,Suzuka Circuit,Japan,22,18,44,4.0,5,4,18.181818181818183,False
70,2006,Brazilian Grand Prix,Autódromo José Carlos Pace,Brazil,22,17,62,5.636363636363637,1,5,22.727272727272727,True
71,2005,Australian Grand Prix,Albert Park Grand Prix Circuit,Australia,20,15,43,4.3,1,5,25.0,True
72,2005,Malaysian Grand Prix,Sepang International Circuit,Malaysia,20,13,44,4.4,1,7,35.0,True
73,2005,Bahrain Grand Prix,Bahrain International Circuit,Bahrain,20,13,56,5.6,1,7,35.0,True
74,2005,San Marino Grand Prix,Autodromo Enzo e Dino Ferrari,Italy,20,13,60,6.0,2,7,35.0,False
75,2005,Spanish Grand Prix,Circuit de Barcelona-Catalunya,Spain,18,13,25,2.7777777777777777,1,5,27.77777777777778,True
76,2005,Monaco Grand Prix,Circuit de Monaco,Monaco,18,14,34,3.7777777777777777,1,4,22.22222222222222,True
77,2005,European Grand Prix,Nürburgring,Germany,20,18,47,4.7,6,2,10.0,False
78,2005,Canadian Grand Prix,Circuit Gilles Villeneuve,Canada,20,11,71,7.1,7,9,45.0,False
79,2005,United States Grand Prix,Indianapolis Motor Speedway,USA,20,6,65,6.5,5,14,70.0,False
80,2005,French Grand Prix,Circuit de Nevers Magny-Cours,France,20,15,36,3.6,1,5,25.0,True
81,2005,British Grand Prix,Silverstone Circuit,UK,20,19,27,2.7,3,1,5.0,False
82,2005,German Grand Prix,Hockenheimring,Germany,20,18,48,4.8,3,2,10.0,False
83,2005,Hungarian Grand Prix,Hungaroring,Hungary,20,14,41,4.1,4,6,30.0,False
84,2005,Turkish Grand Prix,Istanbul Park,Turkey,20,15,44,4.4,1,5,25.0,True
85,2005,Italian Grand Prix,Autodromo Nazionale di Monza,Italy,20,20,32,3.2,1,0,0.0,True
86,2005,Belgian Grand Prix,Circuit de Spa-Francorchamps,Belgium,20,15,65,6.5,2,5,25.0,False
87,2005,Brazilian Grand Prix,Autódromo José Carlos Pace,Brazil,20,15,35,3.5,2,5,25.0,False
88,2005,Japanese Grand Prix,Suzuka Circuit,Japan,20,16,49,4.9,17,4,20.0,False
89,2005,Chinese Grand Prix,Shanghai International Circuit,China,20,16,46,4.6,1,4,20.0,True
90,2004,Australian Grand Prix,Albert Park Grand Prix Circuit,Australia,20,14,35,3.5,1,6,30.0,True
91,2004,Malaysian Grand Prix,Sepang International Circuit,Malaysia,20,16,46,4.6,1,4,20.0,True
92,2004,Bahrain Grand Prix,Bahrain International Circuit,Bahrain,20,17,27,2.7,1,3,15.0,True
93,2004,San Marino Grand Prix,Autodromo Enzo e Dino Ferrari,Italy,20,16,36,3.6,2,4,20.0,False
94,2004,Spanish Grand Prix,Circuit de Barcelona-Catalunya,Spain,20,13,34,3.4,1,7,35.0,True
95,2004,Monaco Grand Prix,Circuit de Monaco,Monaco,20,10,64,6.4,1,10,50.0,True
96,2004,European Grand Prix,Nürburgring,Germany,20,15,49,4.9,1,5,25.0,True
97,2004,Canadian Grand Prix,Circuit Gilles Villeneuve,Canada,20,10,67,6.7,6,10,50.0,False
98,2004,United States Grand Prix,Indianapolis Motor Speedway,USA,20,9,46,4.6,2,11,55.00000000000001,False
99,2004,French Grand Prix,Circuit de Nevers Magny-Cours,France,20,18,26,2.6,2,2,10.0,False
100,2004,British Grand Prix,Silverstone Circuit,UK,20,16,29,2.9,4,4,20.0,False
101,2004,German Grand Prix,Hockenheimring,Germany,20,17,39,3.9,1,3,15.0,True
102,2004,Hungarian Grand Prix,Hungaroring,Hungary,20,15,26,2.6,1,5,25.0,True
103,2004,Belgian Grand Prix,Circuit de Spa-Francorchamps,Belgium,20,11,43,4.3,10,9,45.0,False
104,2004,Italian Grand Prix,Autodromo Nazionale di Monza,Italy,20,15,35,3.5,1,5,25.0,True
105,2004,Chinese Grand Prix,Shanghai International Circuit,China,20,16,35,3.5,1,4,20.0,True
106,2004,Japanese Grand Prix,Suzuka Circuit,Japan,20,16,42,4.2,1,4,20.0,True
107,2004,Brazilian Grand Prix,Autódromo José Carlos Pace,Brazil,20,17,34,3.4,2,3,15.0,False
108,2003,Australian Grand Prix,Albert Park Grand Prix Circuit,Australia,20,11,52,5.2,11,9,45.0,False
109,2003,Malaysian Grand Prix,Sepang International Circuit,Malaysia,20,13,48,4.8,7,7,35.0,False
110,2003,Brazilian Grand Prix,Autódromo José Carlos Pace,Brazil,20,10,48,4.8,8,10,50.0,False
111,2003,San Marino Grand Prix,Autodromo Enzo e Dino Ferrari,Italy,20,15,30,3.0,1,5,25.0,True
112,2003,Spanish Grand Prix,Circuit de Barcelona-Catalunya,Spain,20,12,49,4.9,1,8,40.0,True
113,2003,Austrian Grand Prix,Red Bull Ring,Austria,20,13,45,4.5,1,7,35.0,True
114,2003,Monaco Grand Prix,Circuit de Monaco,Monaco,20,13,27,2.7,3,7,35.0,False
115,2003,Canadian Grand Prix,Circuit Gilles Villeneuve,Canada,20,11,36,3.6,3,9,45.0,False
116,2003,European Grand Prix,Nürburgring,Germany,20,15,58,5.8,3,5,25.0,False
117,2003,French Grand Prix,Circuit de Nevers Magny-Cours,France,20,16,30,3.0,1,4,20.0,True
118,2003,British Grand Prix,Silverstone Circuit,UK,20,17,39,3.9,1,3,15.0,True
119,2003,German Grand Prix,Hockenheimring,Germany,20,13,50,4.95,1,7,35.0,True
120,2003,Hungarian Grand Prix,Hungaroring,Hungary,20,13,39,3.9,1,7,35.0,True
121,2003,Italian Grand Prix,Autodromo Nazionale di Monza,Italy,20,13,46,4.6,1,7,35.0,True
122,2003,United States Grand Prix,Indianapolis Motor Speedway,USA,20,11,73,7.3,7,9,45.0,False
123,2003,Japanese Grand Prix,Suzuka Circuit,Japan,20,16,57,5.7,1,4,20.0,True
124,2002,Australian Grand Prix,Albert Park Grand Prix Circuit,Australia,22,8,90,8.181818181818182,2,14,63.63636363636363,False
125,2002,Malaysian Grand Prix,Sepang International Circuit,Malaysia,22,13,62,5.636363636363637,4,9,40.909090909090914,False
126,2002,Brazilian Grand Prix,Autódromo José Carlos Pace,Brazil,22,13,53,4.818181818181818,2,9,40.909090909090914,False
127,2002,San Marino Grand Prix,Autodromo Enzo e Dino Ferrari,Italy,21,11,37,3.4761904761904763,1,10,47.61904761904761,True
128,2002,Spanish Grand Prix,Circuit de Barcelona-Catalunya,Spain,22,12,57,5.181818181818182,1,10,45.45454545454545,True
129,2002,Austrian Grand Prix,Red Bull Ring,Austria,22,12,61,5.545454545454546,3,10,45.45454545454545,False
130,2002,Monaco Grand Prix,Circuit de Monaco,Monaco,22,12,65,5.909090909090909,2,10,45.45454545454545,False
131,2002,Canadian Grand Prix,Circuit Gilles Villeneuve,Canada,22,15,51,4.636363636363637,2,7,31.818181818181817,False
132,2002,European Grand Prix,Nürburgring,Germany,22,16,54,4.909090909090909,4,6,27.27272727272727,False
133,2002,British Grand Prix,Silverstone Circuit,UK,21,12,46,4.380952380952381,3,9,42.857142857142854,False
134,2002,French Grand Prix,Circuit de Nevers Magny-Cours,France,19,11,42,4.421052631578948,2,8,42.10526315789473,False
135,2002,German Grand Prix,Hockenheimring,Germany,21,9,42,4.0,1,12,57.14285714285714,True
136,2002,Hungarian Grand Prix,Hungaroring,Hungary,20,16,30,3.0,1,4,20.0,True
137,2002,Belgian Grand Prix,Circuit de Spa-Francorchamps,Belgium,20,12,38,3.8,1,8,40.0,True
138,2002,Italian Grand Prix,Autodromo Nazionale di Monza,Italy,20,13,59,5.9,4,7,35.0,False
139,2002,United States Grand Prix,Indianapolis Motor Speedway,USA,20,16,29,2.9,2,4,20.0,False
140,2002,Japanese Grand Prix,Suzuka Circuit,Japan,20,11,42,4.2,1,9,45.0,True
141,2001,Australian Grand Prix,Albert Park Grand Prix Circuit,Australia,22,13,58,5.2727272727272725,1,9,40.909090909090914,True
142,2001,Malaysian Grand Prix,Sepang International Circuit,Malaysia,22,14,62,5.636363636363637,1,8,36.36363636363637,True
143,2001,Brazilian Grand Prix,Autódromo José Carlos Pace,Brazil,22,11,73,6.636363636363637,5,11,50.0,False
144,2001,San Marino Grand Prix,Autodromo Enzo e Dino Ferrari,Italy,22,12,51,4.636363636363637,3,10,45.45454545454545,False
145,2001,Spanish Grand Prix,Circuit de Barcelona-Catalunya,Spain,22,16,60,5.454545454545454,1,6,27.27272727272727,True
146,2001,Austrian Grand Prix,Red Bull Ring,Austria,22,11,72,6.545454545454546,7,11,50.0,False
147,2001,Monaco Grand Prix,Circuit de Monaco,Monaco,22,10,72,6.545454545454546,2,12,54.54545454545454,False
148,2001,Canadian Grand Prix,Circuit Gilles Villeneuve,Canada,22,11,66,6.0,2,11,50.0,False
149,2001,European Grand Prix,Nürburgring,Germany,22,15,44,4.0,1,7,31.818181818181817,True
150,2001,French Grand Prix,Circuit de Nevers Magny-Cours,France,22,17,51,4.636363636363637,2,5,22.727272727272727,False
151,2001,British Grand Prix,Silverstone Circuit,UK,21,16,54,5.142857142857143,2,5,23.809523809523807,False
152,2001,German Grand Prix,Hockenheimring,Germany,22,10,96,8.727272727272727,2,12,54.54545454545454,False
153,2001,Hungarian Grand Prix,Hungaroring,Hungary,22,12,30,2.727272727272727,1,10,45.45454545454545,True
154,2001,Belgian Grand Prix,Circuit de Spa-Francorchamps,Belgium,22,13,53,4.818181818181818,3,9,40.909090909090914,False
155,2001,Italian Grand Prix,Autodromo Nazionale di Monza,Italy,22,13,66,6.0,1,9,40.909090909090914,True
156,2001,United States Grand Prix,Indianapolis Motor Speedway,USA,22,15,59,5.363636363636363,4,7,31.818181818181817,False
157,2001,Japanese Grand Prix,Suzuka Circuit,Japan,22,17,44,4.0,1,5,22.727272727272727,True
158,2000,Australian Grand Prix,Albert Park Grand Prix Circuit,Australia,22,9,80,7.2727272727272725,3,13,59.09090909090909,False
159,2000,Brazilian Grand Prix,Autódromo José Carlos Pace,Brazil,20,10,61,6.1,3,10,50.0,False
160,2000,San Marino Grand Prix,Autodromo Enzo e Dino Ferrari,Italy,22,15,44,4.0,2,7,31.818181818181817,False
161,2000,British Grand Prix,Silverstone Circuit,UK,22,17,64,5.818181818181818,4,5,22.727272727272727,False
162,2000,Spanish Grand Prix,Circuit de Barcelona-Catalunya,Spain,22,17,48,4.363636363636363,2,5,22.727272727272727,False
163,2000,European Grand Prix,Nürburgring,Germany,21,12,58,5.523809523809524,2,9,42.857142857142854,False
164,2000,Monaco Grand Prix,Circuit de Monaco,Monaco,22,10,67,6.090909090909091,3,12,54.54545454545454,False
165,2000,Canadian Grand Prix,Circuit Gilles Villeneuve,Canada,22,16,56,5.090909090909091,1,6,27.27272727272727,True
166,2000,French Grand Prix,Circuit de Nevers Magny-Cours,France,22,15,40,3.6363636363636362,2,7,31.818181818181817,False
167,2000,Austrian Grand Prix,Red Bull Ring,Austria,22,12,72,6.545454545454546,1,10,45.45454545454545,True
168,2000,German Grand Prix,Hockenheimring,Germany,22,12,72,6.545454545454546,18,10,45.45454545454545,False
169,2000,Hungarian Grand Prix,Hungaroring,Hungary,22,16,36,3.272727272727273,3,6,27.27272727272727,False
170,2000,Belgian Grand Prix,Circuit de Spa-Francorchamps,Belgium,22,17,48,4.363636363636363,1,5,22.727272727272727,True
171,2000,Italian Grand Prix,Autodromo Nazionale di Monza,Italy,22,12,87,7.909090909090909,1,10,45.45454545454545,True
172,2000,United States Grand Prix,Indianapolis Motor Speedway,USA,22,12,69,6.2727272727272725,1,10,45.45454545454545,True
173,2000,Japanese Grand Prix,Suzuka Circuit,Japan,22,15,48,4.363636363636363,1,7,31.818181818181817,True
174,2000,Malaysian Grand Prix,Sepang International Circuit,Malaysia,22,13,42,3.8181818181818183,1,9,40.909090909090914,True
175,1999,Australian Grand Prix,Albert Park Grand Prix Circuit,Australia,22,8,75,6.818181818181818,6,14,63.63636363636363,False
176,1999,Brazilian Grand Prix,Autódromo José Carlos Pace,Brazil,21,9,69,6.571428571428571,1,12,57.14285714285714,True
177,1999,San Marino Grand Prix,Autodromo Enzo e Dino Ferrari,Italy,22,11,74,6.7272727272727275,3,11,50.0,False
178,1999,Monaco Grand Prix,Circuit de Monaco,Monaco,22,9,40,3.6363636363636362,2,13,59.09090909090909,False
179,1999,Spanish Grand Prix,Circuit de Barcelona-Catalunya,Spain,22,12,59,5.363636363636363,1,10,45.45454545454545,True
180,1999,Canadian Grand Prix,Circuit Gilles Villeneuve,Canada,22,11,75,6.818181818181818,2,11,50.0,False
181,1999,French Grand Prix,Circuit de Nevers Magny-Cours,France,22,11,70,6.363636363636363,5,11,50.0,False
182,1999,British Grand Prix,Silverstone Circuit,UK,22,16,55,5.0,3,6,27.27272727272727,False
183,1999,Austrian Grand Prix,Red Bull Ring,Austria,22,15,54,4.909090909090909,3,7,31.818181818181817,False
184,1999,German Grand Prix,Hockenheimring,Germany,22,11,71,6.454545454545454,5,11,50.0,False
185,1999,Hungarian Grand Prix,Hungaroring,Hungary,22,17,47,4.2727272727272725,1,5,22.727272727272727,True
186,1999,Belgian Grand Prix,Circuit de Spa-Francorchamps,Belgium,22,16,31,2.8181818181818183,2,6,27.27272727272727,False
187,1999,Italian Grand Prix,Autodromo Nazionale di Monza,Italy,22,11,40,3.6363636363636362,2,11,50.0,False
188,1999,European Grand Prix,Nürburgring,Germany,22,10,82,7.454545454545454,14,12,54.54545454545454,False
189,1999,Malaysian Grand Prix,Sepang International Circuit,Malaysia,22,11,56,5.090909090909091,2,11,50.0,False
190,1999,Japanese Grand Prix,Suzuka Circuit,Japan,22,14,56,5.454545454545454,2,8,36.36363636363637,False
191,1998,Australian Grand Prix,Albert Park Grand Prix Circuit,Australia,22,9,47,4.2727272727272725,1,13,59.09090909090909,True
192,1998,Brazilian Grand Prix,Autódromo José Carlos Pace,Brazil,22,11,36,3.272727272727273,1,11,50.0,True
193,1998,Argentine Grand Prix,Autódromo Juan y Oscar Gálvez,Argentina,22,15,45,4.090909090909091,2,7,31.818181818181817,False
194,1998,San Marino Grand Prix,Autodromo Enzo e Dino Ferrari,Italy,22,11,55,5.0,1,11,50.0,True
195,1998,Spanish Grand Prix,Circuit de Barcelona-Catalunya,Spain,21,16,49,4.666666666666667,1,5,23.809523809523807,True
196,1998,Monaco Grand Prix,Circuit de Monaco,Monaco,21,12,56,5.333333333333333,1,9,42.857142857142854,True
197,1998,Canadian Grand Prix,Circuit Gilles Villeneuve,Canada,22,10,85,7.7272727272727275,3,12,54.54545454545454,False
198,1998,French Grand Prix,Circuit de Nevers Magny-Cours,France,22,17,47,4.2727272727272725,2,5,22.727272727272727,False
199,1998,British Grand Prix,Silverstone Circuit,UK,22,9,67,6.090909090909091,2,13,59.09090909090909,False
200,1998,Austrian Grand Prix,Red Bull Ring,Austria,22,12,85,7.7272727272727275,3,10,45.45454545454545,False
201,1998,German Grand Prix,Hockenheimring,Germany,21,16,23,2.1904761904761907,1,5,23.809523809523807,True
202,1998,Hungarian Grand Prix,Hungaroring,Hungary,21,15,38,3.619047619047619,3,6,28.57142857142857,False
203,1998,Belgian Grand Prix,Circuit de Spa-Francorchamps,Belgium,22,8,68,6.181818181818182,3,14,63.63636363636363,False
204,1998,Italian Grand Prix,Autodromo Nazionale di Monza,Italy,22,13,59,5.363636363636363,1,9,40.909090909090914,True
205,1998,Luxembourg Grand Prix,Nürburgring,Germany,22,16,35,3.1818181818181817,3,6,27.27272727272727,False
206,1998,Japanese Grand Prix,Suzuka Circuit,Japan,21,12,34,3.238095238095238,2,9,42.857142857142854,False
207,1997,Australian Grand Prix,Albert Park Grand Prix Circuit,Australia,24,10,69,5.75,4,14,58.333333333333336,False
208,1997,Brazilian Grand Prix,Autódromo José Carlos Pace,Brazil,22,18,40,3.6363636363636362,1,4,18.181818181818183,True
209,1997,Argentine Grand Prix,Autódromo Juan y Oscar Gálvez,Argentina,22,10,87,7.909090909090909,1,12,54.54545454545454,True
210,1997,San Marino Grand Prix,Autodromo Enzo e Dino Ferrari,Italy,22,11,63,5.7272727272727275,2,11,50.0,False
211,1997,Monaco Grand Prix,Circuit de Monaco,Monaco,22,10,91,8.272727272727273,2,12,54.54545454545454,False
212,1997,Spanish Grand Prix,Circuit de Barcelona-Catalunya,Spain,22,15,44,4.0,1,7,31.818181818181817,True
213,1997,Canadian Grand Prix,Circuit Gilles Villeneuve,Canada,22,11,66,6.0,1,11,50.0,True
214,1997,French Grand Prix,Circuit de Nevers Magny-Cours,France,22,12,41,3.727272727272727,1,10,45.45454545454545,True
215,1997,British Grand Prix,Silverstone Circuit,UK,22,11,64,5.818181818181818,1,11,50.0,True
216,1997,German Grand Prix,Hockenheimring,Germany,22,11,57,5.181818181818182,1,11,50.0,True
217,1997,Hungarian Grand Prix,Hungaroring,Hungary,22,13,67,6.090909090909091,2,9,40.909090909090914,False
218,1997,Belgian Grand Prix,Circuit de Spa-Francorchamps,Belgium,22,15,62,5.636363636363637,3,7,31.818181818181817,False
219,1997,Italian Grand Prix,Autodromo Nazionale di Monza,Italy,22,14,35,3.1818181818181817,6,8,36.36363636363637,False
220,1997,Austrian Grand Prix,Red Bull Ring,Austria,21,14,67,6.380952380952381,1,7,33.33333333333333,True
221,1997,Luxembourg Grand Prix,Nürburgring,Germany,22,10,73,6.636363636363637,2,12,54.54545454545454,False
222,1997,Japanese Grand Prix,Suzuka Circuit,Japan,21,13,45,4.095238095238095,2,8,38.095238095238095,False
223,1997,European Grand Prix,Circuito de Jerez,Spain,22,17,61,5.545454545454546,5,5,22.727272727272727,False
224,1996,Australian Grand Prix,Albert Park Grand Prix Circuit,Australia,22,11,43,3.909090909090909,2,11,50.0,False
225,1996,Brazilian Grand Prix,Autódromo José Carlos Pace,Brazil,22,12,63,5.7272727272727275,1,10,45.45454545454545,True
226,1996,Argentine Grand Prix,Autódromo Juan y Oscar Gálvez,Argentina,22,10,44,4.0,1,12,54.54545454545454,True
227,1996,European Grand Prix,Nürburgring,Germany,22,13,45,4.090909090909091,2,9,40.909090909090914,False
228,1996,San Marino Grand Prix,Autodromo Enzo e Dino Ferrari,Italy,22,11,53,4.818181818181818,2,11,50.0,False
229,1996,Monaco Grand Prix,Circuit de Monaco,Monaco,22,7,64,5.818181818181818,14,15,68.18181818181817,False
230,1996,Spanish Grand Prix,Circuit de Barcelona-Catalunya,Spain,22,6,42,3.8181818181818183,3,16,72.72727272727273,False
231,1996,Canadian Grand Prix,Circuit Gilles Villeneuve,Canada,22,8,56,5.090909090909091,1,14,63.63636363636363,True
232,1996,French Grand Prix,Circuit de Nevers Magny-Cours,France,22,12,36,3.272727272727273,2,10,45.45454545454545,False
233,1996,British Grand Prix,Silverstone Circuit,UK,22,11,53,4.818181818181818,2,11,50.0,False
234,1996,German Grand Prix,Hockenheimring,Germany,19,13,41,4.315789473684211,1,6,31.57894736842105,True
235,1996,Hungarian Grand Prix,Hungaroring,Hungary,20,10,51,5.1,3,10,50.0,False
236,1996,Belgian Grand Prix,Circuit de Spa-Francorchamps,Belgium,19,10,41,4.315789473684211,3,9,47.368421052631575,False
237,1996,Italian Grand Prix,Autodromo Nazionale di Monza,Italy,20,10,60,6.0,3,10,50.0,False
238,1996,Portuguese Grand Prix,Autódromo do Estoril,Portugal,20,16,32,3.2,2,4,20.0,False
239,1996,Japanese Grand Prix,Suzuka Circuit,Japan,20,13,38,3.8,2,7,35.0,False
240,1995,Brazilian Grand Prix,Autódromo José Carlos Pace,Brazil,26,10,89,6.846153846153846,2,16,61.53846153846154,False
241,1995,Argentine Grand Prix,Autódromo Juan y Oscar Gálvez,Argentina,26,9,93,7.153846153846154,2,17,65.38461538461539,False
242,1995,San Marino Grand Prix,Autodromo Enzo e Dino Ferrari,Italy,26,14,69,5.3076923076923075,4,12,46.15384615384615,False
243,1995,Spanish Grand Prix,Circuit de Barcelona-Catalunya,Spain,26,15,62,4.769230769230769,1,11,42.30769230769231,True
244,1995,Monaco Grand Prix,Circuit de Monaco,Monaco,26,10,85,6.538461538461538,2,16,61.53846153846154,False
245,1995,Canadian Grand Prix,Circuit Gilles Villeneuve,Canada,24,11,89,7.416666666666667,5,13,54.166666666666664,False
246,1995,French Grand Prix,Circuit de Nevers Magny-Cours,France,24,16,34,2.8333333333333335,2,8,33.33333333333333,False
247,1995,British Grand Prix,Silverstone Circuit,UK,24,12,91,7.583333333333333,5,12,50.0,False
248,1995,German Grand Prix,Hockenheimring,Germany,24,9,78,6.5,2,15,62.5,False
249,1995,Hungarian Grand Prix,Hungaroring,Hungary,24,12,59,4.916666666666667,1,12,50.0,True
250,1995,Belgian Grand Prix,Circuit de Spa-Francorchamps,Belgium,24,14,91,7.583333333333333,16,10,41.66666666666667,False
251,1995,Italian Grand Prix,Autodromo Nazionale di Monza,Italy,24,10,90,7.5,8,14,58.333333333333336,False
252,1995,Portuguese Grand Prix,Autódromo do Estoril,Portugal,24,17,38,3.1666666666666665,1,7,29.166666666666668,True
253,1995,European Grand Prix,Nürburgring,Germany,24,15,74,6.166666666666667,3,9,37.5,False
254,1995,Pacific Grand Prix,Okayama International Circuit,Japan,24,17,32,2.6666666666666665,3,7,29.166666666666668,False
255,1995,Japanese Grand Prix,Suzuka Circuit,Japan,23,12,70,6.086956521739131,1,11,47.82608695652174,True
256,1995,Australian Grand Prix,Adelaide Street Circuit,Australia,24,8,85,7.083333333333333,1,16,66.66666666666666,True
257,1994,Brazilian Grand Prix,Autódromo José Carlos Pace,Brazil,28,12,88,6.285714285714286,2,16,57.14285714285714,False
258,1994,Pacific Grand Prix,Okayama International Circuit,Japan,26,11,110,8.461538461538462,2,15,57.692307692307686,False
259,1994,San Marino Grand Prix,Autodromo Enzo e Dino Ferrari,Italy,25,13,76,6.08,2,12,48.0,False
260,1994,Monaco Grand Prix,Circuit de Monaco,Monaco,24,11,96,8.0,1,13,54.166666666666664,True
261,1994,Spanish Grand Prix,Circuit de Barcelona-Catalunya,Spain,26,11,104,8.0,2,15,57.692307692307686,False
262,1994,Canadian Grand Prix,Circuit Gilles Villeneuve,Canada,26,15,88,6.769230769230769,1,11,42.30769230769231,True
263,1994,French Grand Prix,Circuit de Nevers Magny-Cours,France,26,11,94,7.230769230769231,3,15,57.692307692307686,False
264,1994,British Grand Prix,Silverstone Circuit,UK,26,16,87,6.6923076923076925,1,10,38.46153846153847,True
265,1994,German Grand Prix,Hockenheimring,Germany,26,8,116,8.923076923076923,1,18,69.23076923076923,True
266,1994,Hungarian Grand Prix,Hungaroring,Hungary,26,14,101,7.769230769230769,1,12,46.15384615384615,True
267,1994,Belgian Grand Prix,Circuit de Spa-Francorchamps,Belgium,26,13,100,7.6923076923076925,3,13,50.0,False
268,1994,Italian Grand Prix,Autodromo Nazionale di Monza,Italy,26,10,103,7.923076923076923,3,16,61.53846153846154,False
269,1994,Portuguese Grand Prix,Autódromo do Estoril,Portugal,26,16,92,7.076923076923077,2,10,38.46153846153847,False
270,1994,European Grand Prix,Circuito de Jerez,Spain,26,19,58,4.461538461538462,1,7,26.923076923076923,True
271,1994,Japanese Grand Prix,Suzuka Circuit,Japan,26,13,72,5.538461538461538,2,13,50.0,False
272,1994,Australian Grand Prix,Adelaide Street Circuit,Australia,26,12,95,7.3076923076923075,1,14,53.84615384615385,True
273,1993,South African Grand Prix,Kyalami,South Africa,26,7,81,6.384615384615385,1,19,73.07692307692307,True
274,1993,Brazilian Grand Prix,Autódromo José Carlos Pace,Brazil,26,12,84,6.461538461538462,3,14,53.84615384615385,False
275,1993,European Grand Prix,Donington Park,UK,25,11,94,7.52,4,14,56.00000000000001,False
276,1993,San Marino Grand Prix,Autodromo Enzo e Dino Ferrari,Italy,25,9,105,8.4,1,16,64.0,True
277,1993,Spanish Grand Prix,Circuit de Barcelona-Catalunya,Spain,25,14,76,6.08,1,11,44.0,True
278,1993,Monaco Grand Prix,Circuit de Monaco,Monaco,25,14,75,6.0,3,11,44.0,False
279,1993,Canadian Grand Prix,Circuit Gilles Villeneuve,Canada,25,18,78,6.24,1,7,28.000000000000004,True
280,1993,French Grand Prix,Circuit de Nevers Magny-Cours,France,25,16,62,4.84,2,9,36.0,False
281,1993,British Grand Prix,Silverstone Circuit,UK,25,14,72,5.76,1,11,44.0,True
282,1993,German Grand Prix,Hockenheimring,Germany,26,17,71,5.461538461538462,1,9,34.61538461538461,True
283,1993,Hungarian Grand Prix,Hungaroring,Hungary,26,12,113,8.692307692307692,2,14,53.84615384615385,False
284,1993,Belgian Grand Prix,Circuit de Spa-Francorchamps,Belgium,26,15,71,5.5,2,11,42.30769230769231,False
285,1993,Italian Grand Prix,Autodromo Nazionale di Monza,Italy,26,14,120,9.23076923076923,2,12,46.15384615384615,False
286,1993,Portuguese Grand Prix,Autódromo do Estoril,Portugal,26,16,96,7.384615384615385,6,10,38.46153846153847,False
287,1993,Japanese Grand Prix,Suzuka Circuit,Japan,24,14,74,6.166666666666667,2,10,41.66666666666667,False
288,1993,Australian Grand Prix,Adelaide Street Circuit,Australia,24,15,50,4.166666666666667,1,9,37.5,True
289,1992,South African Grand Prix,Kyalami,South Africa,26,13,91,7.0,1,13,50.0,True
290,1992,Mexican Grand Prix,Autódromo Hermanos Rodríguez,Mexico,26,13,88,6.769230769230769,1,13,50.0,True
291,1992,Brazilian Grand Prix,Autódromo José Carlos Pace,Brazil,26,10,103,7.923076923076923,1,16,61.53846153846154,True
292,1992,Spanish Grand Prix,Circuit de Barcelona-Catalunya,Spain,26,12,87,6.6923076923076925,1,14,53.84615384615385,True
293,1992,San Marino Grand Prix,Autodromo Enzo e Dino Ferrari,Italy,26,14,63,4.923076923076923,1,12,46.15384615384615,True
294,1992,Monaco Grand Prix,Circuit de Monaco,Monaco,26,12,82,6.3076923076923075,3,14,53.84615384615385,False
295,1992,Canadian Grand Prix,Circuit Gilles Villeneuve,Canada,26,14,119,9.153846153846153,4,12,46.15384615384615,False
296,1992,French Grand Prix,Circuit de Nevers Magny-Cours,France,26,11,88,6.769230769230769,1,15,57.692307692307686,True
297,1992,British Grand Prix,Silverstone Circuit,UK,26,17,71,5.461538461538462,1,9,34.61538461538461,True
298,1992,German Grand Prix,Hockenheimring,Germany,26,16,83,6.384615384615385,1,10,38.46153846153847,True
299,1992,Hungarian Grand Prix,Hungaroring,Hungary,26,11,91,7.0,3,15,57.692307692307686,False
300,1992,Belgian Grand Prix,Circuit de Spa-Francorchamps,Belgium,26,18,91,7.0,3,8,30.76923076923077,False
301,1992,Italian Grand Prix,Autodromo Nazionale di Monza,Italy,26,11,98,7.538461538461538,2,15,57.692307692307686,False
302,1992,Portuguese Grand Prix,Autódromo do Estoril,Portugal,26,14,80,6.153846153846154,1,12,46.15384615384615,True
303,1992,Japanese Grand Prix,Suzuka Circuit,Japan,26,15,112,8.615384615384615,2,11,42.30769230769231,False
304,1992,Australian Grand Prix,Adelaide Street Circuit,Australia,26,13,118,9.076923076923077,4,13,50.0,False
305,1991,United States Grand Prix,Phoenix street circuit,USA,26,13,88,6.769230769230769,1,13,50.0,True
306,1991,Brazilian Grand Prix,Autódromo José Carlos Pace,Brazil,26,13,81,6.230769230769231,1,13,50.0,True
307,1991,San Marino Grand Prix,Autodromo Enzo e Dino Ferrari,Italy,26,13,129,9.884615384615385,1,13,50.0,True
308,1991,Monaco Grand Prix,Circuit de Monaco,Monaco,26,12,96,7.384615384615385,1,14,53.84615384615385,True
309,1991,Canadian Grand Prix,Circuit Gilles Villeneuve,Canada,26,10,98,7.538461538461538,8,16,61.53846153846154,False
310,1991,Mexican Grand Prix,Autódromo Hermanos Rodríguez,Mexico,26,12,86,6.615384615384615,1,14,53.84615384615385,True
311,1991,French Grand Prix,Circuit de Nevers Magny-Cours,France,26,12,67,5.153846153846154,4,14,53.84615384615385,False
312,1991,British Grand Prix,Silverstone Circuit,UK,26,14,91,7.0,1,12,46.15384615384615,True
313,1991,German Grand Prix,Hockenheimring,Germany,26,13,56,4.3076923076923075,1,13,50.0,True
314,1991,Hungarian Grand Prix,Hungaroring,Hungary,26,17,80,6.153846153846154,1,9,34.61538461538461,True
315,1991,Belgian Grand Prix,Circuit de Spa-Francorchamps,Belgium,26,13,101,7.769230769230769,1,13,50.0,True
316,1991,Italian Grand Prix,Autodromo Nazionale di Monza,Italy,26,16,82,6.3076923076923075,2,10,38.46153846153847,False
317,1991,Portuguese Grand Prix,Autódromo do Estoril,Portugal,26,17,88,6.769230769230769,1,9,34.61538461538461,True
318,1991,Spanish Grand Prix,Circuit de Barcelona-Catalunya,Spain,26,17,62,4.769230769230769,2,9,34.61538461538461,False
319,1991,Japanese Grand Prix,Suzuka Circuit,Japan,26,11,98,7.538461538461538,1,15,57.692307692307686,True
320,1991,Australian Grand Prix,Adelaide Street Circuit,Australia,26,20,59,4.538461538461538,1,6,23.076923076923077,True
321,1990,United States Grand Prix,Phoenix street circuit,USA,26,14,87,6.6923076923076925,5,12,46.15384615384615,False
322,1990,Brazilian Grand Prix,Autódromo José Carlos Pace,Brazil,26,14,62,4.769230769230769,6,12,46.15384615384615,False
323,1990,San Marino Grand Prix,Autodromo Enzo e Dino Ferrari,Italy,26,13,80,6.153846153846154,3,13,50.0,False
324,1990,Monaco Grand Prix,Circuit de Monaco,Monaco,26,7,105,8.076923076923077,1,19,73.07692307692307,True
325,1990,Canadian Grand Prix,Circuit Gilles Villeneuve,Canada,26,13,91,7.0,1,13,50.0,True
326,1990,Mexican Grand Prix,Autódromo Hermanos Rodríguez,Mexico,26,20,64,4.923076923076923,13,6,23.076923076923077,False
327,1990,French Grand Prix,Circuit Paul Ricard,France,26,18,78,6.0,4,8,30.76923076923077,False
328,1990,British Grand Prix,Silverstone Circuit,UK,26,14,92,7.076923076923077,5,12,46.15384615384615,False
329,1990,German Grand Prix,Hockenheimring,Germany,26,11,60,4.615384615384615,1,15,57.692307692307686,True
330,1990,Hungarian Grand Prix,Hungaroring,Hungary,26,17,110,8.461538461538462,1,9,34.61538461538461,True
331,1990,Belgian Grand Prix,Circuit de Spa-Francorchamps,Belgium,26,17,87,6.6923076923076925,1,9,34.61538461538461,True
332,1990,Italian Grand Prix,Autodromo Nazionale di Monza,Italy,26,13,90,6.923076923076923,1,13,50.0,True
333,1990,Portuguese Grand Prix,Autódromo do Estoril,Portugal,25,15,52,4.16,1,10,40.0,True
334,1990,Spanish Grand Prix,Circuito de Jerez,Spain,25,10,80,6.4,2,15,60.0,False
335,1990,Japanese Grand Prix,Suzuka Circuit,Japan,26,10,96,7.6923076923076925,6,16,61.53846153846154,False
336,1990,Australian Grand Prix,Adelaide Street Circuit,Australia,26,13,56,4.3076923076923075,7,13,50.0,False
337,2010,Bahrain Grand Prix,Bahrain International Circuit,Bahrain,24,17,27,2.25,3,7,29.166666666666668,False
338,2010,Australian Grand Prix,Albert Park Grand Prix Circuit,Australia,24,14,63,5.25,4,10,41.66666666666667,False
339,2010,Malaysian Grand Prix,Sepang International Circuit,Malaysia,24,17,79,6.583333333333333,3,7,29.166666666666668,False
340,2010,Chinese Grand Prix,Shanghai International Circuit,China,24,17,46,3.8333333333333335,5,7,29.166666666666668,False
341,2010,Spanish Grand Prix,Circuit de Barcelona-Catalunya,Spain,24,19,45,3.75,1,5,20.833333333333336,True
342,2010,Monaco Grand Prix,Circuit de Monaco,Monaco,24,15,55,4.583333333333333,1,9,37.5,True
343,2010,Turkish Grand Prix,Istanbul Park,Turkey,24,20,37,3.0833333333333335,2,4,16.666666666666664,False
344,2010,Canadian Grand Prix,Circuit Gilles Villeneuve,Canada,24,19,36,3.0,1,5,20.833333333333336,True
345,2010,European Grand Prix,Valencia Street Circuit,Spain,24,21,57,4.75,1,3,12.5,True
346,2010,British Grand Prix,Silverstone Circuit,UK,24,20,61,5.083333333333333,2,4,16.666666666666664,False
347,2010,German Grand Prix,Hockenheimring,Germany,24,19,27,2.25,2,5,20.833333333333336,False
348,2010,Hungarian Grand Prix,Hungaroring,Hungary,24,19,63,5.25,2,5,20.833333333333336,False
349,2010,Belgian Grand Prix,Circuit de Spa-Francorchamps,Belgium,24,20,77,6.416666666666667,2,4,16.666666666666664,False
350,2010,Italian Grand Prix,Autodromo Nazionale di Monza,Italy,24,20,40,3.3333333333333335,1,4,16.666666666666664,True
351,2010,Singapore Grand Prix,Marina Bay Street Circuit,Singapore,24,16,47,3.9166666666666665,1,8,33.33333333333333,True
352,2010,Japanese Grand Prix,Suzuka Circuit,Japan,24,16,70,5.833333333333333,1,8,33.33333333333333,True
353,2010,Korean Grand Prix,Korean International Circuit,Korea,24,15,71,5.916666666666667,3,9,37.5,False
354,2010,Brazilian Grand Prix,Autódromo José Carlos Pace,Brazil,24,22,45,3.75,2,2,8.333333333333332,False
355,2010,Abu Dhabi Grand Prix,Yas Marina Circuit,UAE,24,21,45,3.75,1,3,12.5,True
356,1989,Brazilian Grand Prix,Autódromo Internacional Nelson Piquet,Brazil,26,15,113,8.692307692307692,6,11,42.30769230769231,False
357,1989,San Marino Grand Prix,Autodromo Enzo e Dino Ferrari,Italy,26,12,98,7.538461538461538,1,14,53.84615384615385,True
358,1989,Monaco Grand Prix,Circuit de Monaco,Monaco,26,15,98,7.538461538461538,1,11,42.30769230769231,True
359,1989,Mexican Grand Prix,Autódromo Hermanos Rodríguez,Mexico,26,15,110,8.461538461538462,1,11,42.30769230769231,True
360,1989,United States Grand Prix,Phoenix street circuit,USA,26,9,138,10.615384615384615,2,17,65.38461538461539,False
361,1989,Canadian Grand Prix,Circuit Gilles Villeneuve,Canada,26,8,111,8.538461538461538,6,18,69.23076923076923,False
362,1989,French Grand Prix,Circuit Paul Ricard,France,26,13,102,7.846153846153846,1,13,50.0,True
363,1989,British Grand Prix,Silverstone Circuit,UK,26,12,97,7.461538461538462,2,14,53.84615384615385,False
364,1989,German Grand Prix,Hockenheimring,Germany,26,12,80,6.153846153846154,1,14,53.84615384615385,True
365,1989,Hungarian Grand Prix,Hungaroring,Hungary,26,13,84,6.461538461538462,12,13,50.0,False
366,1989,Belgian Grand Prix,Circuit de Spa-Francorchamps,Belgium,26,16,84,6.461538461538462,1,10,38.46153846153847,True
367,1989,Italian Grand Prix,Autodromo Nazionale di Monza,Italy,26,11,95,7.3076923076923075,4,15,57.692307692307686,False
368,1989,Portuguese Grand Prix,Autódromo do Estoril,Portugal,26,14,91,7.0,2,12,46.15384615384615,False
369,1989,Spanish Grand Prix,Circuito de Jerez,Spain,26,10,73,5.615384615384615,1,16,61.53846153846154,True
370,1989,Japanese Grand Prix,Suzuka Circuit,Japan,26,10,98,7.538461538461538,6,16,61.53846153846154,False
371,1989,Australian Grand Prix,Adelaide Street Circuit,Australia,26,8,103,7.923076923076923,5,18,69.23076923076923,False
372,1988,Brazilian Grand Prix,Autódromo Internacional Nelson Piquet,Brazil,26,9,84,6.461538461538462,3,17,65.38461538461539,False
373,1988,San Marino Grand Prix,Autodromo Enzo e Dino Ferrari,Italy,26,18,60,4.615384615384615,1,8,30.76923076923077,True
374,1988,Monaco Grand Prix,Circuit de Monaco,Monaco,26,10,81,6.230769230769231,2,16,61.53846153846154,False
375,1988,Mexican Grand Prix,Autódromo Hermanos Rodríguez,Mexico,26,16,82,6.3076923076923075,2,10,38.46153846153847,False
376,1988,Canadian Grand Prix,Circuit Gilles Villeneuve,Canada,26,14,95,7.3076923076923075,1,12,46.15384615384615,True
377,1988,Detroit Grand Prix,Detroit Street Circuit,USA,26,9,115,8.846153846153847,1,17,65.38461538461539,True
378,1988,French Grand Prix,Circuit Paul Ricard,France,26,15,65,5.0,1,11,42.30769230769231,True
379,1988,British Grand Prix,Silverstone Circuit,UK,26,19,97,7.461538461538462,3,7,26.923076923076923,False
380,1988,German Grand Prix,Hockenheimring,Germany,26,19,67,5.153846153846154,1,7,26.923076923076923,True
381,1988,Hungarian Grand Prix,Hungaroring,Hungary,26,13,80,6.153846153846154,1,13,50.0,True
382,1988,Belgian Grand Prix,Circuit de Spa-Francorchamps,Belgium,26,13,97,7.461538461538462,1,13,50.0,True
383,1988,Italian Grand Prix,Autodromo Nazionale di Monza,Italy,26,13,77,5.923076923076923,3,13,50.0,False
384,1988,Portuguese Grand Prix,Autódromo do Estoril,Portugal,26,12,100,7.6923076923076925,1,14,53.84615384615385,True
385,1988,Spanish Grand Prix,Circuito de Jerez,Spain,26,14,70,5.384615384615385,2,12,46.15384615384615,False
386,1988,Japanese Grand Prix,Suzuka Circuit,Japan,26,17,83,6.384615384615385,1,9,34.61538461538461,True
387,1988,Australian Grand Prix,Adelaide Street Circuit,Australia,26,11,81,6.230769230769231,2,15,57.692307692307686,False
388,1987,Brazilian Grand Prix,Autódromo Internacional Nelson Piquet,Brazil,23,12,60,5.217391304347826,5,11,47.82608695652174,False
389,1987,San Marino Grand Prix,Autodromo Enzo e Dino Ferrari,Italy,25,13,85,6.8,2,12,48.0,False
390,1987,Belgian Grand Prix,Circuit de Spa-Francorchamps,Belgium,26,10,122,9.384615384615385,6,16,61.53846153846154,False
391,1987,Monaco Grand Prix,Circuit de Monaco,Monaco,24,13,81,6.75,2,11,45.83333333333333,False
392,1987,Detroit Grand Prix,Detroit Street Circuit,USA,26,12,65,5.0,2,14,53.84615384615385,False
393,1987,French Grand Prix,Circuit Paul Ricard,France,26,9,84,6.461538461538462,1,17,65.38461538461539,True
394,1987,British Grand Prix,Silverstone Circuit,UK,26,9,75,6.038461538461538,2,17,65.38461538461539,False
395,1987,German Grand Prix,Hockenheimring,Germany,26,7,107,8.23076923076923,4,19,73.07692307692307,False
396,1987,Hungarian Grand Prix,Hungaroring,Hungary,26,14,92,7.076923076923077,3,12,46.15384615384615,False
397,1987,Austrian Grand Prix,Red Bull Ring,Austria,26,14,86,6.615384615384615,2,12,46.15384615384615,False
398,1987,Italian Grand Prix,Autodromo Nazionale di Monza,Italy,26,16,79,6.076923076923077,1,10,38.46153846153847,True
399,1987,Portuguese Grand Prix,Autódromo do Estoril,Portugal,26,14,76,5.846153846153846,3,12,46.15384615384615,False
400,1987,Spanish Grand Prix,Circuito de Jerez,Spain,26,16,77,5.923076923076923,2,10,38.46153846153847,False
401,1987,Mexican Grand Prix,Autódromo Hermanos Rodríguez,Mexico,26,9,119,9.115384615384615,1,17,65.38461538461539,True
402,1987,Japanese Grand Prix,Suzuka Circuit,Japan,26,15,80,6.153846153846154,1,11,42.30769230769231,True
403,1987,Australian Grand Prix,Adelaide Street Circuit,Australia,27,9,97,7.185185185185185,1,18,66.66666666666666,True
404,1986,Brazilian Grand Prix,Autódromo Internacional Nelson Piquet,Brazil,25,10,71,5.68,2,15,60.0,False
405,1986,Spanish Grand Prix,Circuito de Jerez,Spain,25,8,55,4.4,1,17,68.0,True
406,1986,San Marino Grand Prix,Autodromo Enzo e Dino Ferrari,Italy,26,10,86,6.615384615384615,4,16,61.53846153846154,False
407,1986,Monaco Grand Prix,Circuit de Monaco,Monaco,20,12,49,4.9,1,8,40.0,True
408,1986,Belgian Grand Prix,Circuit de Spa-Francorchamps,Belgium,25,13,88,7.04,5,12,48.0,False
409,1986,Canadian Grand Prix,Circuit Gilles Villeneuve,Canada,25,12,57,4.56,1,13,52.0,True
410,1986,Detroit Grand Prix,Detroit Street Circuit,USA,26,10,74,5.6923076923076925,1,16,61.53846153846154,True
411,1986,French Grand Prix,Circuit Paul Ricard,France,26,11,73,5.615384615384615,2,15,57.692307692307686,False
412,1986,British Grand Prix,Brands Hatch,UK,26,9,68,5.230769230769231,2,17,65.38461538461539,False
413,1986,German Grand Prix,Hockenheimring,Germany,26,12,79,6.076923076923077,5,14,53.84615384615385,False
414,1986,Hungarian Grand Prix,Hungaroring,Hungary,26,10,55,4.230769230769231,2,16,61.53846153846154,False
415,1986,Austrian Grand Prix,Red Bull Ring,Austria,26,11,103,7.923076923076923,5,15,57.692307692307686,False
416,1986,Italian Grand Prix,Autodromo Nazionale di Monza,Italy,27,10,110,8.148148148148149,6,17,62.96296296296296,False
417,1986,Portuguese Grand Prix,Autódromo do Estoril,Portugal,27,13,72,5.333333333333333,2,14,51.85185185185185,False
418,1986,Mexican Grand Prix,Autódromo Hermanos Rodríguez,Mexico,25,16,88,6.92,4,9,36.0,False
419,1986,Australian Grand Prix,Adelaide Street Circuit,Australia,26,10,91,7.0,4,16,61.53846153846154,False
420,1985,Brazilian Grand Prix,Autódromo Internacional Nelson Piquet,Brazil,25,13,92,7.36,6,12,48.0,False
421,1985,Portuguese Grand Prix,Autódromo do Estoril,Portugal,26,9,78,5.8076923076923075,1,17,65.38461538461539,True
422,1985,San Marino Grand Prix,Autodromo Enzo e Dino Ferrari,Italy,26,10,77,5.615384615384615,3,16,61.53846153846154,False
423,1985,Monaco Grand Prix,Circuit de Monaco,Monaco,20,11,53,5.3,5,9,45.0,False
424,1985,Canadian Grand Prix,Circuit Gilles Villeneuve,Canada,25,17,76,6.08,3,8,32.0,False
425,1985,Detroit Grand Prix,Detroit Street Circuit,USA,25,12,90,7.2,5,13,52.0,False
426,1985,French Grand Prix,Circuit Paul Ricard,France,26,15,97,7.461538461538462,5,11,42.30769230769231,False
427,1985,British Grand Prix,Silverstone Circuit,UK,26,11,97,7.461538461538462,3,15,57.692307692307686,False
428,1985,German Grand Prix,Nürburgring,Germany,27,12,110,8.148148148148149,8,15,55.55555555555556,False
429,1985,Austrian Grand Prix,Red Bull Ring,Austria,26,10,99,7.730769230769231,1,16,61.53846153846154,True
430,1985,Dutch Grand Prix,Circuit Park Zandvoort,Netherlands,26,10,88,6.769230769230769,10,16,61.53846153846154,False
431,1985,Italian Grand Prix,Autodromo Nazionale di Monza,Italy,25,13,63,5.08,5,12,48.0,False
432,1985,Belgian Grand Prix,Circuit de Spa-Francorchamps,Belgium,24,13,74,6.041666666666667,2,11,45.83333333333333,False
433,1985,European Grand Prix,Brands Hatch,UK,26,13,75,5.461538461538462,3,13,50.0,False
434,1985,South African Grand Prix,Kyalami,South Africa,21,7,63,6.0,1,14,66.66666666666666,True
435,1985,Australian Grand Prix,Adelaide Street Circuit,Australia,25,8,117,9.36,3,17,68.0,False
436,1984,Brazilian Grand Prix,Autódromo Internacional Nelson Piquet,Brazil,26,8,90,6.923076923076923,4,18,69.23076923076923,False
437,1984,South African Grand Prix,Kyalami,South Africa,26,12,114,8.76923076923077,8,14,53.84615384615385,False
438,1984,Belgian Grand Prix,Zolder,Belgium,26,10,90,6.923076923076923,1,16,61.53846153846154,True
439,1984,San Marino Grand Prix,Autodromo Enzo e Dino Ferrari,Italy,26,9,116,8.923076923076923,2,17,65.38461538461539,False
440,1984,French Grand Prix,Dijon-Prenois,France,26,13,90,6.923076923076923,9,13,50.0,False
441,1984,Monaco Grand Prix,Circuit de Monaco,Monaco,20,8,61,6.1,1,12,60.0,True
442,1984,Canadian Grand Prix,Circuit Gilles Villeneuve,Canada,26,11,76,5.846153846153846,1,15,57.692307692307686,True
443,1984,Detroit Grand Prix,Detroit Street Circuit,USA,26,5,78,6.0,1,21,80.76923076923077,True
444,1984,Dallas Grand Prix,Fair Park,USA,25,8,82,6.56,8,17,68.0,False
445,1984,British Grand Prix,Brands Hatch,UK,27,12,83,6.148148148148148,3,15,55.55555555555556,False
446,1984,German Grand Prix,Hockenheimring,Germany,26,9,95,7.3076923076923075,1,17,65.38461538461539,True
447,1984,Austrian Grand Prix,Red Bull Ring,Austria,25,12,109,8.24,4,13,52.0,False
448,1984,Dutch Grand Prix,Circuit Park Zandvoort,Netherlands,27,13,111,8.407407407407407,1,14,51.85185185185185,True
449,1984,Italian Grand Prix,Autodromo Nazionale di Monza,Italy,26,10,119,9.153846153846153,4,16,61.53846153846154,False
450,1984,European Grand Prix,Nürburgring,Germany,26,11,85,6.538461538461538,2,15,57.692307692307686,False
451,1984,Portuguese Grand Prix,Autódromo do Estoril,Portugal,27,17,77,5.703703703703703,2,10,37.03703703703704,False
452,1983,Brazilian Grand Prix,Autódromo Internacional Nelson Piquet,Brazil,26,14,108,8.307692307692308,4,12,46.15384615384615,False
453,1983,United States Grand Prix West,Long Beach,USA,26,13,97,7.461538461538462,22,13,50.0,False
454,1983,French Grand Prix,Circuit Paul Ricard,France,26,13,101,7.769230769230769,1,13,50.0,True
455,1983,San Marino Grand Prix,Autodromo Enzo e Dino Ferrari,Italy,26,12,88,6.769230769230769,3,14,53.84615384615385,False
456,1983,Monaco Grand Prix,Circuit de Monaco,Monaco,20,7,57,5.7,5,13,65.0,False
457,1983,Belgian Grand Prix,Circuit de Spa-Francorchamps,Belgium,26,14,90,6.923076923076923,1,12,46.15384615384615,True
458,1983,Detroit Grand Prix,Detroit Street Circuit,USA,26,13,116,8.923076923076923,6,13,50.0,False
459,1983,Canadian Grand Prix,Circuit Gilles Villeneuve,Canada,26,10,86,6.615384615384615,1,16,61.53846153846154,True
460,1983,British Grand Prix,Silverstone Circuit,UK,26,17,104,7.961538461538462,3,9,34.61538461538461,False
461,1983,German Grand Prix,Hockenheimring,Germany,26,13,108,8.307692307692308,2,13,50.0,False
462,1983,Austrian Grand Prix,Red Bull Ring,Austria,26,13,93,7.153846153846154,5,13,50.0,False
463,1983,Dutch Grand Prix,Circuit Park Zandvoort,Netherlands,26,14,112,8.615384615384615,10,12,46.15384615384615,False
464,1983,Italian Grand Prix,Autodromo Nazionale di Monza,Italy,26,13,101,7.769230769230769,4,13,50.0,False
465,1983,European Grand Prix,Brands Hatch,UK,26,15,88,6.769230769230769,4,11,42.30769230769231,False
466,1983,South African Grand Prix,Kyalami,South Africa,26,12,106,8.153846153846153,3,14,53.84615384615385,False
467,1982,South African Grand Prix,Kyalami,South Africa,26,18,99,7.615384615384615,5,8,30.76923076923077,False
468,1982,Brazilian Grand Prix,Autódromo Internacional Nelson Piquet,Brazil,26,10,115,8.846153846153847,1,16,61.53846153846154,True
469,1982,United States Grand Prix West,Long Beach,USA,26,10,112,8.615384615384615,2,16,61.53846153846154,False
470,1982,San Marino Grand Prix,Autodromo Enzo e Dino Ferrari,Italy,14,5,32,4.571428571428571,4,9,64.28571428571429,False
471,1982,Belgian Grand Prix,Zolder,Belgium,26,9,115,8.923076923076923,10,17,65.38461538461539,False
472,1982,Monaco Grand Prix,Circuit de Monaco,Monaco,20,10,50,5.0,2,10,50.0,False
473,1982,Detroit Grand Prix,Detroit Street Circuit,USA,26,11,99,7.615384615384615,17,15,57.692307692307686,False
474,1982,Canadian Grand Prix,Circuit Gilles Villeneuve,Canada,26,11,87,6.6923076923076925,4,15,57.692307692307686,False
475,1982,Dutch Grand Prix,Circuit Park Zandvoort,Netherlands,26,15,86,6.615384615384615,4,11,42.30769230769231,False
476,1982,British Grand Prix,Brands Hatch,UK,26,10,104,8.0,5,16,61.53846153846154,False
477,1982,French Grand Prix,Circuit Paul Ricard,France,26,16,72,5.538461538461538,1,10,38.46153846153847,True
478,1982,German Grand Prix,Hockenheimring,Germany,26,11,110,8.461538461538462,5,15,57.692307692307686,False
479,1982,Austrian Grand Prix,Red Bull Ring,Austria,26,9,111,8.538461538461538,7,17,65.38461538461539,False
480,1982,Swiss Grand Prix,Dijon-Prenois,France,26,16,66,5.076923076923077,8,10,38.46153846153847,False
481,1982,Italian Grand Prix,Autodromo Nazionale di Monza,Italy,26,12,98,7.538461538461538,6,14,53.84615384615385,False
482,1982,Caesars Palace Grand Prix,Las Vegas Street Circuit,USA,27,13,111,8.222222222222221,3,14,51.85185185185185,False
483,1981,United States Grand Prix West,Long Beach,USA,24,8,70,5.833333333333333,2,16,66.66666666666666,False
484,1981,Brazilian Grand Prix,Autódromo Internacional Nelson Piquet,Brazil,24,13,82,6.833333333333333,2,11,45.83333333333333,False
485,1981,Argentine Grand Prix,Autódromo Juan y Oscar Gálvez,Argentina,24,13,72,6.0,1,11,45.83333333333333,True
486,1981,San Marino Grand Prix,Autodromo Enzo e Dino Ferrari,Italy,24,13,73,6.083333333333333,5,11,45.83333333333333,False
487,1981,Belgian Grand Prix,Zolder,Belgium,24,13,87,7.25,1,11,45.83333333333333,True
488,1981,Monaco Grand Prix,Circuit de Monaco,Monaco,20,7,74,7.4,2,13,65.0,False
489,1981,Spanish Grand Prix,Jarama,Spain,24,16,64,5.333333333333333,7,8,33.33333333333333,False
490,1981,French Grand Prix,Dijon-Prenois,France,24,17,55,4.583333333333333,3,7,29.166666666666668,False
491,1981,British Grand Prix,Silverstone Circuit,UK,24,11,108,9.083333333333334,5,13,54.166666666666664,False
492,1981,German Grand Prix,Hockenheimring,Germany,24,15,98,7.833333333333333,6,9,37.5,False
493,1981,Austrian Grand Prix,Red Bull Ring,Austria,24,11,64,5.333333333333333,4,13,54.166666666666664,False
494,1981,Dutch Grand Prix,Circuit Park Zandvoort,Netherlands,24,10,103,8.083333333333334,1,14,58.333333333333336,True
495,1981,Italian Grand Prix,Autodromo Nazionale di Monza,Italy,24,10,74,6.166666666666667,3,14,58.333333333333336,False
496,1981,Canadian Grand Prix,Circuit Gilles Villeneuve,Canada,24,12,93,7.75,10,12,50.0,False
497,1981,Caesars Palace Grand Prix,Las Vegas Street Circuit,USA,24,13,66,5.5,2,11,45.83333333333333,False
498,1980,Argentine Grand Prix,Autódromo Juan y Oscar Gálvez,Argentina,24,7,101,8.416666666666666,1,17,70.83333333333334,True
499,1980,Brazilian Grand Prix,Autódromo José Carlos Pace,Brazil,24,16,112,9.333333333333334,6,8,33.33333333333333,False
500,1980,South African Grand Prix,Kyalami,South Africa,24,13,83,6.916666666666667,2,11,45.83333333333333,False
501,1980,United States Grand Prix West,Long Beach,USA,24,10,98,8.166666666666666,1,14,58.333333333333336,True
502,1980,Belgian Grand Prix,Zolder,Belgium,24,12,59,4.916666666666667,2,12,50.0,False
503,1980,Monaco Grand Prix,Circuit de Monaco,Monaco,20,9,64,6.4,2,11,55.00000000000001,False
504,1980,French Grand Prix,Circuit Paul Ricard,France,24,12,76,6.333333333333333,4,12,50.0,False
505,1980,British Grand Prix,Brands Hatch,UK,24,13,88,7.333333333333333,3,11,45.83333333333333,False
506,1980,German Grand Prix,Hockenheimring,Germany,24,16,89,7.416666666666667,5,8,33.33333333333333,False
507,1980,Austrian Grand Prix,Red Bull Ring,Austria,24,16,69,5.75,2,8,33.33333333333333,False
508,1980,Dutch Grand Prix,Circuit Park Zandvoort,Netherlands,24,11,74,6.166666666666667,5,13,54.166666666666664,False
509,1980,Italian Grand Prix,Autodromo Enzo e Dino Ferrari,Italy,24,13,98,8.166666666666666,5,11,45.83333333333333,False
510,1980,Canadian Grand Prix,Circuit Gilles Villeneuve,Canada,24,12,71,5.916666666666667,2,12,50.0,False
511,1980,United States Grand Prix,Watkins Glen,USA,25,11,78,6.24,5,14,56.00000000000001,False
512,1979,Argentine Grand Prix,Autódromo Juan y Oscar Gálvez,Argentina,25,11,79,6.32,1,14,56.00000000000001,True
513,1979,Brazilian Grand Prix,Autódromo José Carlos Pace,Brazil,24,15,63,5.25,1,9,37.5,True
514,1979,South African Grand Prix,Kyalami,South Africa,24,13,84,7.0,3,11,45.83333333333333,False
515,1979,United States Grand Prix West,Long Beach,USA,24,9,77,6.416666666666667,1,15,62.5,True
516,1979,Spanish Grand Prix,Jarama,Spain,24,14,82,6.833333333333333,2,10,41.66666666666667,False
517,1979,Belgian Grand Prix,Zolder,Belgium,24,11,87,7.25,7,13,54.166666666666664,False
518,1979,Monaco Grand Prix,Circuit de Monaco,Monaco,20,6,58,5.8,1,14,70.0,True
519,1979,French Grand Prix,Dijon-Prenois,France,24,18,67,5.583333333333333,1,6,25.0,True
520,1979,British Grand Prix,Silverstone Circuit,UK,24,14,99,8.166666666666666,4,10,41.66666666666667,False
521,1979,German Grand Prix,Hockenheimring,Germany,24,12,70,5.833333333333333,2,12,50.0,False
522,1979,Austrian Grand Prix,Red Bull Ring,Austria,24,10,59,4.916666666666667,2,14,58.333333333333336,False
523,1979,Dutch Grand Prix,Circuit Park Zandvoort,Netherlands,24,7,83,6.916666666666667,2,17,70.83333333333334,False
524,1979,Italian Grand Prix,Autodromo Nazionale di Monza,Italy,24,14,79,6.583333333333333,3,10,41.66666666666667,False
525,1979,Canadian Grand Prix,Circuit Gilles Villeneuve,Canada,24,10,75,6.333333333333333,1,14,58.333333333333336,True
526,1979,United States Grand Prix,Watkins Glen,USA,24,7,95,7.916666666666667,3,17,70.83333333333334,False
527,1978,Argentine Grand Prix,Autódromo Juan y Oscar Gálvez,Argentina,24,18,52,4.333333333333333,1,6,25.0,True
528,1978,Brazilian Grand Prix,Autódromo Internacional Nelson Piquet,Brazil,24,11,93,7.75,4,13,54.166666666666664,False
529,1978,South African Grand Prix,Kyalami,South Africa,26,12,116,8.923076923076923,12,14,53.84615384615385,False
530,1978,United States Grand Prix West,Long Beach,USA,22,12,69,6.2727272727272725,1,10,45.45454545454545,True
531,1978,Monaco Grand Prix,Circuit de Monaco,Monaco,20,11,48,4.8,5,9,45.0,False
532,1978,Belgian Grand Prix,Zolder,Belgium,24,13,92,7.666666666666667,1,11,45.83333333333333,True
533,1978,Spanish Grand Prix,Jarama,Spain,24,15,74,6.166666666666667,1,9,37.5,True
534,1978,Swedish Grand Prix,Scandinavian Raceway,Sweden,24,15,93,7.75,3,9,37.5,False
535,1978,French Grand Prix,Circuit Paul Ricard,France,26,18,78,6.0,2,8,30.76923076923077,False
536,1978,British Grand Prix,Brands Hatch,UK,26,10,125,9.615384615384615,8,16,61.53846153846154,False
537,1978,German Grand Prix,Hockenheimring,Germany,24,11,82,6.833333333333333,1,13,54.166666666666664,True
538,1978,Austrian Grand Prix,Red Bull Ring,Austria,26,9,111,8.5,1,17,65.38461538461539,True
539,1978,Dutch Grand Prix,Circuit Park Zandvoort,Netherlands,26,12,68,5.230769230769231,1,14,53.84615384615385,True
540,1978,Italian Grand Prix,Autodromo Nazionale di Monza,Italy,24,14,77,6.416666666666667,4,10,41.66666666666667,False
541,1978,United States Grand Prix,Watkins Glen,USA,26,16,108,8.307692307692308,2,10,38.46153846153847,False
542,1978,Canadian Grand Prix,Circuit Gilles Villeneuve,Canada,22,12,82,7.454545454545454,3,10,45.45454545454545,False
543,1977,Argentine Grand Prix,Autódromo Juan y Oscar Gálvez,Argentina,21,7,69,6.571428571428571,11,14,66.66666666666666,False
544,1977,Brazilian Grand Prix,Autódromo José Carlos Pace,Brazil,22,7,74,6.7272727272727275,2,15,68.18181818181817,False
545,1977,South African Grand Prix,Kyalami,South Africa,23,15,60,5.260869565217392,3,8,34.78260869565217,False
546,1977,United States Grand Prix West,Long Beach,USA,22,11,47,4.2727272727272725,2,11,50.0,False
547,1977,Spanish Grand Prix,Jarama,Spain,25,14,96,7.88,1,11,44.0,True
548,1977,Monaco Grand Prix,Circuit de Monaco,Monaco,20,12,61,6.1,2,8,40.0,False
549,1977,Belgian Grand Prix,Zolder,Belgium,26,14,125,9.423076923076923,3,12,46.15384615384615,False
550,1977,Swedish Grand Prix,Scandinavian Raceway,Sweden,24,19,88,7.333333333333333,8,5,20.833333333333336,False
551,1977,French Grand Prix,Dijon-Prenois,France,22,13,41,3.727272727272727,1,9,40.909090909090914,True
552,1977,British Grand Prix,Silverstone Circuit,UK,26,15,80,6.153846153846154,1,11,42.30769230769231,True
553,1977,German Grand Prix,Hockenheimring,Germany,24,10,74,6.0,3,14,58.333333333333336,False
554,1977,Austrian Grand Prix,Red Bull Ring,Austria,26,17,106,8.153846153846153,14,9,34.61538461538461,False
555,1977,Dutch Grand Prix,Circuit Park Zandvoort,Netherlands,26,13,122,9.384615384615385,4,13,50.0,False
556,1977,Italian Grand Prix,Autodromo Nazionale di Monza,Italy,24,9,75,6.25,4,15,62.5,False
557,1977,United States Grand Prix,Watkins Glen,USA,26,19,93,7.153846153846154,1,7,26.923076923076923,True
558,1977,Canadian Grand Prix,Mosport International Raceway,Canada,25,12,104,8.32,9,13,52.0,False
559,1977,Japanese Grand Prix,Fuji Speedway,Japan,23,12,60,5.217391304347826,2,11,47.82608695652174,False
560,1976,Brazilian Grand Prix,Autódromo José Carlos Pace,Brazil,22,14,74,6.7272727272727275,2,8,36.36363636363637,False
561,1976,South African Grand Prix,Kyalami,South Africa,25,17,76,5.96,2,8,32.0,False
562,1976,United States Grand Prix West,Long Beach,USA,20,10,53,5.3,1,10,50.0,True
563,1976,Spanish Grand Prix,Jarama,Spain,24,13,85,7.083333333333333,1,11,45.83333333333333,True
564,1976,Belgian Grand Prix,Zolder,Belgium,26,12,101,7.846153846153846,1,14,53.84615384615385,True
565,1976,Monaco Grand Prix,Circuit de Monaco,Monaco,20,14,42,4.2,1,6,30.0,True
566,1976,Swedish Grand Prix,Scandinavian Raceway,Sweden,26,15,69,5.3076923076923075,1,11,42.30769230769231,True
567,1976,French Grand Prix,Circuit Paul Ricard,France,27,19,88,6.444444444444445,1,8,29.629629629629626,True
568,1976,British Grand Prix,Brands Hatch,UK,26,9,114,8.76923076923077,1,17,65.38461538461539,True
569,1976,German Grand Prix,Nürburgring,Germany,26,15,107,8.23076923076923,1,11,42.30769230769231,True
570,1976,Austrian Grand Prix,Red Bull Ring,Austria,25,12,88,7.04,2,13,52.0,False
571,1976,Dutch Grand Prix,Circuit Park Zandvoort,Netherlands,26,12,81,6.230769230769231,2,14,53.84615384615385,False
572,1976,Italian Grand Prix,Autodromo Nazionale di Monza,Italy,26,19,79,6.038461538461538,8,7,26.923076923076923,False
573,1976,Canadian Grand Prix,Mosport International Raceway,Canada,24,20,52,4.333333333333333,1,4,16.666666666666664,True
574,1976,United States Grand Prix,Watkins Glen,USA,26,14,98,7.538461538461538,1,12,46.15384615384615,True
575,1976,Japanese Grand Prix,Fuji Speedway,Japan,25,11,95,7.6,1,14,56.00000000000001,True
576,1975,Argentine Grand Prix,Autódromo Juan y Oscar Gálvez,Argentina,23,14,65,5.6521739130434785,5,9,39.130434782608695,False
577,1975,Brazilian Grand Prix,Autódromo José Carlos Pace,Brazil,23,15,58,5.391304347826087,6,8,34.78260869565217,False
578,1975,South African Grand Prix,Kyalami,South Africa,26,17,96,7.384615384615385,3,9,34.61538461538461,False
579,1975,Spanish Grand Prix,Montjuïc,Spain,26,8,93,7.153846153846154,11,18,69.23076923076923,False
580,1975,Monaco Grand Prix,Circuit de Monaco,Monaco,18,9,49,5.444444444444445,1,9,50.0,True
581,1975,Belgian Grand Prix,Zolder,Belgium,24,12,76,6.333333333333333,1,12,50.0,True
582,1975,Swedish Grand Prix,Scandinavian Raceway,Sweden,26,17,107,8.23076923076923,5,9,34.61538461538461,False
583,1975,Dutch Grand Prix,Circuit Park Zandvoort,Netherlands,24,16,73,6.083333333333333,3,8,33.33333333333333,False
584,1975,French Grand Prix,Circuit Paul Ricard,France,26,18,84,6.461538461538462,1,8,30.76923076923077,True
585,1975,British Grand Prix,Silverstone Circuit,UK,26,19,88,6.461538461538462,7,7,26.923076923076923,False
586,1975,German Grand Prix,Nürburgring,Germany,25,10,113,9.04,10,15,60.0,False
587,1975,Austrian Grand Prix,Red Bull Ring,Austria,28,17,93,6.642857142857143,8,11,39.285714285714285,False
588,1975,Italian Grand Prix,Autodromo Nazionale di Monza,Italy,26,14,93,7.153846153846154,2,12,46.15384615384615,False
589,1975,United States Grand Prix,Watkins Glen,USA,24,10,71,5.916666666666667,1,14,58.333333333333336,True
590,1974,Argentine Grand Prix,Autódromo Juan y Oscar Gálvez,Argentina,25,13,104,8.32,10,12,48.0,False
591,1974,Brazilian Grand Prix,Autódromo José Carlos Pace,Brazil,25,17,78,6.24,1,8,32.0,True
592,1974,South African Grand Prix,Kyalami,South Africa,27,19,89,6.592592592592593,4,8,29.629629629629626,False
593,1974,Spanish Grand Prix,Jarama,Spain,25,14,79,6.32,1,11,44.0,True
594,1974,Belgian Grand Prix,Nivelles-Baulers,Belgium,31,18,140,9.03225806451613,4,13,41.935483870967744,False
595,1974,Monaco Grand Prix,Circuit de Monaco,Monaco,27,9,104,7.703703703703703,3,18,66.66666666666666,False
596,1974,Swedish Grand Prix,Scandinavian Raceway,Sweden,26,11,95,7.3076923076923075,2,15,57.692307692307686,False
597,1974,Dutch Grand Prix,Circuit Park Zandvoort,Netherlands,25,12,58,4.64,1,13,52.0,True
598,1974,French Grand Prix,Dijon-Prenois,France,22,16,58,5.2727272727272725,2,6,27.27272727272727,False
599,1974,British Grand Prix,Brands Hatch,UK,25,14,79,6.4,3,11,44.0,False
600,1974,German Grand Prix,Nürburgring,Germany,26,15,102,8.076923076923077,2,11,42.30769230769231,False
601,1974,Austrian Grand Prix,Red Bull Ring,Austria,25,12,118,9.44,2,13,52.0,False
602,1974,Italian Grand Prix,Autodromo Nazionale di Monza,Italy,25,11,89,7.12,7,14,56.00000000000001,False
603,1974,Canadian Grand Prix,Mosport International Raceway,Canada,26,16,85,6.538461538461538,1,10,38.46153846153847,True
604,1974,United States Grand Prix,Watkins Glen,USA,27,12,83,6.148148148148148,1,15,55.55555555555556,True
605,1973,Argentine Grand Prix,Autódromo Juan y Oscar Gálvez,Argentina,19,10,44,4.578947368421052,2,9,47.368421052631575,False
606,1973,Brazilian Grand Prix,Autódromo José Carlos Pace,Brazil,20,12,56,5.7,2,8,40.0,False
607,1973,South African Grand Prix,Kyalami,South Africa,25,11,103,8.24,16,14,56.00000000000001,False
608,1973,Spanish Grand Prix,Montjuïc,Spain,22,12,70,6.363636363636363,7,10,45.45454545454545,False
609,1973,Belgian Grand Prix,Zolder,Belgium,23,11,85,7.391304347826087,6,12,52.17391304347826,False
610,1973,Monaco Grand Prix,Circuit de Monaco,Monaco,25,11,79,6.32,1,14,56.00000000000001,True
611,1973,Swedish Grand Prix,Scandinavian Raceway,Sweden,21,14,40,3.857142857142857,6,7,33.33333333333333,False
612,1973,French Grand Prix,Circuit Paul Ricard,France,25,16,76,6.08,5,9,36.0,False
613,1973,British Grand Prix,Silverstone Circuit,UK,29,13,85,5.862068965517241,3,16,55.172413793103445,False
614,1973,Dutch Grand Prix,Circuit Park Zandvoort,Netherlands,24,11,69,5.75,2,13,54.166666666666664,False
615,1973,German Grand Prix,Nürburgring,Germany,22,16,72,6.545454545454546,1,6,27.27272727272727,True
616,1973,Austrian Grand Prix,Red Bull Ring,Austria,23,10,71,6.173913043478261,2,13,56.52173913043478,False
617,1973,Italian Grand Prix,Autodromo Nazionale di Monza,Italy,24,15,69,5.75,1,9,37.5,True
618,1973,Canadian Grand Prix,Mosport International Raceway,Canada,26,18,92,7.076923076923077,2,8,30.76923076923077,False
619,1973,United States Grand Prix,Watkins Glen,USA,27,16,95,7.037037037037037,1,11,40.74074074074074,True
620,1972,Argentine Grand Prix,Autódromo Juan y Oscar Gálvez,Argentina,22,11,56,5.090909090909091,2,11,50.0,False
621,1972,South African Grand Prix,Kyalami,South Africa,26,17,101,7.769230769230769,5,9,34.61538461538461,False
622,1972,Spanish Grand Prix,Jarama,Spain,25,11,95,7.6,3,14,56.00000000000001,False
623,1972,Monaco Grand Prix,Circuit de Monaco,Monaco,25,17,94,7.48,4,8,32.0,False
624,1972,Belgian Grand Prix,Nivelles-Baulers,Belgium,25,14,77,6.16,1,11,44.0,True
625,1972,French Grand Prix,Charade Circuit,France,24,19,67,5.583333333333333,3,5,20.833333333333336,False
626,1972,British Grand Prix,Brands Hatch,UK,26,13,80,6.153846153846154,2,13,50.0,False
627,1972,German Grand Prix,Nürburgring,Germany,27,15,97,7.185185185185185,1,12,44.44444444444444,True
628,1972,Austrian Grand Prix,Red Bull Ring,Austria,25,14,76,6.08,1,11,44.0,True
629,1972,Italian Grand Prix,Autodromo Nazionale di Monza,Italy,25,13,92,7.44,4,12,48.0,False
630,1972,Canadian Grand Prix,Mosport International Raceway,Canada,24,13,67,5.583333333333333,5,11,45.83333333333333,False
631,1972,United States Grand Prix,Watkins Glen,USA,31,19,111,7.258064516129032,1,12,38.70967741935484,True
632,1971,South African Grand Prix,Kyalami,South Africa,25,13,63,5.04,4,12,48.0,False
633,1971,Spanish Grand Prix,Montjuïc,Spain,22,11,53,4.818181818181818,4,11,50.0,False
634,1971,Monaco Grand Prix,Circuit de Monaco,Monaco,18,10,44,5.0,1,8,44.44444444444444,True
635,1971,Dutch Grand Prix,Circuit Park Zandvoort,Netherlands,23,12,62,5.043478260869565,1,11,47.82608695652174,True
636,1971,French Grand Prix,Circuit Paul Ricard,France,23,13,82,7.130434782608695,1,10,43.47826086956522,True
637,1971,British Grand Prix,Silverstone Circuit,UK,24,12,70,6.125,2,12,50.0,False
638,1971,German Grand Prix,Nürburgring,Germany,22,12,59,5.545454545454546,1,10,45.45454545454545,True
639,1971,Austrian Grand Prix,Red Bull Ring,Austria,22,12,69,6.2727272727272725,1,10,45.45454545454545,True
640,1971,Italian Grand Prix,Autodromo Nazionale di Monza,Italy,24,10,80,6.666666666666667,11,14,58.333333333333336,False
641,1971,Canadian Grand Prix,Mosport International Raceway,Canada,25,16,62,4.96,1,9,36.0,True
642,1971,United States Grand Prix,Watkins Glen,USA,29,17,119,8.206896551724139,5,12,41.37931034482759,False
643,1970,South African Grand Prix,Kyalami,South Africa,23,13,83,7.217391304347826,3,10,43.47826086956522,False
644,1970,Spanish Grand Prix,Jarama,Spain,17,5,59,6.9411764705882355,3,12,70.58823529411765,False
645,1970,Monaco Grand Prix,Circuit de Monaco,Monaco,16,8,43,5.375,8,8,50.0,False
646,1970,Belgian Grand Prix,Circuit de Spa-Francorchamps,Belgium,17,8,39,4.588235294117647,6,9,52.94117647058824,False
647,1970,Dutch Grand Prix,Circuit Park Zandvoort,Netherlands,20,11,43,4.3,1,9,45.0,True
648,1970,French Grand Prix,Charade Circuit,France,20,14,61,6.1,6,6,30.0,False
649,1970,British Grand Prix,Brands Hatch,UK,23,9,77,6.695652173913044,1,14,60.86956521739131,True
650,1970,German Grand Prix,Hockenheimring,Germany,21,9,56,5.333333333333333,2,12,57.14285714285714,False
651,1970,Austrian Grand Prix,Red Bull Ring,Austria,24,15,86,7.208333333333333,3,9,37.5,False
652,1970,Italian Grand Prix,Autodromo Nazionale di Monza,Italy,20,8,71,7.1,3,12,60.0,False
653,1970,Canadian Grand Prix,Circuit Mont-Tremblant,Canada,20,10,38,3.8,2,10,50.0,False
654,1970,United States Grand Prix,Watkins Glen,USA,24,14,71,5.916666666666667,3,10,41.66666666666667,False
655,1970,Mexican Grand Prix,Autódromo Hermanos Rodríguez,Mexico,18,9,36,4.0,3,9,50.0,False
656,1969,South African Grand Prix,Kyalami,South Africa,18,8,57,6.333333333333333,4,10,55.55555555555556,False
657,1969,Spanish Grand Prix,Montjuïc,Spain,14,6,39,5.571428571428571,4,8,57.14285714285714,False
658,1969,Monaco Grand Prix,Circuit de Monaco,Monaco,16,7,43,5.375,4,9,56.25,False
659,1969,Dutch Grand Prix,Circuit Park Zandvoort,Netherlands,15,10,29,3.8666666666666667,2,5,33.33333333333333,False
660,1969,French Grand Prix,Charade Circuit,France,13,9,20,3.076923076923077,1,4,30.76923076923077,True
661,1969,British Grand Prix,Silverstone Circuit,UK,17,10,36,4.235294117647059,2,7,41.17647058823529,False
662,1969,German Grand Prix,Nürburgring,Germany,14,6,37,4.214285714285714,1,8,57.14285714285714,True
663,1969,Italian Grand Prix,Autodromo Nazionale di Monza,Italy,15,10,17,2.2666666666666666,3,5,33.33333333333333,False
664,1969,Canadian Grand Prix,Mosport International Raceway,Canada,20,7,42,4.2,1,13,65.0,True
665,1969,United States Grand Prix,Watkins Glen,USA,18,6,57,6.388888888888889,1,12,66.66666666666666,True
666,1969,Mexican Grand Prix,Autódromo Hermanos Rodríguez,Mexico,17,11,38,4.470588235294118,4,6,35.294117647058826,False
667,1968,South African Grand Prix,Kyalami,South Africa,23,9,69,5.956521739130435,1,14,60.86956521739131,True
668,1968,Spanish Grand Prix,Jarama,Spain,13,5,27,4.153846153846154,6,8,61.53846153846154,False
669,1968,Monaco Grand Prix,Circuit de Monaco,Monaco,16,5,39,4.875,1,11,68.75,True
670,1968,Belgian Grand Prix,Circuit de Spa-Francorchamps,Belgium,18,8,38,4.222222222222222,6,10,55.55555555555556,False
671,1968,Dutch Grand Prix,Circuit Park Zandvoort,Netherlands,19,9,51,5.894736842105263,5,10,52.63157894736842,False
672,1968,French Grand Prix,Rouen-Les-Essarts,France,17,11,33,3.8823529411764706,3,6,35.294117647058826,False
673,1968,British Grand Prix,Brands Hatch,UK,20,8,53,5.8,4,12,60.0,False
674,1968,German Grand Prix,Nürburgring,Germany,20,14,55,5.5,6,6,30.0,False
675,1968,Italian Grand Prix,Autodromo Nazionale di Monza,Italy,20,6,72,7.2,7,14,70.0,False
676,1968,Canadian Grand Prix,Circuit Mont-Tremblant,Canada,20,6,73,6.8,6,14,70.0,False
677,1968,United States Grand Prix,Watkins Glen,USA,19,6,51,5.157894736842105,2,13,68.42105263157895,False
678,1968,Mexican Grand Prix,Autódromo Hermanos Rodríguez,Mexico,21,10,79,7.523809523809524,3,11,52.38095238095239,False
679,1967,South African Grand Prix,Kyalami,South Africa,18,6,41,4.555555555555555,4,12,66.66666666666666,False
680,1967,Monaco Grand Prix,Circuit de Monaco,Monaco,16,6,50,6.25,4,10,62.5,False
681,1967,Dutch Grand Prix,Circuit Park Zandvoort,Netherlands,17,10,55,6.470588235294118,8,7,41.17647058823529,False
682,1967,Belgian Grand Prix,Circuit de Spa-Francorchamps,Belgium,18,10,44,4.888888888888889,2,8,44.44444444444444,False
683,1967,French Grand Prix,Le Mans,France,15,6,39,5.2,2,9,60.0,False
684,1967,British Grand Prix,Silverstone Circuit,UK,20,10,50,5.25,1,10,50.0,True
685,1967,German Grand Prix,Nürburgring,Germany,24,11,95,7.875,2,13,54.166666666666664,False
686,1967,Canadian Grand Prix,Mosport International Raceway,Canada,17,11,35,4.117647058823529,7,6,35.294117647058826,False
687,1967,Italian Grand Prix,Autodromo Nazionale di Monza,Italy,18,7,47,5.222222222222222,9,11,61.111111111111114,False
688,1967,United States Grand Prix,Watkins Glen,USA,18,7,46,5.111111111111111,2,11,61.111111111111114,False
689,1967,Mexican Grand Prix,Autódromo Hermanos Rodríguez,Mexico,19,12,53,6.0,1,7,36.84210526315789,True
690,1966,Monaco Grand Prix,Circuit de Monaco,Monaco,16,4,44,5.375,3,12,75.0,False
691,1966,Belgian Grand Prix,Circuit de Spa-Francorchamps,Belgium,15,5,19,2.533333333333333,1,10,66.66666666666666,True
692,1966,French Grand Prix,Reims-Gueux,France,17,8,44,5.176470588235294,4,9,52.94117647058824,False
693,1966,British Grand Prix,Brands Hatch,UK,20,11,48,4.8,1,9,45.0,True
694,1966,Dutch Grand Prix,Circuit Park Zandvoort,Netherlands,17,9,46,5.411764705882353,1,8,47.05882352941176,True
695,1966,German Grand Prix,Nürburgring,Germany,18,8,53,4.944444444444445,5,10,55.55555555555556,False
696,1966,Italian Grand Prix,Autodromo Nazionale di Monza,Italy,20,9,70,7.0,2,11,55.00000000000001,False
697,1966,United States Grand Prix,Watkins Glen,USA,19,6,62,6.526315789473684,2,13,68.42105263157895,False
698,1966,Mexican Grand Prix,Autódromo Hermanos Rodríguez,Mexico,18,8,40,4.444444444444445,1,10,55.55555555555556,True
699,1965,South African Grand Prix,Prince George Circuit,South Africa,20,15,48,4.8,1,5,25.0,True
700,1965,Monaco Grand Prix,Circuit de Monaco,Monaco,16,10,22,2.6875,1,6,37.5,True
701,1965,Belgian Grand Prix,Circuit de Spa-Francorchamps,Belgium,19,14,41,4.2105263157894735,2,5,26.31578947368421,False
702,1965,French Grand Prix,Charade Circuit,France,17,9,32,3.764705882352941,1,8,47.05882352941176,True
703,1965,British Grand Prix,Silverstone Circuit,UK,21,14,51,4.857142857142857,1,7,33.33333333333333,True
704,1965,Dutch Grand Prix,Circuit Park Zandvoort,Netherlands,17,13,20,2.3529411764705883,2,4,23.52941176470588,False
705,1965,German Grand Prix,Nürburgring,Germany,19,8,38,3.736842105263158,1,11,57.89473684210527,True
706,1965,Italian Grand Prix,Autodromo Nazionale di Monza,Italy,23,14,58,5.043478260869565,3,9,39.130434782608695,False
707,1965,United States Grand Prix,Watkins Glen,USA,18,13,46,5.111111111111111,1,5,27.77777777777778,True
708,1965,Mexican Grand Prix,Autódromo Hermanos Rodríguez,Mexico,17,8,44,4.294117647058823,3,9,52.94117647058824,False
709,1964,Monaco Grand Prix,Circuit de Monaco,Monaco,16,10,40,5.0,3,6,37.5,False
710,1964,Dutch Grand Prix,Circuit Park Zandvoort,Netherlands,17,13,36,4.0588235294117645,2,4,23.52941176470588,False
711,1964,Belgian Grand Prix,Circuit de Spa-Francorchamps,Belgium,18,10,42,4.555555555555555,6,8,44.44444444444444,False
712,1964,French Grand Prix,Rouen-Les-Essarts,France,17,12,32,3.764705882352941,2,5,29.411764705882355,False
713,1964,British Grand Prix,Brands Hatch,UK,25,14,56,4.48,1,11,44.0,True
714,1964,German Grand Prix,Nürburgring,Germany,22,14,69,6.2727272727272725,1,8,36.36363636363637,True
715,1964,Austrian Grand Prix,Zeltweg,Austria,20,9,75,7.5,7,11,55.00000000000001,False
716,1964,Italian Grand Prix,Autodromo Nazionale di Monza,Italy,20,15,51,5.05,1,5,25.0,True
717,1964,United States Grand Prix,Watkins Glen,USA,20,8,59,6.75,4,12,60.0,False
718,1964,Mexican Grand Prix,Autódromo Hermanos Rodríguez,Mexico,19,13,34,3.5789473684210527,2,6,31.57894736842105,False
719,1963,Monaco Grand Prix,Circuit de Monaco,Monaco,15,9,29,3.8,2,6,40.0,False
720,1963,Belgian Grand Prix,Circuit de Spa-Francorchamps,Belgium,20,8,57,5.7,8,12,60.0,False
721,1963,Dutch Grand Prix,Circuit Park Zandvoort,Netherlands,19,11,53,5.578947368421052,1,8,42.10526315789473,True
722,1963,French Grand Prix,Reims-Gueux,France,19,13,51,4.7894736842105265,1,6,31.57894736842105,True
723,1963,British Grand Prix,Silverstone Circuit,UK,23,13,75,6.521739130434782,1,10,43.47826086956522,True
724,1963,German Grand Prix,Nürburgring,Germany,22,10,76,6.909090909090909,2,12,54.54545454545454,False
725,1963,Italian Grand Prix,Autodromo Nazionale di Monza,Italy,20,16,76,7.1,3,4,20.0,False
726,1963,United States Grand Prix,Watkins Glen,USA,21,11,49,4.666666666666667,1,10,47.61904761904761,True
727,1963,Mexican Grand Prix,Autódromo Hermanos Rodríguez,Mexico,21,11,49,4.666666666666667,1,10,47.61904761904761,True
728,1963,South African Grand Prix,Prince George Circuit,South Africa,20,14,47,4.7,1,6,30.0,True
729,1962,Dutch Grand Prix,Circuit Park Zandvoort,Netherlands,20,9,57,6.7,2,11,55.00000000000001,False
730,1962,Monaco Grand Prix,Circuit de Monaco,Monaco,16,8,48,5.375,3,8,50.0,False
731,1962,Belgian Grand Prix,Circuit de Spa-Francorchamps,Belgium,19,11,69,7.2105263157894735,13,8,42.10526315789473,False
732,1962,French Grand Prix,Rouen-Les-Essarts,France,17,9,47,5.529411764705882,6,8,47.05882352941176,False
733,1962,British Grand Prix,Aintree,UK,21,16,48,4.571428571428571,1,5,23.809523809523807,True
734,1962,German Grand Prix,Nürburgring,Germany,26,16,52,4.0,2,10,38.46153846153847,False
735,1962,Italian Grand Prix,Autodromo Nazionale di Monza,Italy,21,14,60,5.714285714285714,2,7,33.33333333333333,False
736,1962,United States Grand Prix,Watkins Glen,USA,18,13,39,3.7777777777777777,1,5,27.77777777777778,True
737,1962,South African Grand Prix,Prince George Circuit,South Africa,17,11,35,4.117647058823529,2,6,35.294117647058826,False
738,1961,Monaco Grand Prix,Circuit de Monaco,Monaco,16,13,38,4.0625,1,3,18.75,True
739,1961,Dutch Grand Prix,Circuit Park Zandvoort,Netherlands,15,15,21,2.2666666666666666,2,0,0.0,False
740,1961,Belgian Grand Prix,Circuit de Spa-Francorchamps,Belgium,21,13,30,2.761904761904762,1,8,38.095238095238095,True
741,1961,French Grand Prix,Reims-Gueux,France,26,15,100,7.6923076923076925,12,11,42.30769230769231,False
742,1961,British Grand Prix,Aintree,UK,31,17,98,6.193548387096774,4,14,45.16129032258064,False
743,1961,German Grand Prix,Nürburgring,Germany,26,16,90,6.923076923076923,3,10,38.46153846153847,False
744,1961,Italian Grand Prix,Autodromo Nazionale di Monza,Italy,32,12,162,10.125,4,20,62.5,False
745,1961,United States Grand Prix,Watkins Glen,USA,20,12,55,5.3,8,8,40.0,False
746,1960,Argentine Grand Prix,Autódromo Juan y Oscar Gálvez,Argentina,23,15,66,5.521739130434782,13,8,34.78260869565217,False
747,1960,Monaco Grand Prix,Circuit de Monaco,Monaco,16,9,23,2.875,1,7,43.75,True
748,1960,Indianapolis 500,Indianapolis Motor Speedway,USA,33,33,159,9.636363636363637,2,0,0.0,False
749,1960,Dutch Grand Prix,Circuit Park Zandvoort,Netherlands,17,8,43,4.9411764705882355,2,9,52.94117647058824,False
750,1960,Belgian Grand Prix,Circuit de Spa-Francorchamps,Belgium,19,6,48,5.052631578947368,1,13,68.42105263157895,True
751,1960,French Grand Prix,Reims-Gueux,France,23,12,63,5.521739130434782,1,11,47.82608695652174,True
752,1960,British Grand Prix,Silverstone Circuit,UK,24,16,67,5.5,1,8,33.33333333333333,True
753,1960,Portuguese Grand Prix,Circuito da Boavista,Portugal,15,7,37,4.933333333333334,3,8,53.333333333333336,False
754,1960,Italian Grand Prix,Autodromo Nazionale di Monza,Italy,16,10,26,3.25,1,6,37.5,True
755,1960,United States Grand Prix,Riverside International Raceway,USA,23,16,73,6.3478260869565215,1,7,30.434782608695656,True
756,1959,Monaco Grand Prix,Circuit de Monaco,Monaco,16,6,22,2.75,3,10,62.5,False
757,1959,Indianapolis 500,Indianapolis Motor Speedway,USA,33,16,129,7.818181818181818,6,17,51.515151515151516,False
758,1959,Dutch Grand Prix,Circuit Park Zandvoort,Netherlands,15,10,28,3.7333333333333334,1,5,33.33333333333333,True
759,1959,French Grand Prix,Reims-Gueux,France,21,11,58,5.523809523809524,1,10,47.61904761904761,True
760,1959,British Grand Prix,Aintree,UK,24,13,53,4.416666666666667,1,11,45.83333333333333,True
761,1959,German Grand Prix,AVUS,Germany,15,7,27,3.6,1,8,53.333333333333336,True
762,1959,Portuguese Grand Prix,Monsanto Park Circuit,Portugal,16,10,28,3.5,1,6,37.5,True
763,1959,Italian Grand Prix,Autodromo Nazionale di Monza,Italy,21,15,40,4.190476190476191,1,6,28.57142857142857,True
764,1959,United States Grand Prix,Sebring International Raceway,USA,18,7,47,4.944444444444445,10,11,61.111111111111114,False
765,1958,Argentine Grand Prix,Autódromo Juan y Oscar Gálvez,Argentina,10,9,13,2.6,7,1,10.0,False
766,1958,Monaco Grand Prix,Circuit de Monaco,Monaco,16,6,50,6.25,5,10,62.5,False
767,1958,Dutch Grand Prix,Circuit Park Zandvoort,Netherlands,17,11,38,4.470588235294118,2,6,35.294117647058826,False
768,1958,Indianapolis 500,Indianapolis Motor Speedway,USA,33,13,181,10.969696969696969,7,20,60.60606060606061,False
769,1958,Belgian Grand Prix,Circuit de Spa-Francorchamps,Belgium,19,10,59,6.2105263157894735,5,9,47.368421052631575,False
770,1958,French Grand Prix,Reims-Gueux,France,22,11,67,6.2727272727272725,1,11,50.0,True
771,1958,British Grand Prix,Silverstone Circuit,UK,20,9,40,4.0,6,11,55.00000000000001,False
772,1958,German Grand Prix,Nürburgring,Germany,25,11,71,5.68,2,14,56.00000000000001,False
773,1958,Portuguese Grand Prix,Circuito da Boavista,Portugal,15,9,6,0.8,1,6,40.0,True
774,1958,Italian Grand Prix,Autodromo Nazionale di Monza,Italy,22,8,77,6.681818181818182,2,14,63.63636363636363,False
775,1958,Moroccan Grand Prix,Ain Diab,Morocco,25,16,93,7.44,2,9,36.0,False
776,1957,Argentine Grand Prix,Autódromo Juan y Oscar Gálvez,Argentina,17,13,50,5.0,2,4,23.52941176470588,False
777,1957,Monaco Grand Prix,Circuit de Monaco,Monaco,18,6,51,5.222222222222222,1,12,66.66666666666666,True
778,1957,Indianapolis 500,Indianapolis Motor Speedway,USA,33,17,179,10.848484848484848,13,16,48.484848484848484,False
779,1957,French Grand Prix,Rouen-Les-Essarts,France,16,8,25,2.625,1,8,50.0,True
780,1957,British Grand Prix,Aintree,UK,22,10,63,5.909090909090909,3,12,54.54545454545454,False
781,1957,German Grand Prix,Nürburgring,Germany,24,15,38,3.1666666666666665,1,9,37.5,True
782,1957,Pescara Grand Prix,Pescara Circuit,Italy,16,7,31,3.875,2,9,56.25,False
783,1957,Italian Grand Prix,Autodromo Nazionale di Monza,Italy,20,13,58,5.2,2,7,35.0,False
784,1956,Argentine Grand Prix,Autódromo Juan y Oscar Gálvez,Argentina,16,9,48,5.0,3,7,43.75,False
785,1956,Monaco Grand Prix,Circuit de Monaco,Monaco,17,11,51,5.0,2,6,35.294117647058826,False
786,1956,Indianapolis 500,Indianapolis Motor Speedway,USA,34,19,188,11.323529411764707,1,15,44.11764705882353,True
787,1956,Belgian Grand Prix,Circuit de Spa-Francorchamps,Belgium,16,9,41,4.625,3,7,43.75,False
788,1956,French Grand Prix,Reims-Gueux,France,22,13,70,6.181818181818182,3,9,40.909090909090914,False
789,1956,British Grand Prix,Silverstone Circuit,UK,30,13,135,8.733333333333333,2,17,56.666666666666664,False
790,1956,German Grand Prix,Nürburgring,Germany,19,5,70,6.473684210526316,1,14,73.68421052631578,True
791,1956,Italian Grand Prix,Autodromo Nazionale di Monza,Italy,28,13,118,8.392857142857142,6,15,53.57142857142857,False
792,1955,Argentine Grand Prix,Autódromo Juan y Oscar Gálvez,Argentina,35,16,155,6.542857142857143,3,19,54.285714285714285,False
793,1955,Monaco Grand Prix,Circuit de Monaco,Monaco,23,11,76,6.173913043478261,9,12,52.17391304347826,False
794,1955,Indianapolis 500,Indianapolis Motor Speedway,USA,35,16,172,9.771428571428572,14,19,54.285714285714285,False
795,1955,Belgian Grand Prix,Circuit de Spa-Francorchamps,Belgium,14,10,33,4.142857142857143,2,4,28.57142857142857,False
796,1955,Dutch Grand Prix,Circuit Park Zandvoort,Netherlands,16,11,26,3.25,1,5,31.25,True
797,1955,British Grand Prix,Aintree,UK,28,11,96,6.607142857142857,1,17,60.71428571428571,True
798,1955,Italian Grand Prix,Autodromo Nazionale di Monza,Italy,22,10,66,6.0,1,12,54.54545454545454,True
799,1954,Argentine Grand Prix,Autódromo Juan y Oscar Gálvez,Argentina,18,9,41,4.555555555555555,3,9,50.0,False
800,1954,Indianapolis 500,Indianapolis Motor Speedway,USA,55,32,278,9.854545454545455,19,23,41.81818181818181,False
801,1954,Belgian Grand Prix,Circuit de Spa-Francorchamps,Belgium,15,8,28,3.6666666666666665,1,7,46.666666666666664,True
802,1954,French Grand Prix,Reims-Gueux,France,21,6,62,5.904761904761905,1,15,71.42857142857143,True
803,1954,British Grand Prix,Silverstone Circuit,UK,34,15,122,7.294117647058823,2,19,55.88235294117647,False
804,1954,German Grand Prix,Nürburgring,Germany,24,11,78,6.625,1,13,54.166666666666664,True
805,1954,Swiss Grand Prix,Circuit Bremgarten,Switzerland,16,8,33,4.125,2,8,50.0,False
806,1954,Italian Grand Prix,Autodromo Nazionale di Monza,Italy,22,12,76,6.454545454545454,1,10,45.45454545454545,True
807,1954,Spanish Grand Prix,Circuit de Pedralbes,Spain,22,9,77,6.545454545454546,3,13,59.09090909090909,False
808,1953,Argentine Grand Prix,Autódromo Juan y Oscar Gálvez,Argentina,17,10,28,3.2941176470588234,1,7,41.17647058823529,True
809,1953,Indianapolis 500,Indianapolis Motor Speedway,USA,47,27,200,8.787234042553191,1,20,42.5531914893617,True
810,1953,Dutch Grand Prix,Circuit Park Zandvoort,Netherlands,20,10,52,4.7,1,10,50.0,True
811,1953,Belgian Grand Prix,Circuit de Spa-Francorchamps,Belgium,21,11,55,4.857142857142857,2,10,47.61904761904761,False
812,1953,French Grand Prix,Reims-Gueux,France,25,15,57,4.56,7,10,40.0,False
813,1953,British Grand Prix,Silverstone Circuit,UK,27,10,93,6.518518518518518,1,17,62.96296296296296,True
814,1953,German Grand Prix,Nürburgring,Germany,36,17,139,8.222222222222221,3,19,52.77777777777778,False
815,1953,Swiss Grand Prix,Circuit Bremgarten,Switzerland,22,10,44,4.363636363636363,2,12,54.54545454545454,False
816,1953,Italian Grand Prix,Autodromo Nazionale di Monza,Italy,31,17,108,6.806451612903226,2,14,45.16129032258064,False
817,1952,Swiss Grand Prix,Circuit Bremgarten,Switzerland,22,8,59,5.636363636363637,2,14,63.63636363636363,False
818,1952,Indianapolis 500,Indianapolis Motor Speedway,USA,33,21,156,9.454545454545455,7,12,36.36363636363637,False
819,1952,Belgian Grand Prix,Circuit de Spa-Francorchamps,Belgium,22,15,65,5.909090909090909,1,7,31.818181818181817,True
820,1952,French Grand Prix,Rouen-Les-Essarts,France,22,13,38,3.3181818181818183,1,9,40.909090909090914,True
821,1952,British Grand Prix,Silverstone Circuit,UK,31,22,102,6.516129032258065,2,9,29.03225806451613,False
822,1952,German Grand Prix,Nürburgring,Germany,30,12,121,7.933333333333334,1,18,60.0,True
823,1952,Dutch Grand Prix,Circuit Park Zandvoort,Netherlands,19,10,32,3.1052631578947367,1,9,47.368421052631575,True
824,1952,Italian Grand Prix,Autodromo Nazionale di Monza,Italy,24,15,70,7.25,1,9,37.5,True
825,1951,Swiss Grand Prix,Circuit Bremgarten,Switzerland,21,14,45,4.285714285714286,1,7,33.33333333333333,True
826,1951,Indianapolis 500,Indianapolis Motor Speedway,USA,34,9,135,7.9411764705882355,2,25,73.52941176470588,False
827,1951,Belgian Grand Prix,Circuit de Spa-Francorchamps,Belgium,13,9,24,3.6923076923076925,2,4,30.76923076923077,False
828,1951,French Grand Prix,Reims-Gueux,France,26,14,62,4.769230769230769,7,12,46.15384615384615,False
829,1951,British Grand Prix,Silverstone Circuit,UK,20,13,40,4.0,1,7,35.0,True
830,1951,German Grand Prix,Nürburgring,Germany,22,11,51,4.636363636363637,1,11,50.0,True
831,1951,Italian Grand Prix,Autodromo Nazionale di Monza,Italy,23,10,65,5.478260869565218,3,13,56.52173913043478,False
832,1951,Spanish Grand Prix,Circuit de Pedralbes,Spain,20,10,33,3.3,2,10,50.0,False
833,1950,British Grand Prix,Silverstone Circuit,UK,23,12,75,6.521739130434782,1,11,47.82608695652174,True
834,1950,Monaco Grand Prix,Circuit de Monaco,Monaco,21,7,49,4.666666666666667,1,14,66.66666666666666,True
835,1950,Indianapolis 500,Indianapolis Motor Speedway,USA,35,25,146,8.514285714285714,5,10,28.57142857142857,False
836,1950,Swiss Grand Prix,Circuit Bremgarten,Switzerland,18,11,60,6.666666666666667,2,7,38.88888888888889,False
837,1950,Belgian Grand Prix,Circuit de Spa-Francorchamps,Belgium,14,10,24,3.4285714285714284,2,4,28.57142857142857,False
838,1950,French Grand Prix,Reims-Gueux,France,20,10,46,4.2,1,10,50.0,True
839,1950,Italian Grand Prix,Autodromo Nazionale di Monza,Italy,29,8,108,7.448275862068965,3,21,72.41379310344827,False
841,2011,Australian Grand Prix,Albert Park Grand Prix Circuit,Australia,22,14,48,4.363636363636363,1,8,36.36363636363637,True
842,2011,Malaysian Grand Prix,Sepang International Circuit,Malaysia,24,17,40,3.3333333333333335,1,7,29.166666666666668,True
843,2011,Chinese Grand Prix,Shanghai International Circuit,China,24,23,41,3.4166666666666665,3,1,4.166666666666666,False
844,2011,Turkish Grand Prix,Istanbul Park,Turkey,24,22,32,2.6666666666666665,1,2,8.333333333333332,True
845,2011,Spanish Grand Prix,Circuit de Barcelona-Catalunya,Spain,24,21,46,3.8333333333333335,2,3,12.5,False
846,2011,Monaco Grand Prix,Circuit de Monaco,Monaco,23,18,61,5.304347826086956,1,5,21.73913043478261,True
847,2011,Canadian Grand Prix,Circuit Gilles Villeneuve,Canada,24,18,84,7.0,7,6,25.0,False
848,2011,European Grand Prix,Valencia Street Circuit,Spain,24,24,24,2.0,1,0,0.0,True
849,2011,British Grand Prix,Silverstone Circuit,UK,24,19,59,4.916666666666667,3,5,20.833333333333336,False
850,2011,German Grand Prix,Nürburgring,Germany,24,20,44,3.6666666666666665,2,4,16.666666666666664,False
851,2011,Hungarian Grand Prix,Hungaroring,Hungary,24,20,48,4.0,3,4,16.666666666666664,False
852,2011,Belgian Grand Prix,Circuit de Spa-Francorchamps,Belgium,24,19,74,6.166666666666667,1,5,20.833333333333336,True
853,2011,Italian Grand Prix,Autodromo Nazionale di Monza,Italy,24,15,56,4.666666666666667,1,9,37.5,True
854,2011,Singapore Grand Prix,Marina Bay Street Circuit,Singapore,24,21,31,2.5833333333333335,1,3,12.5,True
855,2011,Japanese Grand Prix,Suzuka Circuit,Japan,24,23,34,2.8333333333333335,2,1,4.166666666666666,False
856,2011,Korean Grand Prix,Korean International Circuit,Korea,24,21,40,3.3333333333333335,2,3,12.5,False
857,2011,Indian Grand Prix,Buddh International Circuit,India,24,19,49,4.083333333333333,1,5,20.833333333333336,True
858,2011,Abu Dhabi Grand Prix,Yas Marina Circuit,UAE,24,20,38,3.1666666666666665,2,4,16.666666666666664,False
859,2011,Brazilian Grand Prix,Autódromo José Carlos Pace,Brazil,24,20,40,3.3333333333333335,2,4,16.666666666666664,False
860,2012,Australian Grand Prix,Albert Park Grand Prix Circuit,Australia,22,16,62,5.636363636363637,2,6,27.27272727272727,False
861,2012,Malaysian Grand Prix,Sepang International Circuit,Malaysia,24,22,68,5.666666666666667,8,2,8.333333333333332,False
862,2012,Chinese Grand Prix,Shanghai International Circuit,China,24,23,48,4.0,1,1,4.166666666666666,True
863,2012,Bahrain Grand Prix,Bahrain International Circuit,Bahrain,24,22,49,4.083333333333333,1,2,8.333333333333332,True
864,2012,Spanish Grand Prix,Circuit de Barcelona-Catalunya,Spain,24,19,42,3.5,1,5,20.833333333333336,True
865,2012,Monaco Grand Prix,Circuit de Monaco,Monaco,24,16,56,4.666666666666667,1,8,33.33333333333333,True
866,2012,Canadian Grand Prix,Circuit Gilles Villeneuve,Canada,24,21,41,3.4166666666666665,2,3,12.5,False
867,2012,European Grand Prix,Valencia Street Circuit,Spain,23,19,85,7.391304347826087,11,4,17.391304347826086,False
868,2012,British Grand Prix,Silverstone Circuit,UK,24,21,45,3.75,2,3,12.5,False
869,2012,German Grand Prix,Hockenheimring,Germany,24,23,49,4.083333333333333,1,1,4.166666666666666,True
870,2012,Hungarian Grand Prix,Hungaroring,Hungary,24,22,22,1.8333333333333333,1,2,8.333333333333332,True
871,2012,Belgian Grand Prix,Circuit de Spa-Francorchamps,Belgium,24,18,92,7.666666666666667,1,6,25.0,True
872,2012,Italian Grand Prix,Autodromo Nazionale di Monza,Italy,24,22,60,5.0,1,2,8.333333333333332,True
873,2012,Singapore Grand Prix,Marina Bay Street Circuit,Singapore,24,19,67,5.583333333333333,3,5,20.833333333333336,False
874,2012,Japanese Grand Prix,Suzuka Circuit,Japan,24,19,68,5.666666666666667,1,5,20.833333333333336,True
875,2012,Korean Grand Prix,Korean International Circuit,Korea,24,20,47,3.9166666666666665,2,4,16.666666666666664,False
876,2012,Indian Grand Prix,Buddh International Circuit,India,24,22,36,3.0,1,2,8.333333333333332,True
877,2012,Abu Dhabi Grand Prix,Yas Marina Circuit,UAE,24,17,84,7.0,4,7,29.166666666666668,False
878,2012,United States Grand Prix,Circuit of the Americas,USA,24,22,48,4.0,2,2,8.333333333333332,False
879,2012,Brazilian Grand Prix,Autódromo José Carlos Pace,Brazil,24,19,72,6.0,2,5,20.833333333333336,False
880,2013,Australian Grand Prix,Albert Park Grand Prix Circuit,Australia,22,18,44,4.0,7,4,18.181818181818183,False
881,2013,Malaysian Grand Prix,Sepang International Circuit,Malaysia,22,18,58,5.2727272727272725,1,4,18.181818181818183,True
882,2013,Chinese Grand Prix,Shanghai International Circuit,China,22,18,34,3.090909090909091,3,4,18.181818181818183,False
883,2013,Bahrain Grand Prix,Bahrain International Circuit,Bahrain,22,21,41,3.727272727272727,2,1,4.545454545454546,False
884,2013,Spanish Grand Prix,Circuit de Barcelona-Catalunya,Spain,22,22,44,4.0,5,0,0.0,False
885,2013,Monaco Grand Prix,Circuit de Monaco,Monaco,22,16,35,3.1818181818181817,1,6,27.27272727272727,True
886,2013,Canadian Grand Prix,Circuit Gilles Villeneuve,Canada,22,20,40,3.6363636363636362,1,2,9.090909090909092,True
887,2013,British Grand Prix,Silverstone Circuit,UK,22,20,57,5.181818181818182,2,2,9.090909090909092,False
888,2013,German Grand Prix,Nürburgring,Germany,22,19,35,3.1818181818181817,2,3,13.636363636363635,False
890,2013,Hungarian Grand Prix,Hungaroring,Hungary,22,19,44,4.0,1,3,13.636363636363635,True
891,2013,Belgian Grand Prix,Circuit de Spa-Francorchamps,Belgium,22,19,43,3.909090909090909,2,3,13.636363636363635,False
892,2013,Italian Grand Prix,Autodromo Nazionale di Monza,Italy,22,20,26,2.3636363636363638,1,2,9.090909090909092,True
893,2013,Singapore Grand Prix,Marina Bay Street Circuit,Singapore,22,20,51,4.636363636363637,1,2,9.090909090909092,True
894,2013,Korean Grand Prix,Korean International Circuit,Korea,22,20,43,3.909090909090909,1,2,9.090909090909092,True
895,2013,Japanese Grand Prix,Suzuka Circuit,Japan,22,19,38,3.4545454545454546,2,3,13.636363636363635,False
896,2013,Indian Grand Prix,Buddh International Circuit,India,22,19,42,3.8181818181818183,1,3,13.636363636363635,True
897,2013,Abu Dhabi Grand Prix,Yas Marina Circuit,UAE,22,21,27,2.4545454545454546,2,1,4.545454545454546,False
898,2013,United States Grand Prix,Circuit of the Americas,USA,22,21,23,2.090909090909091,1,1,4.545454545454546,True
899,2013,Brazilian Grand Prix,Autódromo José Carlos Pace,Brazil,22,19,46,4.181818181818182,1,3,13.636363636363635,True
900,2014,Australian Grand Prix,Albert Park Grand Prix Circuit,Australia,22,13,65,5.909090909090909,3,9,40.909090909090914,False
901,2014,Malaysian Grand Prix,Sepang International Circuit,Malaysia,22,15,49,4.454545454545454,1,7,31.818181818181817,True
902,2014,Bahrain Grand Prix,Bahrain International Circuit,Bahrain,22,17,43,3.909090909090909,2,5,22.727272727272727,False
903,2014,Chinese Grand Prix,Shanghai International Circuit,China,22,20,35,3.1818181818181817,1,2,9.090909090909092,True
904,2014,Spanish Grand Prix,Circuit de Barcelona-Catalunya,Spain,22,20,23,2.090909090909091,1,2,9.090909090909092,True
905,2014,Monaco Grand Prix,Circuit de Monaco,Monaco,22,14,65,5.909090909090909,1,8,36.36363636363637,True
906,2014,Canadian Grand Prix,Circuit Gilles Villeneuve,Canada,22,14,36,3.272727272727273,6,8,36.36363636363637,False
907,2014,Austrian Grand Prix,Red Bull Ring,Austria,22,19,43,3.909090909090909,3,3,13.636363636363635,False
908,2014,British Grand Prix,Silverstone Circuit,UK,22,17,45,4.090909090909091,6,5,22.727272727272727,False
909,2014,German Grand Prix,Hockenheimring,Germany,22,18,48,4.363636363636363,1,4,18.181818181818183,True
910,2014,Hungarian Grand Prix,Hungaroring,Hungary,22,16,54,4.909090909090909,4,6,27.27272727272727,False
911,2014,Belgian Grand Prix,Circuit de Spa-Francorchamps,Belgium,22,18,44,4.0,5,4,18.181818181818183,False
912,2014,Italian Grand Prix,Autodromo Nazionale di Monza,Italy,22,20,30,2.727272727272727,1,2,9.090909090909092,True
913,2014,Singapore Grand Prix,Marina Bay Street Circuit,Singapore,22,17,45,4.090909090909091,1,5,22.727272727272727,True
914,2014,Japanese Grand Prix,Suzuka Circuit,Japan,22,21,42,3.8181818181818183,2,1,4.545454545454546,False
915,2014,Russian Grand Prix,Sochi Autodrom,Russia,21,19,26,2.4761904761904763,1,2,9.523809523809524,True
916,2014,United States Grand Prix,Circuit of the Americas,USA,18,15,27,3.0,2,3,16.666666666666664,False
917,2014,Brazilian Grand Prix,Autódromo José Carlos Pace,Brazil,18,17,26,2.888888888888889,1,1,5.555555555555555,True
918,2014,Abu Dhabi Grand Prix,Yas Marina Circuit,UAE,20,17,46,4.6,2,3,15.0,False
926,2015,Australian Grand Prix,Albert Park Grand Prix Circuit,Australia,17,11,28,3.2941176470588234,1,6,35.294117647058826,True
927,2015,Malaysian Grand Prix,Sepang International Circuit,Malaysia,19,15,28,2.9473684210526314,2,4,21.052631578947366,False
928,2015,Chinese Grand Prix,Shanghai International Circuit,China,20,17,26,2.6,1,3,15.0,True
929,2015,Bahrain Grand Prix,Bahrain International Circuit,Bahrain,20,17,26,2.6,1,3,15.0,True
930,2015,Spanish Grand Prix,Circuit de Barcelona-Catalunya,Spain,20,18,27,2.7,1,2,10.0,True
931,2015,Monaco Grand Prix,Circuit de Monaco,Monaco,19,16,23,2.9473684210526314,2,3,15.789473684210526,False
932,2015,Canadian Grand Prix,Circuit Gilles Villeneuve,Canada,20,17,28,2.8,1,3,15.0,True
933,2015,Austrian Grand Prix,Red Bull Ring,Austria,20,14,26,2.6,2,6,30.0,False
934,2015,British Grand Prix,Silverstone Circuit,UK,20,13,33,3.3,1,7,35.0,True
936,2015,Hungarian Grand Prix,Hungaroring,Hungary,20,16,55,5.5,3,4,20.0,False
937,2015,Belgian Grand Prix,Circuit de Spa-Francorchamps,Belgium,20,16,53,5.3,1,4,20.0,True
938,2015,Italian Grand Prix,Autodromo Nazionale di Monza,Italy,20,18,49,4.6,1,2,10.0,True
939,2015,Singapore Grand Prix,Marina Bay Street Circuit,Singapore,20,15,43,4.3,1,5,25.0,True
940,2015,Japanese Grand Prix,Suzuka Circuit,Japan,20,19,33,3.3,2,1,5.0,False
941,2015,Russian Grand Prix,Sochi Autodrom,Russia,20,15,61,6.05,2,5,25.0,False
942,2015,United States Grand Prix,Circuit of the Americas,USA,20,12,50,5.0,2,8,40.0,False
943,2015,Mexican Grand Prix,Autódromo Hermanos Rodríguez,Mexico,20,16,22,2.2,1,4,20.0,True
944,2015,Brazilian Grand Prix,Autódromo José Carlos Pace,Brazil,20,18,29,2.9,1,2,10.0,True
945,2015,Abu Dhabi Grand Prix,Yas Marina Circuit,UAE,20,19,25,2.5,1,1,5.0,True
948,2016,Australian Grand Prix,Albert Park Grand Prix Circuit,Australia,22,16,44,4.0,2,6,27.27272727272727,False
949,2016,Bahrain Grand Prix,Bahrain International Circuit,Bahrain,22,17,53,4.818181818181818,2,5,22.727272727272727,False
950,2016,Chinese Grand Prix,Shanghai International Circuit,China,22,22,32,2.909090909090909,1,0,0.0,True
951,2016,Russian Grand Prix,Sochi Autodrom,Russia,22,18,53,4.818181818181818,1,4,18.181818181818183,True
952,2016,Spanish Grand Prix,Circuit de Barcelona-Catalunya,Spain,22,17,63,5.7272727272727275,4,5,22.727272727272727,False
953,2016,Monaco Grand Prix,Circuit de Monaco,Monaco,20,15,32,3.6,3,5,25.0,False
954,2016,Canadian Grand Prix,Circuit Gilles Villeneuve,Canada,22,19,34,3.090909090909091,1,3,13.636363636363635,True
955,2016,European Grand Prix,Baku City Circuit,Azerbaijan,22,18,44,4.0,1,4,18.181818181818183,True
956,2016,Austrian Grand Prix,Red Bull Ring,Austria,20,19,49,4.4,1,1,5.0,True
957,2016,British Grand Prix,Silverstone Circuit,UK,22,17,26,2.3636363636363638,1,5,22.727272727272727,True
958,2016,Hungarian Grand Prix,Hungaroring,Hungary,22,21,27,2.4545454545454546,2,1,4.545454545454546,False
959,2016,German Grand Prix,Hockenheimring,Germany,22,20,25,2.272727272727273,2,2,9.090909090909092,False
960,2016,Belgian Grand Prix,Circuit de Spa-Francorchamps,Belgium,22,17,53,4.818181818181818,1,5,22.727272727272727,True
961,2016,Italian Grand Prix,Autodromo Nazionale di Monza,Italy,22,18,23,2.090909090909091,2,4,18.181818181818183,False
962,2016,Singapore Grand Prix,Marina Bay Street Circuit,Singapore,22,18,48,4.363636363636363,1,4,18.181818181818183,True
963,2016,Malaysian Grand Prix,Sepang International Circuit,Malaysia,22,16,59,5.363636363636363,4,6,27.27272727272727,False
964,2016,Japanese Grand Prix,Suzuka Circuit,Japan,22,22,25,2.272727272727273,1,0,0.0,True
965,2016,United States Grand Prix,Circuit of the Americas,USA,22,18,60,5.454545454545454,1,4,18.181818181818183,True
966,2016,Mexican Grand Prix,Autódromo Hermanos Rodríguez,Mexico,22,21,23,2.090909090909091,1,1,4.545454545454546,True
967,2016,Brazilian Grand Prix,Autódromo José Carlos Pace,Brazil,22,16,48,4.363636363636363,1,6,27.27272727272727,True
968,2016,Abu Dhabi Grand Prix,Yas Marina Circuit,UAE,22,17,31,2.8181818181818183,1,5,22.727272727272727,True
969,2017,Australian Grand Prix,Albert Park Grand Prix Circuit,Australia,19,13,23,2.3157894736842106,2,6,31.57894736842105,False
970,2017,Chinese Grand Prix,Shanghai International Circuit,China,20,15,44,4.4,1,5,25.0,True
971,2017,Bahrain Grand Prix,Bahrain International Circuit,Bahrain,20,14,29,2.9,3,6,30.0,False
972,2017,Russian Grand Prix,Sochi Autodrom,Russia,20,16,24,2.4,3,4,20.0,False
973,2017,Spanish Grand Prix,Circuit de Barcelona-Catalunya,Spain,20,16,56,5.6,1,4,20.0,True
974,2017,Monaco Grand Prix,Circuit de Monaco,Monaco,20,15,29,2.9,2,5,25.0,False
975,2017,Canadian Grand Prix,Circuit Gilles Villeneuve,Canada,20,16,47,4.7,1,4,20.0,True
976,2017,Azerbaijan Grand Prix,Baku City Circuit,Azerbaijan,20,14,56,5.6,10,6,30.0,False
977,2017,Austrian Grand Prix,Red Bull Ring,Austria,20,16,38,3.8,1,4,20.0,True
978,2017,British Grand Prix,Silverstone Circuit,UK,20,17,35,3.5,1,3,15.0,True
979,2017,Hungarian Grand Prix,Hungaroring,Hungary,20,17,28,2.8,1,3,15.0,True
980,2017,Belgian Grand Prix,Circuit de Spa-Francorchamps,Belgium,20,17,38,3.8,1,3,15.0,True
981,2017,Italian Grand Prix,Autodromo Nazionale di Monza,Italy,20,18,30,3.0,1,2,10.0,True
982,2017,Singapore Grand Prix,Marina Bay Street Circuit,Singapore,20,12,69,6.9,5,8,40.0,False
983,2017,Malaysian Grand Prix,Sepang International Circuit,Malaysia,19,18,40,3.263157894736842,3,1,5.263157894736842,False
984,2017,Japanese Grand Prix,Suzuka Circuit,Japan,20,15,35,3.5,1,5,25.0,True
985,2017,United States Grand Prix,Circuit of the Americas,USA,20,16,36,3.6,1,4,20.0,True
986,2017,Mexican Grand Prix,Autódromo Hermanos Rodríguez,Mexico,20,15,41,4.1,2,5,25.0,False
987,2017,Brazilian Grand Prix,Autódromo José Carlos Pace,Brazil,20,16,40,4.0,2,4,20.0,False
988,2017,Abu Dhabi Grand Prix,Yas Marina Circuit,UAE,20,18,26,2.6,1,2,10.0,True
989,2018,Australian Grand Prix,Albert Park Grand Prix Circuit,Australia,20,15,31,3.1,3,5,25.0,False
990,2018,Bahrain Grand Prix,Bahrain International Circuit,Bahrain,20,17,49,4.9,1,3,15.0,True
991,2018,Chinese Grand Prix,Shanghai International Circuit,China,20,20,25,2.5,6,0,0.0,False
992,2018,Azerbaijan Grand Prix,Baku City Circuit,Azerbaijan,20,13,63,6.3,2,7,35.0,False
993,2018,Spanish Grand Prix,Circuit de Barcelona-Catalunya,Spain,20,14,40,4.0,1,6,30.0,True
994,2018,Monaco Grand Prix,Circuit de Monaco,Monaco,20,17,31,3.1,1,3,15.0,True
995,2018,Canadian Grand Prix,Circuit Gilles Villeneuve,Canada,20,17,24,2.4,1,3,15.0,True
996,2018,French Grand Prix,Circuit Paul Ricard,France,20,17,30,3.0,1,3,15.0,True
997,2018,Austrian Grand Prix,Red Bull Ring,Austria,20,15,56,5.6,4,5,25.0,False
998,2018,British Grand Prix,Silverstone Circuit,UK,19,14,35,3.6842105263157894,2,5,26.31578947368421,False
999,2018,German Grand Prix,Hockenheimring,Germany,20,16,45,4.5,14,4,20.0,False
1000,2018,Hungarian Grand Prix,Hungaroring,Hungary,20,17,30,3.0,1,3,15.0,True
1001,2018,Belgian Grand Prix,Circuit de Spa-Francorchamps,Belgium,20,15,39,3.9,2,5,25.0,False
1002,2018,Italian Grand Prix,Autodromo Nazionale di Monza,Italy,20,16,36,3.6,3,4,20.0,False
1003,2018,Singapore Grand Prix,Marina Bay Street Circuit,Singapore,20,19,29,2.9,1,1,5.0,True
1004,2018,Russian Grand Prix,Sochi Autodrom,Russia,20,18,29,2.9,2,2,10.0,False
1005,2018,Japanese Grand Prix,Suzuka Circuit,Japan,20,17,37,3.7,1,3,15.0,True
1006,2018,United States Grand Prix,Circuit of the Americas,USA,20,14,57,5.7,2,6,30.0,False
1007,2018,Mexican Grand Prix,Autódromo Hermanos Rodríguez,Mexico,20,16,41,4.1,2,4,20.0,False
1008,2018,Brazilian Grand Prix,Autódromo José Carlos Pace,Brazil,20,18,32,3.2,1,2,10.0,True
1009,2018,Abu Dhabi Grand Prix,Yas Marina Circuit,UAE,20,15,44,4.4,1,5,25.0,True
1010,2019,Australian Grand Prix,Albert Park Grand Prix Circuit,Australia,20,17,32,3.2,2,3,15.0,False
1011,2019,Bahrain Grand Prix,Bahrain International Circuit,Bahrain,20,16,41,4.1,3,4,20.0,False
1012,2019,Chinese Grand Prix,Shanghai International Circuit,China,19,17,20,2.6315789473684212,2,2,10.526315789473683,False
1013,2019,Azerbaijan Grand Prix,Baku City Circuit,Azerbaijan,17,14,16,2.7058823529411766,1,3,17.647058823529413,True
1014,2019,Spanish Grand Prix,Circuit de Barcelona-Catalunya,Spain,19,17,12,1.631578947368421,2,2,10.526315789473683,False
1015,2019,Monaco Grand Prix,Circuit de Monaco,Monaco,20,19,25,2.5,1,1,5.0,True
1016,2019,Canadian Grand Prix,Circuit Gilles Villeneuve,Canada,19,17,22,2.473684210526316,2,2,10.526315789473683,False
1017,2019,French Grand Prix,Circuit Paul Ricard,France,20,20,24,2.4,1,0,0.0,True
1018,2019,Austrian Grand Prix,Red Bull Ring,Austria,19,19,25,2.736842105263158,2,0,0.0,False
1019,2019,British Grand Prix,Silverstone Circuit,UK,20,17,36,3.6,2,3,15.0,False
1020,2019,German Grand Prix,Hockenheimring,Germany,20,14,72,7.2,2,6,30.0,False
1021,2019,Hungarian Grand Prix,Hungaroring,Hungary,20,19,25,2.5,3,1,5.0,False
1022,2019,Belgian Grand Prix,Circuit de Spa-Francorchamps,Belgium,19,17,41,4.473684210526316,1,2,10.526315789473683,True
1023,2019,Italian Grand Prix,Autodromo Nazionale di Monza,Italy,19,16,40,4.473684210526316,1,3,15.789473684210526,True
1024,2019,Singapore Grand Prix,Marina Bay Street Circuit,Singapore,20,17,26,2.6,3,3,15.0,False
1025,2019,Russian Grand Prix,Sochi Autodrom,Russia,19,14,32,4.157894736842105,2,5,26.31578947368421,False
1026,2019,Japanese Grand Prix,Suzuka Circuit,Japan,19,16,32,3.526315789473684,3,3,15.789473684210526,False
1027,2019,Mexican Grand Prix,Autódromo Hermanos Rodríguez,Mexico,20,18,30,3.0,3,2,10.0,False
1028,2019,United States Grand Prix,Circuit of the Americas,USA,19,17,21,2.736842105263158,1,2,10.526315789473683,True
1029,2019,Brazilian Grand Prix,Autódromo José Carlos Pace,Brazil,20,19,60,6.0,1,1,5.0,True
1030,2019,Abu Dhabi Grand Prix,Yas Marina Circuit,UAE,20,19,28,2.8,1,1,5.0,True
1031,2020,Austrian Grand Prix,Red Bull Ring,Austria,20,13,47,4.7,1,7,35.0,True
1032,2020,Styrian Grand Prix,Red Bull Ring,Austria,19,16,41,4.684210526315789,1,3,15.789473684210526,True
1033,2020,Hungarian Grand Prix,Hungaroring,Hungary,18,17,28,3.5555555555555554,1,1,5.555555555555555,True
1034,2020,British Grand Prix,Silverstone Circuit,UK,20,17,31,3.1,1,3,15.0,True
1035,2020,70th Anniversary Grand Prix,Silverstone Circuit,UK,20,19,31,3.1,4,1,5.0,False
1036,2020,Spanish Grand Prix,Circuit de Barcelona-Catalunya,Spain,20,19,19,1.9,1,1,5.0,True
1037,2020,Belgian Grand Prix,Circuit de Spa-Francorchamps,Belgium,20,17,21,2.1,1,3,15.0,True
1038,2020,Italian Grand Prix,Autodromo Nazionale di Monza,Italy,20,16,45,4.5,10,4,20.0,False
1039,2020,Tuscan Grand Prix,Autodromo Internazionale del Mugello,Italy,20,12,43,4.3,1,8,40.0,True
1040,2020,Russian Grand Prix,Sochi Autodrom,Russia,20,18,36,3.6,3,2,10.0,False
1041,2020,Eifel Grand Prix,Nürburgring,Germany,20,15,57,5.7,2,5,25.0,False
1042,2020,Portuguese Grand Prix,Autódromo Internacional do Algarve,Portugal,20,19,27,2.7,1,1,5.0,True
1043,2020,Emilia Romagna Grand Prix,Autodromo Enzo e Dino Ferrari,Italy,20,15,51,5.1,2,5,25.0,False
1044,2020,Turkish Grand Prix,Istanbul Park,Turkey,18,16,48,5.5,6,2,11.11111111111111,False
1045,2020,Bahrain Grand Prix,Bahrain International Circuit,Bahrain,20,18,32,3.2,1,2,10.0,True
1046,2020,Sakhir Grand Prix,Bahrain International Circuit,Bahrain,20,17,51,5.1,5,3,15.0,False
1047,2020,Abu Dhabi Grand Prix,Yas Marina Circuit,UAE,20,19,14,1.4,1,1,5.0,True
1051,2021,Qatar Grand Prix,Losail International Circuit,Qatar,20,18,39,3.9,1,2,10.0,True
1052,2021,Bahrain Grand Prix,Bahrain International Circuit,Bahrain,19,17,22,2.6315789473684212,2,2,10.526315789473683,False
1053,2021,Emilia Romagna Grand Prix,Autodromo Enzo e Dino Ferrari,Italy,19,16,37,3.789473684210526,3,3,15.789473684210526,False
1054,2021,Portuguese Grand Prix,Autódromo Internacional do Algarve,Portugal,20,19,24,2.4,2,1,5.0,False
1055,2021,Spanish Grand Prix,Circuit de Barcelona-Catalunya,Spain,20,19,17,1.7,1,1,5.0,True
1056,2021,Monaco Grand Prix,Circuit de Monaco,Monaco,20,18,35,3.5,2,2,10.0,False
1057,2021,Azerbaijan Grand Prix,Baku City Circuit,Azerbaijan,20,16,46,4.6,6,4,20.0,False
1058,2021,Styrian Grand Prix,Red Bull Ring,Austria,20,18,27,2.7,1,2,10.0,True
1059,2021,French Grand Prix,Circuit Paul Ricard,France,19,19,23,2.789473684210526,1,0,0.0,True
1060,2021,Austrian Grand Prix,Red Bull Ring,Austria,20,19,28,2.8,1,1,5.0,True
1061,2021,British Grand Prix,Silverstone Circuit,UK,19,17,28,3.1578947368421053,2,2,10.526315789473683,False
1062,2021,Hungarian Grand Prix,Hungaroring,Hungary,19,12,70,7.421052631578948,8,7,36.84210526315789,False
1063,2021,Belgian Grand Prix,Circuit de Spa-Francorchamps,Belgium,18,18,11,0.6666666666666666,1,0,0.0,True
1064,2021,Dutch Grand Prix,Circuit Park Zandvoort,Netherlands,18,16,9,1.8333333333333333,1,2,11.11111111111111,True
1065,2021,Italian Grand Prix,Autodromo Nazionale di Monza,Italy,18,15,41,4.333333333333333,2,3,16.666666666666664,False
1066,2021,Russian Grand Prix,Sochi Autodrom,Russia,20,19,43,4.3,4,1,5.0,False
1067,2021,Turkish Grand Prix,Istanbul Park,Turkey,20,20,39,3.9,1,0,0.0,True
1069,2021,United States Grand Prix,Circuit of the Americas,USA,20,17,24,2.4,1,3,15.0,True
1070,2021,Mexico City Grand Prix,Autódromo Hermanos Rodríguez,Mexico,20,18,34,3.4,3,2,10.0,False
1071,2021,São Paulo Grand Prix,Autódromo José Carlos Pace,Brazil,19,17,19,2.4210526315789473,10,2,10.526315789473683,False
1072,2021,Saudi Arabian Grand Prix,Jeddah Corniche Circuit,Saudi Arabia,20,15,34,3.4,1,5,25.0,True
1073,2021,Abu Dhabi Grand Prix,Yas Marina Circuit,UAE,20,15,25,2.5,1,5,25.0,True
1074,2022,Bahrain Grand Prix,Bahrain International Circuit,Bahrain,20,19,44,4.4,1,1,5.0,True
1075,2022,Saudi Arabian Grand Prix,Jeddah Corniche Circuit,Saudi Arabia,19,14,23,2.4210526315789473,4,5,26.31578947368421,False
1076,2022,Australian Grand Prix,Albert Park Grand Prix Circuit,Australia,20,17,39,3.9,1,3,15.0,True
1077,2022,Emilia Romagna Grand Prix,Autodromo Enzo e Dino Ferrari,Italy,19,17,45,5.0,1,2,10.526315789473683,True
1078,2022,Miami Grand Prix,Miami International Autodrome,USA,18,15,36,3.7777777777777777,3,3,16.666666666666664,False
1079,2022,Spanish Grand Prix,Circuit de Barcelona-Catalunya,Spain,20,18,40,4.0,2,2,10.0,False
1080,2022,Monaco Grand Prix,Circuit de Monaco,Monaco,20,17,26,2.6,3,3,15.0,False
1081,2022,Azerbaijan Grand Prix,Baku City Circuit,Azerbaijan,20,16,44,4.4,3,4,20.0,False
1082,2022,Canadian Grand Prix,Circuit Gilles Villeneuve,Canada,20,17,43,4.3,1,3,15.0,True
1083,2022,British Grand Prix,Silverstone Circuit,UK,20,14,43,4.3,1,6,30.0,True
1084,2022,Austrian Grand Prix,Red Bull Ring,Austria,19,16,28,3.4210526315789473,2,3,15.789473684210526,False
1085,2022,French Grand Prix,Circuit Paul Ricard,France,20,16,36,3.6,2,4,20.0,False
1086,2022,Hungarian Grand Prix,Hungaroring,Hungary,19,19,33,3.8947368421052633,10,0,0.0,False
1087,2022,Belgian Grand Prix,Circuit de Spa-Francorchamps,Belgium,18,16,45,5.333333333333333,14,2,11.11111111111111,False
1088,2022,Dutch Grand Prix,Circuit Park Zandvoort,Netherlands,20,18,27,2.7,1,2,10.0,True
1089,2022,Italian Grand Prix,Autodromo Nazionale di Monza,Italy,20,16,57,5.7,7,4,20.0,False
1091,2022,Singapore Grand Prix,Marina Bay Street Circuit,Singapore,19,13,32,3.6842105263157894,2,6,31.57894736842105,False
1092,2022,Japanese Grand Prix,Suzuka Circuit,Japan,20,18,29,2.9,1,2,10.0,True
1093,2022,United States Grand Prix,Circuit of the Americas,USA,19,16,45,5.2105263157894735,2,3,15.789473684210526,False
1094,2022,Mexico City Grand Prix,Autódromo Hermanos Rodríguez,Mexico,20,19,26,2.6,1,1,5.0,True
1095,2022,São Paulo Grand Prix,Autódromo José Carlos Pace,Brazil,19,16,42,4.578947368421052,1,3,15.789473684210526,True
1096,2022,Abu Dhabi Grand Prix,Yas Marina Circuit,UAE,20,19,30,3.0,1,1,5.0,True
1098,2023,Bahrain Grand Prix,Bahrain International Circuit,Bahrain,20,17,42,4.2,1,3,15.0,True
1099,2023,Saudi Arabian Grand Prix,Jeddah Corniche Circuit,Saudi Arabia,20,18,38,3.8,1,2,10.0,True
1100,2023,Australian Grand Prix,Albert Park Grand Prix Circuit,Australia,18,15,34,5.055555555555555,1,3,16.666666666666664,True
1101,2023,Azerbaijan Grand Prix,Baku City Circuit,Azerbaijan,18,16,15,2.0555555555555554,3,2,11.11111111111111,False
1102,2023,Miami Grand Prix,Miami International Autodrome,USA,20,20,29,2.9,9,0,0.0,False
1104,2023,Monaco Grand Prix,Circuit de Monaco,Monaco,20,18,21,2.1,1,2,10.0,True
1105,2023,Spanish Grand Prix,Circuit de Barcelona-Catalunya,Spain,20,20,36,3.6,1,0,0.0,True
1106,2023,Canadian Grand Prix,Circuit Gilles Villeneuve,Canada,20,18,43,4.3,1,2,10.0,True
1107,2023,Austrian Grand Prix,Red Bull Ring,Austria,18,17,28,3.3333333333333335,1,1,5.555555555555555,True
1108,2023,British Grand Prix,Silverstone Circuit,UK,20,18,30,3.0,1,2,10.0,True
1109,2023,Hungarian Grand Prix,Hungaroring,Hungary,20,17,38,3.8,2,3,15.0,False
1110,2023,Belgian Grand Prix,Circuit de Spa-Francorchamps,Belgium,19,17,31,3.3684210526315788,6,2,10.526315789473683,False
1111,2023,Dutch Grand Prix,Circuit Park Zandvoort,Netherlands,19,16,43,4.7368421052631575,1,3,15.789473684210526,True
1112,2023,Italian Grand Prix,Autodromo Nazionale di Monza,Italy,20,18,24,2.4,2,2,10.0,False
1113,2023,Singapore Grand Prix,Marina Bay Street Circuit,Singapore,18,15,39,4.722222222222222,1,3,16.666666666666664,True
1114,2023,Japanese Grand Prix,Suzuka Circuit,Japan,19,15,23,2.5789473684210527,1,4,21.052631578947366,True
1115,2023,Qatar Grand Prix,Losail International Circuit,Qatar,19,16,32,3.8947368421052633,1,3,15.789473684210526,True
1116,2023,United States Grand Prix,Circuit of the Americas,USA,16,12,28,5.125,6,4,25.0,False
1117,2023,Mexico City Grand Prix,Autódromo Hermanos Rodríguez,Mexico,19,16,39,4.2631578947368425,3,3,15.789473684210526,False
1118,2023,São Paulo Grand Prix,Autódromo José Carlos Pace,Brazil,19,14,47,4.0,1,5,26.31578947368421,True
1119,2023,Las Vegas Grand Prix,Las Vegas Strip Street Circuit,United States,20,19,56,5.6,2,1,5.0,False
1120,2023,Abu Dhabi Grand Prix,Yas Marina Circuit,UAE,20,20,21,2.1,1,0,0.0,True
1121,2024,Bahrain Grand Prix,Bahrain International Circuit,Bahrain,20,20,23,2.3,1,0,0.0,True
1122,2024,Saudi Arabian Grand Prix,Jeddah Corniche Circuit,Saudi Arabia,20,18,25,2.5,1,2,10.0,True
1123,2024,Australian Grand Prix,Albert Park Grand Prix Circuit,Australia,19,17,37,3.8947368421052633,2,2,10.526315789473683,False
1124,2024,Japanese Grand Prix,Suzuka Circuit,Japan,20,17,22,2.2,1,3,15.0,True
1125,2024,Chinese Grand Prix,Shanghai International Circuit,China,20,17,29,2.9,1,3,15.0,True
1126,2024,Miami Grand Prix,Miami International Autodrome,USA,20,19,28,2.8,5,1,5.0,False
1127,2024,Emilia Romagna Grand Prix,Autodromo Enzo e Dino Ferrari,Italy,20,19,21,2.1,1,1,5.0,True
1128,2024,Monaco Grand Prix,Circuit de Monaco,Monaco,20,16,9,0.9,1,4,20.0,True
1129,2024,Canadian Grand Prix,Circuit Gilles Villeneuve,Canada,18,13,29,3.8333333333333335,2,5,27.77777777777778,False
1130,2024,Spanish Grand Prix,Circuit de Barcelona-Catalunya,Spain,19,19,13,1.4736842105263157,2,0,0.0,False
1131,2024,Austrian Grand Prix,Red Bull Ring,Austria,20,20,32,3.2,3,0,0.0,False
1132,2024,British Grand Prix,Silverstone Circuit,UK,19,17,23,2.5789473684210527,2,2,10.526315789473683,False
1133,2024,Hungarian Grand Prix,Hungaroring,Hungary,19,19,25,2.6315789473684212,2,0,0.0,False
1134,2024,Belgian Grand Prix,Circuit de Spa-Francorchamps,Belgium,20,18,28,2.8,3,2,10.0,False
1135,2024,Dutch Grand Prix,Circuit Park Zandvoort,Netherlands,19,19,23,2.526315789473684,1,0,0.0,True
1136,2024,Italian Grand Prix,Autodromo Nazionale di Monza,Italy,20,19,21,2.1,4,1,5.0,False
1137,2024,Azerbaijan Grand Prix,Baku City Circuit,Azerbaijan,18,17,29,4.055555555555555,2,1,5.555555555555555,False
1138,2024,Singapore Grand Prix,Marina Bay Street Circuit,Singapore,20,19,27,2.7,1,1,5.0,True
1139,2024,United States Grand Prix,Circuit of the Americas,USA,20,19,38,3.8,4,1,5.0,False
1140,2024,Mexico City Grand Prix,Autódromo Hermanos Rodríguez,Mexico,19,16,27,3.210526315789474,1,3,15.789473684210526,True
1141,2024,São Paulo Grand Prix,Autódromo José Carlos Pace,Brazil,19,15,41,4.578947368421052,17,4,21.052631578947366,False
1142,2024,Las Vegas Grand Prix,Las Vegas Strip Street Circuit,United States,19,17,24,2.8421052631578947,1,2,10.526315789473683,True
1143,2024,Qatar Grand Prix,Losail International Circuit,Qatar,20,15,27,2.7,2,5,25.0,False
1144,2024,Abu Dhabi Grand Prix,Yas Marina Circuit,UAE,20,17,42,4.2,1,3,15.0,True
