============================================================
TABLE: circuits

Rows before:        77
Rows after:         77
Duplicates removed: 0

Missing values:
None

Status: SUCCESS
============================================================
Loading table: circuits
Error while loading circuits
(psycopg2.OperationalError) connection to server at "localhost" (127.0.0.1), port 5432 failed: FATAL:  role "postgres" does not exist

(Background on this error at: https://sqlalche.me/e/20/e3q8)
============================================================
TABLE: circuits

Rows before:        77
Rows after:         77
Duplicates removed: 0

Missing values:
None

Status: SUCCESS
============================================================
Loading table: circuits
Error while loading circuits
(psycopg2.OperationalError) connection to server at "localhost" (127.0.0.1), port 5432 failed: FATAL:  database "formula1" does not exist

(Background on this error at: https://sqlalche.me/e/20/e3q8)
============================================================
TABLE: circuits

Rows before:        77
Rows after:         77
Duplicates removed: 0

Missing values:
None

Status: SUCCESS
============================================================
Loading table: circuits
Error while loading circuits
(psycopg2.OperationalError) connection to server at "localhost" (127.0.0.1), port 5433 failed: FATAL:  password authentication failed for user "aqqnoor"

(Background on this error at: https://sqlalche.me/e/20/e3q8)
============================================================
TABLE: circuits

Rows before:        77
Rows after:         77
Duplicates removed: 0

Missing values:
None

Status: SUCCESS
============================================================
Loading table: circuits
Error while loading circuits
(psycopg2.errors.UndefinedColumn) column "circuitId" of relation "circuits" does not exist
LINE 1: INSERT INTO circuits ("circuitId", "circuitRef", name, locat...
                              ^

[SQL: INSERT INTO circuits ("circuitId", "circuitRef", name, location, country, lat, lng, alt, url) VALUES (%(circuitId__0)s, %(circuitRef__0)s, %(name__0)s, %(location__0)s, %(country__0)s, %(lat__0)s, %(lng__0)s, %(alt__0)s, %(url__0)s), (%(circuitId__1) ... 10593 characters truncated ... %(name__76)s, %(location__76)s, %(country__76)s, %(lat__76)s, %(lng__76)s, %(alt__76)s, %(url__76)s)]
[parameters: {'name__0': 'Albert Park Grand Prix Circuit', 'country__0': 'Australia', 'alt__0': 10, 'lng__0': 144.968, 'circuitRef__0': 'albert_park', 'url__0': 'http://en.wikipedia.org/wiki/Melbourne_Grand_Prix_Circuit', 'location__0': 'Melbourne', 'lat__0': -37.8497, 'circuitId__0': 1, 'name__1': 'Sepang International Circuit', 'country__1': 'Malaysia', 'alt__1': 18, 'lng__1': 101.738, 'circuitRef__1': 'sepang', 'url__1': 'http://en.wikipedia.org/wiki/Sepang_International_Circuit', 'location__1': 'Kuala Lumpur', 'lat__1': 2.76083, 'circuitId__1': 2, 'name__2': 'Bahrain International Circuit', 'country__2': 'Bahrain', 'alt__2': 7, 'lng__2': 50.5106, 'circuitRef__2': 'bahrain', 'url__2': 'http://en.wikipedia.org/wiki/Bahrain_International_Circuit', 'location__2': 'Sakhir', 'lat__2': 26.0325, 'circuitId__2': 3, 'name__3': 'Circuit de Barcelona-Catalunya', 'country__3': 'Spain', 'alt__3': 109, 'lng__3': 2.26111, 'circuitRef__3': 'catalunya', 'url__3': 'http://en.wikipedia.org/wiki/Circuit_de_Barcelona-Catalunya', 'location__3': 'Montmeló', 'lat__3': 41.57, 'circuitId__3': 4, 'name__4': 'Istanbul Park', 'country__4': 'Turkey', 'alt__4': 130, 'lng__4': 29.405, 'circuitRef__4': 'istanbul', 'url__4': 'http://en.wikipedia.org/wiki/Istanbul_Park', 'location__4': 'Istanbul', 'lat__4': 40.9517, 'circuitId__4': 5, 'name__5': 'Circuit de Monaco', 'country__5': 'Monaco', 'alt__5': 7, 'lng__5': 7.42056, 'circuitRef__5': 'monaco' ... 593 parameters truncated ... 'circuitRef__71': 'baku', 'url__71': 'http://en.wikipedia.org/wiki/Baku_City_Circuit', 'location__71': 'Baku', 'lat__71': 40.3725, 'circuitId__71': 73, 'name__72': 'Autódromo Internacional do Algarve', 'country__72': 'Portugal', 'alt__72': 108, 'lng__72': -8.6267, 'circuitRef__72': 'portimao', 'url__72': 'http://en.wikipedia.org/wiki/Algarve_International_Circuit', 'location__72': 'Portimão', 'lat__72': 37.227, 'circuitId__72': 75, 'name__73': 'Autodromo Internazionale del Mugello', 'country__73': 'Italy', 'alt__73': 255, 'lng__73': 11.3719, 'circuitRef__73': 'mugello', 'url__73': 'http://en.wikipedia.org/wiki/Mugello_Circuit', 'location__73': 'Mugello', 'lat__73': 43.9975, 'circuitId__73': 76, 'name__74': 'Jeddah Corniche Circuit', 'country__74': 'Saudi Arabia', 'alt__74': 15, 'lng__74': 39.1044, 'circuitRef__74': 'jeddah', 'url__74': 'http://en.wikipedia.org/wiki/Jeddah_Street_Circuit', 'location__74': 'Jeddah', 'lat__74': 21.6319, 'circuitId__74': 77, 'name__75': 'Losail International Circuit', 'country__75': 'Qatar', 'alt__75': 12, 'lng__75': 51.4542, 'circuitRef__75': 'losail', 'url__75': 'http://en.wikipedia.org/wiki/Losail_International_Circuit', 'location__75': 'Al Daayen', 'lat__75': 25.49, 'circuitId__75': 78, 'name__76': 'Miami International Autodrome', 'country__76': 'USA', 'alt__76': 0, 'lng__76': -80.2389, 'circuitRef__76': 'miami', 'url__76': 'http://en.wikipedia.org/wiki/Miami_International_Autodrome', 'location__76': 'Miami', 'lat__76': 25.9581, 'circuitId__76': 79}]
(Background on this error at: https://sqlalche.me/e/20/f405)
============================================================
TABLE: circuits

Rows before:        77
Rows after:         77
Duplicates removed: 0

Missing values:
None

Status: SUCCESS
============================================================
Loading table: circuits
circuits loaded successfully
============================================================
TABLE: status

Rows before:        139
Rows after:         139
Duplicates removed: 0

Missing values:
None

Status: SUCCESS
============================================================
Loading table: status
status loaded successfully
driver_id: найдено 588938 дубликатов
============================================================
TABLE: lap_times

Rows before:        589081
Rows after:         589081
Duplicates removed: 0

Missing values:
None

Status: SUCCESS
============================================================
Loading table: lap_times
Error while loading lap_times
(psycopg2.errors.ForeignKeyViolation) insert or update on table "lap_times" violates foreign key constraint "lap_times_race_id_fkey"
DETAIL:  Key (race_id)=(841) is not present in table "races".

[SQL: INSERT INTO lap_times (race_id, driver_id, lap, position, race_time, milliseconds) VALUES (%(race_id__0)s, %(driver_id__0)s, %(lap__0)s, %(position__0)s, %(race_time__0)s, %(milliseconds__0)s), (%(race_id__1)s, %(driver_id__1)s, %(lap__1)s, %(positio ... 115078 characters truncated ... 9)s, %(driver_id__999)s, %(lap__999)s, %(position__999)s, %(race_time__999)s, %(milliseconds__999)s)]
[parameters: {'race_id__0': 841, 'lap__0': 1, 'race_time__0': '1:38.109', 'milliseconds__0': 98109, 'position__0': 1, 'driver_id__0': 20, 'race_id__1': 841, 'lap__1': 2, 'race_time__1': '1:33.006', 'milliseconds__1': 93006, 'position__1': 1, 'driver_id__1': 20, 'race_id__2': 841, 'lap__2': 3, 'race_time__2': '1:32.713', 'milliseconds__2': 92713, 'position__2': 1, 'driver_id__2': 20, 'race_id__3': 841, 'lap__3': 4, 'race_time__3': '1:32.803', 'milliseconds__3': 92803, 'position__3': 1, 'driver_id__3': 20, 'race_id__4': 841, 'lap__4': 5, 'race_time__4': '1:32.342', 'milliseconds__4': 92342, 'position__4': 1, 'driver_id__4': 20, 'race_id__5': 841, 'lap__5': 6, 'race_time__5': '1:32.605', 'milliseconds__5': 92605, 'position__5': 1, 'driver_id__5': 20, 'race_id__6': 841, 'lap__6': 7, 'race_time__6': '1:32.502', 'milliseconds__6': 92502, 'position__6': 1, 'driver_id__6': 20, 'race_id__7': 841, 'lap__7': 8, 'race_time__7': '1:32.537', 'milliseconds__7': 92537, 'position__7': 1, 'driver_id__7': 20, 'race_id__8': 841, 'lap__8': 9 ... 5900 parameters truncated ... 'position__991': 15, 'driver_id__991': 22, 'race_id__992': 841, 'lap__992': 34, 'race_time__992': '1:32.206', 'milliseconds__992': 92206, 'position__992': 15, 'driver_id__992': 22, 'race_id__993': 841, 'lap__993': 35, 'race_time__993': '1:32.279', 'milliseconds__993': 92279, 'position__993': 15, 'driver_id__993': 22, 'race_id__994': 841, 'lap__994': 36, 'race_time__994': '1:35.167', 'milliseconds__994': 95167, 'position__994': 15, 'driver_id__994': 22, 'race_id__995': 841, 'lap__995': 37, 'race_time__995': '1:33.247', 'milliseconds__995': 93247, 'position__995': 15, 'driver_id__995': 22, 'race_id__996': 841, 'lap__996': 38, 'race_time__996': '1:32.676', 'milliseconds__996': 92676, 'position__996': 15, 'driver_id__996': 22, 'race_id__997': 841, 'lap__997': 39, 'race_time__997': '1:32.876', 'milliseconds__997': 92876, 'position__997': 15, 'driver_id__997': 22, 'race_id__998': 841, 'lap__998': 40, 'race_time__998': '1:55.064', 'milliseconds__998': 115064, 'position__998': 15, 'driver_id__998': 22, 'race_id__999': 841, 'lap__999': 41, 'race_time__999': '1:43.533', 'milliseconds__999': 103533, 'position__999': 15, 'driver_id__999': 22}]
(Background on this error at: https://sqlalche.me/e/20/gkpj)
============================================================
TABLE: seasons

Rows before:        75
Rows after:         75
Duplicates removed: 0

Missing values:
None

Status: SUCCESS
============================================================
Loading table: seasons
seasons loaded successfully
============================================================
TABLE: circuits

Rows before:        77
Rows after:         77
Duplicates removed: 0

Missing values:
None

Status: SUCCESS
============================================================
Loading table: circuits
Error while loading circuits
(psycopg2.errors.UniqueViolation) duplicate key value violates unique constraint "circuits_pkey"
DETAIL:  Key (circuit_id)=(1) already exists.

[SQL: INSERT INTO circuits (circuit_id, circuit_ref, name, location, country, lat, lng, alt, url) VALUES (%(circuit_id__0)s, %(circuit_ref__0)s, %(name__0)s, %(location__0)s, %(country__0)s, %(lat__0)s, %(lng__0)s, %(alt__0)s, %(url__0)s), (%(circuit_id__1 ... 10745 characters truncated ... %(name__76)s, %(location__76)s, %(country__76)s, %(lat__76)s, %(lng__76)s, %(alt__76)s, %(url__76)s)]
[parameters: {'circuit_id__0': 1, 'circuit_ref__0': 'albert_park', 'url__0': 'http://en.wikipedia.org/wiki/Melbourne_Grand_Prix_Circuit', 'lat__0': -37.8497, 'name__0': 'Albert Park Grand Prix Circuit', 'location__0': 'Melbourne', 'country__0': 'Australia', 'lng__0': 144.968, 'alt__0': 10, 'circuit_id__1': 2, 'circuit_ref__1': 'sepang', 'url__1': 'http://en.wikipedia.org/wiki/Sepang_International_Circuit', 'lat__1': 2.76083, 'name__1': 'Sepang International Circuit', 'location__1': 'Kuala Lumpur', 'country__1': 'Malaysia', 'lng__1': 101.738, 'alt__1': 18, 'circuit_id__2': 3, 'circuit_ref__2': 'bahrain', 'url__2': 'http://en.wikipedia.org/wiki/Bahrain_International_Circuit', 'lat__2': 26.0325, 'name__2': 'Bahrain International Circuit', 'location__2': 'Sakhir', 'country__2': 'Bahrain', 'lng__2': 50.5106, 'alt__2': 7, 'circuit_id__3': 4, 'circuit_ref__3': 'catalunya', 'url__3': 'http://en.wikipedia.org/wiki/Circuit_de_Barcelona-Catalunya', 'lat__3': 41.57, 'name__3': 'Circuit de Barcelona-Catalunya', 'location__3': 'Montmeló', 'country__3': 'Spain', 'lng__3': 2.26111, 'alt__3': 109, 'circuit_id__4': 5, 'circuit_ref__4': 'istanbul', 'url__4': 'http://en.wikipedia.org/wiki/Istanbul_Park', 'lat__4': 40.9517, 'name__4': 'Istanbul Park', 'location__4': 'Istanbul', 'country__4': 'Turkey', 'lng__4': 29.405, 'alt__4': 130, 'circuit_id__5': 6, 'circuit_ref__5': 'monaco', 'url__5': 'http://en.wikipedia.org/wiki/Circuit_de_Monaco', 'lat__5': 43.7347, 'name__5': 'Circuit de Monaco' ... 593 parameters truncated ... 'name__71': 'Baku City Circuit', 'location__71': 'Baku', 'country__71': 'Azerbaijan', 'lng__71': 49.8533, 'alt__71': -7, 'circuit_id__72': 75, 'circuit_ref__72': 'portimao', 'url__72': 'http://en.wikipedia.org/wiki/Algarve_International_Circuit', 'lat__72': 37.227, 'name__72': 'Autódromo Internacional do Algarve', 'location__72': 'Portimão', 'country__72': 'Portugal', 'lng__72': -8.6267, 'alt__72': 108, 'circuit_id__73': 76, 'circuit_ref__73': 'mugello', 'url__73': 'http://en.wikipedia.org/wiki/Mugello_Circuit', 'lat__73': 43.9975, 'name__73': 'Autodromo Internazionale del Mugello', 'location__73': 'Mugello', 'country__73': 'Italy', 'lng__73': 11.3719, 'alt__73': 255, 'circuit_id__74': 77, 'circuit_ref__74': 'jeddah', 'url__74': 'http://en.wikipedia.org/wiki/Jeddah_Street_Circuit', 'lat__74': 21.6319, 'name__74': 'Jeddah Corniche Circuit', 'location__74': 'Jeddah', 'country__74': 'Saudi Arabia', 'lng__74': 39.1044, 'alt__74': 15, 'circuit_id__75': 78, 'circuit_ref__75': 'losail', 'url__75': 'http://en.wikipedia.org/wiki/Losail_International_Circuit', 'lat__75': 25.49, 'name__75': 'Losail International Circuit', 'location__75': 'Al Daayen', 'country__75': 'Qatar', 'lng__75': 51.4542, 'alt__75': 12, 'circuit_id__76': 79, 'circuit_ref__76': 'miami', 'url__76': 'http://en.wikipedia.org/wiki/Miami_International_Autodrome', 'lat__76': 25.9581, 'name__76': 'Miami International Autodrome', 'location__76': 'Miami', 'country__76': 'USA', 'lng__76': -80.2389, 'alt__76': 0}]
(Background on this error at: https://sqlalche.me/e/20/gkpj)
============================================================
TABLE: seasons

Rows before:        75
Rows after:         75
Duplicates removed: 0

Missing values:
None

Status: SUCCESS
============================================================
Loading table: seasons
seasons loaded successfully
============================================================
TABLE: circuits

Rows before:        77
Rows after:         77
Duplicates removed: 0

Missing values:
None

Status: SUCCESS
============================================================
Loading table: circuits
circuits loaded successfully
driver_id: дубликатов не найдено
============================================================
TABLE: drivers

Rows before:        861
Rows after:         861
Duplicates removed: 0

Missing values:
number              802
code                757

Status: SUCCESS
============================================================
Loading table: drivers
drivers loaded successfully
============================================================
TABLE: constructors

Rows before:        212
Rows after:         212
Duplicates removed: 0

Missing values:
None

Status: SUCCESS
============================================================
Loading table: constructors
constructors loaded successfully
============================================================
TABLE: status

Rows before:        139
Rows after:         139
Duplicates removed: 0

Missing values:
None

Status: SUCCESS
============================================================
Loading table: status
status loaded successfully
============================================================
TABLE: races

Rows before:        1125
Rows after:         1125
Duplicates removed: 0

Missing values:
race_time           731
fp1_date            1035
fp1_time            1057
fp2_date            1035
fp2_time            1057
fp3_date            1053
fp3_time            1072
quali_date          1035
quali_time          1057
sprint_date         1107
sprint_time         1110

Status: SUCCESS
============================================================
Loading table: races
Error while loading races
(psycopg2.errors.UndefinedColumn) column "race_time" of relation "races" does not exist
LINE 1: ...es (race_id, year, round, circuit_id, name, date, race_time,...
                                                             ^

[SQL: INSERT INTO races (race_id, year, round, circuit_id, name, date, race_time, url, fp1_date, fp1_time, fp2_date, fp2_time, fp3_date, fp3_time, quali_date, quali_time, sprint_date, sprint_time) VALUES (%(race_id__0)s, %(year__0)s, %(round__0)s, %(circui ... 333866 characters truncated ... 3_time__999)s, %(quali_date__999)s, %(quali_time__999)s, %(sprint_date__999)s, %(sprint_time__999)s)]
[parameters: {'fp1_time__0': None, 'name__0': 'Australian Grand Prix', 'round__0': 1, 'fp1_date__0': None, 'quali_date__0': None, 'quali_time__0': None, 'fp2_date__0': None, 'url__0': 'http://en.wikipedia.org/wiki/2009_Australian_Grand_Prix', 'sprint_time__0': None, 'race_time__0': '06:00:00', 'fp2_time__0': None, 'sprint_date__0': None, 'race_id__0': 1, 'circuit_id__0': 1, 'fp3_time__0': None, 'year__0': 2009, 'fp3_date__0': None, 'date__0': datetime.datetime(2009, 3, 29, 0, 0), 'fp1_time__1': None, 'name__1': 'Malaysian Grand Prix', 'round__1': 2, 'fp1_date__1': None, 'quali_date__1': None, 'quali_time__1': None, 'fp2_date__1': None, 'url__1': 'http://en.wikipedia.org/wiki/2009_Malaysian_Grand_Prix', 'sprint_time__1': None, 'race_time__1': '09:00:00', 'fp2_time__1': None, 'sprint_date__1': None, 'race_id__1': 2, 'circuit_id__1': 2, 'fp3_time__1': None, 'year__1': 2009, 'fp3_date__1': None, 'date__1': datetime.datetime(2009, 4, 5, 0, 0), 'fp1_time__2': None, 'name__2': 'Chinese Grand Prix', 'round__2': 3, 'fp1_date__2': None, 'quali_date__2': None, 'quali_time__2': None, 'fp2_date__2': None, 'url__2': 'http://en.wikipedia.org/wiki/2009_Chinese_Grand_Prix', 'sprint_time__2': None, 'race_time__2': '07:00:00', 'fp2_time__2': None, 'sprint_date__2': None, 'race_id__2': 3, 'circuit_id__2': 17 ... 17900 parameters truncated ... 'quali_date__997': None, 'quali_time__997': None, 'fp2_date__997': None, 'url__997': 'http://en.wikipedia.org/wiki/2019_Australian_Grand_Prix', 'sprint_time__997': None, 'race_time__997': '05:10:00', 'fp2_time__997': None, 'sprint_date__997': None, 'race_id__997': 1010, 'circuit_id__997': 1, 'fp3_time__997': None, 'year__997': 2019, 'fp3_date__997': None, 'date__997': datetime.datetime(2019, 3, 17, 0, 0), 'fp1_time__998': None, 'name__998': 'Bahrain Grand Prix', 'round__998': 2, 'fp1_date__998': None, 'quali_date__998': None, 'quali_time__998': None, 'fp2_date__998': None, 'url__998': 'http://en.wikipedia.org/wiki/2019_Bahrain_Grand_Prix', 'sprint_time__998': None, 'race_time__998': '15:10:00', 'fp2_time__998': None, 'sprint_date__998': None, 'race_id__998': 1011, 'circuit_id__998': 3, 'fp3_time__998': None, 'year__998': 2019, 'fp3_date__998': None, 'date__998': datetime.datetime(2019, 3, 31, 0, 0), 'fp1_time__999': None, 'name__999': 'Chinese Grand Prix', 'round__999': 3, 'fp1_date__999': None, 'quali_date__999': None, 'quali_time__999': None, 'fp2_date__999': None, 'url__999': 'http://en.wikipedia.org/wiki/2019_Chinese_Grand_Prix', 'sprint_time__999': None, 'race_time__999': '06:10:00', 'fp2_time__999': None, 'sprint_date__999': None, 'race_id__999': 1012, 'circuit_id__999': 17, 'fp3_time__999': None, 'year__999': 2019, 'fp3_date__999': None, 'date__999': datetime.datetime(2019, 4, 14, 0, 0)}]
(Background on this error at: https://sqlalche.me/e/20/f405)
============================================================
TABLE: seasons

Rows before:        75
Rows after:         75
Duplicates removed: 0

Missing values:
None

Status: SUCCESS
============================================================
Loading table: seasons
seasons loaded successfully
============================================================
TABLE: circuits

Rows before:        77
Rows after:         77
Duplicates removed: 0

Missing values:
None

Status: SUCCESS
============================================================
Loading table: circuits
circuits loaded successfully
driver_id: дубликатов не найдено
============================================================
TABLE: drivers

Rows before:        861
Rows after:         861
Duplicates removed: 0

Missing values:
number              802
code                757

Status: SUCCESS
============================================================
Loading table: drivers
drivers loaded successfully
============================================================
TABLE: constructors

Rows before:        212
Rows after:         212
Duplicates removed: 0

Missing values:
None

Status: SUCCESS
============================================================
Loading table: constructors
constructors loaded successfully
============================================================
TABLE: status

Rows before:        139
Rows after:         139
Duplicates removed: 0

Missing values:
None

Status: SUCCESS
============================================================
Loading table: status
status loaded successfully
============================================================
TABLE: races

Rows before:        1125
Rows after:         1125
Duplicates removed: 0

Missing values:
race_time           731
fp1_date            1035
fp1_time            1057
fp2_date            1035
fp2_time            1057
fp3_date            1053
fp3_time            1072
quali_date          1035
quali_time          1057
sprint_date         1107
sprint_time         1110

Status: SUCCESS
============================================================
Loading table: races
Error while loading races
(psycopg2.errors.UndefinedColumn) column "race_time" of relation "races" does not exist
LINE 1: ...es (race_id, year, round, circuit_id, name, date, race_time,...
                                                             ^

[SQL: INSERT INTO races (race_id, year, round, circuit_id, name, date, race_time, url, fp1_date, fp1_time, fp2_date, fp2_time, fp3_date, fp3_time, quali_date, quali_time, sprint_date, sprint_time) VALUES (%(race_id_m0)s, %(year_m0)s, %(round_m0)s, %(circuit_id_m0)s, %(name_m0)s, %(date_m0)s, %(race_time_m0)s, %(url_m0)s, %(fp1_date_m0)s, %(fp1_time_m0)s, %(fp2_date_m0)s, %(fp2_time_m0)s, %(fp3_date_m0)s, %(fp3_time_m0)s, %(quali_date_m0)s, %(quali_time_m0)s, %(sprint_date_m0)s, %(sprint_time_m0)s), (%(race_id_m1)s, %(year_m1)s, %(round_m1)s, %(circuit_id_m1)s, %(name_m1)s, %(date_m1)s, %(race_time_m1)s, %(url_m1)s, %(fp1_date_m1)s, %(fp1_time_m1)s, %(fp2_date_m1)s, %(fp2_time_m1)s, %(fp3_date_m1)s, %(fp3_time_m1)s, %(quali_date_m1)s, %(quali_time_m1)s, %(sprint_date_m1)s, %(sprint_time_m1)s), (%(race_id_m2)s, %(year_m2)s, %(round_m2)s, %(circuit_id_m2)s, %(name_m2)s, %(date_m2)s, %(race_time_m2)s, %(url_m2)s, %(fp1_date_m2)s, %(fp1_time_m2)s, %(fp2_date_m2)s, %(fp2_time_m2)s, %(fp3_date_m2)s, %(fp3_time_m2)s, %(quali_date_m2)s, %(quali_time_m2)s, %(sprint_date_m2)s, %(sprint_time_m2)s), (%(race_id_m3)s, %(year_m3)s, %(round_m3)s, %(circuit_id_m3)s, %(name_m3)s, %(date_m3)s, %(race_time_m3)s, %(url_m3)s, %(fp1_date_m3)s, %(fp1_time_m3)s, %(fp2_date_m3)s, %(fp2_time_m3)s, %(fp3_date_m3)s, %(fp3_time_m3)s, %(quali_date_m3)s, %(quali_time_m3)s, %(sprint_date_m3)s, %(sprint_time_m3)s), (%(race_id_m4)s, %(year_m4)s, %(round_m4)s, %(circuit_id_m4)s, %(name_m4)s, %(date_m4)s, %(race_time_m4)s, %(url_m4)s, %(fp1_date_m4)s, %(fp1_time_m4)s, %(fp2_date_m4)s, %(fp2_time_m4)s, %(fp3_date_m4)s, %(fp3_time_m4)s, %(quali_date_m4)s, %(quali_time_m4)s, %(sprint_date_m4)s, %(sprint_time_m4)s), (%(race_id_m5)s, %(year_m5)s, %(round_m5)s, %(circuit_id_m5)s, %(name_m5)s, %(date_m5)s, %(race_time_m5)s, %(url_m5)s, %(fp1_date_m5)s, %(fp1_time_m5)s, %(fp2_date_m5)s, %(fp2_time_m5)s, %(fp3_date_m5)s, %(fp3_time_m5)s, %(quali_date_m5)s, %(quali_time_m5)s, %(sprint_date_m5)s, %(sprint_time_m5)s), (%(race_id_m6)s, %(year_m6)s, %(round_m6)s, %(circuit_id_m6)s, %(name_m6)s, %(date_m6)s, %(race_time_m6)s, %(url_m6)s, %(fp1_date_m6)s, %(fp1_time_m6)s, %(fp2_date_m6)s, %(fp2_time_m6)s, %(fp3_date_m6)s, %(fp3_time_m6)s, %(quali_date_m6)s, %(quali_time_m6)s, %(sprint_date_m6)s, %(sprint_time_m6)s), (%(race_id_m7)s, %(year_m7)s, %(round_m7)s, %(circuit_id_m7)s, %(name_m7)s, %(date_m7)s, %(race_time_m7)s, %(url_m7)s, %(fp1_date_m7)s, %(fp1_time_m7)s, %(fp2_date_m7)s, %(fp2_time_m7)s, %(fp3_date_m7)s, %(fp3_time_m7)s, %(quali_date_m7)s, %(quali_time_m7)s, %(sprint_date_m7)s, %(sprint_time_m7)s), (%(race_id_m8)s, %(year_m8)s, %(round_m8)s, %(circuit_id_m8)s, %(name_m8)s, %(date_m8)s, %(race_time_m8)s, %(url_m8)s, %(fp1_date_m8)s, %(fp1_time_m8)s, %(fp2_date_m8)s, %(fp2_time_m8)s, %(fp3_date_m8)s, %(fp3_time_m8)s, %(quali_date_m8)s, %(quali_time_m8)s, %(sprint_date_m8)s, %(sprint_time_m8)s), (%(race_id_m9)s, %(year_m9)s, %(round_m9)s, %(circuit_id_m9)s, %(name_m9)s, %(date_m9)s, %(race_time_m9)s, %(url_m9)s, %(fp1_date_m9)s, %(fp1_time_m9)s, %(fp2_date_m9)s, %(fp2_time_m9)s, %(fp3_date_m9)s, %(fp3_time_m9)s, %(quali_date_m9)s, %(quali_time_m9)s, %(sprint_date_m9)s, %(sprint_time_m9)s), (%(race_id_m10)s, %(year_m10)s, %(round_m10)s, %(circuit_id_m10)s, %(name_m10)s, %(date_m10)s, %(race_time_m10)s, %(url_m10)s, %(fp1_date_m10)s, %(fp1_time_m10)s, %(fp2_date_m10)s, %(fp2_time_m10)s, %(fp3_date_m10)s, %(fp3_time_m10)s, %(quali_date_m10)s, %(quali_time_m10)s, %(sprint_date_m10)s, %(sprint_time_m10)s), (%(race_id_m11)s, %(year_m11)s, %(round_m11)s, %(circuit_id_m11)s, %(name_m11)s, %(date_m11)s, %(race_time_m11)s, %(url_m11)s, %(fp1_date_m11)s, %(fp1_time_m11)s, %(fp2_date_m11)s, %(fp2_time_m11)s, %(fp3_date_m11)s, %(fp3_time_m11)s, %(quali_date_m11)s, %(quali_time_m11)s, %(sprint_date_m11)s, %(sprint_time_m11)s), (%(race_id_m12)s, %(year_m12)s, %(round_m12)s, %(circuit_id_m12)s, %(name_m12)s, %(date_m12)s, %(race_time_m12)s, %(url_m12)s, %(fp1_date_m12)s, %(fp1_time_m12)s, %(fp2_date_m12)s, %(fp2_time_m12)s, %(fp3_date_m12)s, %(fp3_time_m12)s, %(quali_date_m12)s, %(quali_time_m12)s, %(sprint_date_m12)s, %(sprint_time_m12)s), (%(race_id_m13)s, %(year_m13)s, %(round_m13)s, %(circuit_id_m13)s, %(name_m13)s, %(date_m13)s, %(race_time_m13)s, %(url_m13)s, %(fp1_date_m13)s, %(fp1_time_m13)s, %(fp2_date_m13)s, %(fp2_time_m13)s, %(fp3_date_m13)s, %(fp3_time_m13)s, %(quali_date_m13)s, %(quali_time_m13)s, %(sprint_date_m13)s, %(sprint_time_m13)s), (%(race_id_m14)s, %(year_m14)s, %(round_m14)s, %(circuit_id_m14)s, %(name_m14)s, %(date_m14)s, %(race_time_m14)s, %(url_m14)s, %(fp1_date_m14)s, %(fp1_time_m14)s, %(fp2_date_m14)s, %(fp2_time_m14)s, %(fp3_date_m14)s, %(fp3_time_m14)s, %(quali_date_m14)s, %(quali_time_m14)s, %(sprint_date_m14)s, %(sprint_time_m14)s), (%(race_id_m15)s, %(year_m15)s, %(round_m15)s, %(circuit_id_m15)s, %(name_m15)s, %(date_m15)s, %(race_time_m15)s, %(url_m15)s, %(fp1_date_m15)s, %(fp1_time_m15)s, %(fp2_date_m15)s, %(fp2_time_m15)s, %(fp3_date_m15)s, %(fp3_time_m15)s, %(quali_date_m15)s, %(quali_time_m15)s, %(sprint_date_m15)s, %(sprint_time_m15)s), (%(race_id_m16)s, %(year_m16)s, %(round_m16)s, %(circuit_id_m16)s, %(name_m16)s, %(date_m16)s, %(race_time_m16)s, %(url_m16)s, %(fp1_date_m16)s, %(fp1_time_m16)s, %(fp2_date_m16)s, %(fp2_time_m16)s, %(fp3_date_m16)s, %(fp3_time_m16)s, %(quali_date_m16)s, %(quali_time_m16)s, %(sprint_date_m16)s, %(sprint_time_m16)s), (%(race_id_m17)s, %(year_m17)s, %(round_m17)s, %(circuit_id_m17)s, %(name_m17)s, %(date_m17)s, %(race_time_m17)s, %(url_m17)s, %(fp1_date_m17)s, %(fp1_time_m17)s, %(fp2_date_m17)s, %(fp2_time_m17)s, %(fp3_date_m17)s, %(fp3_time_m17)s, %(quali_date_m17)s, %(quali_time_m17)s, %(sprint_date_m17)s, %(sprint_time_m17)s), (%(race_id_m18)s, %(year_m18)s, %(round_m18)s, %(circuit_id_m18)s, %(name_m18)s, %(date_m18)s, %(race_time_m18)s, %(url_m18)s, %(fp1_date_m18)s, %(fp1_time_m18)s, %(fp2_date_m18)s, %(fp2_time_m18)s, %(fp3_date_m18)s, %(fp3_time_m18)s, %(quali_date_m18)s, %(quali_time_m18)s, %(sprint_date_m18)s, %(sprint_time_m18)s), (%(race_id_m19)s, %(year_m19)s, %(round_m19)s, %(circuit_id_m19)s, %(name_m19)s, %(date_m19)s, %(race_time_m19)s, %(url_m19)s, %(fp1_date_m19)s, %(fp1_time_m19)s, %(fp2_date_m19)s, %(fp2_time_m19)s, %(fp3_date_m19)s, %(fp3_time_m19)s, %(quali_date_m19)s, %(quali_time_m19)s, %(sprint_date_m19)s, %(sprint_time_m19)s), (%(race_id_m20)s, %(year_m20)s, %(round_m20)s, %(circuit_id_m20)s, %(name_m20)s, %(date_m20)s, %(race_time_m20)s, %(url_m20)s, %(fp1_date_m20)s, %(fp1_time_m20)s, %(fp2_date_m20)s, %(fp2_time_m20)s, %(fp3_date_m20)s, %(fp3_time_m20)s, %(quali_date_m20)s, %(quali_time_m20)s, %(sprint_date_m20)s, %(sprint_time_m20)s), (%(race_id_m21)s, %(year_m21)s, %(round_m21)s, %(circuit_id_m21)s, %(name_m21)s, %(date_m21)s, %(race_time_m21)s, %(url_m21)s, %(fp1_date_m21)s, %(fp1_time_m21)s, %(fp2_date_m21)s, %(fp2_time_m21)s, %(fp3_date_m21)s, %(fp3_time_m21)s, %(quali_date_m21)s, %(quali_time_m21)s, %(sprint_date_m21)s, %(sprint_time_m21)s), (%(race_id_m22)s, %(year_m22)s, %(round_m22)s, %(circuit_id_m22)s, %(name_m22)s, %(date_m22)s, %(race_time_m22)s, %(url_m22)s, %(fp1_date_m22)s, %(fp1_time_m22)s, %(fp2_date_m22)s, %(fp2_time_m22)s, %(fp3_date_m22)s, %(fp3_time_m22)s, %(quali_date_m22)s, %(quali_time_m22)s, %(sprint_date_m22)s, %(sprint_time_m22)s), (%(race_id_m23)s, %(year_m23)s, %(round_m23)s, %(circuit_id_m23)s, %(name_m23)s, %(date_m23)s, %(race_time_m23)s, %(url_m23)s, %(fp1_date_m23)s, %(fp1_time_m23)s, %(fp2_date_m23)s, %(fp2_time_m23)s, %(fp3_date_m23)s, %(fp3_time_m23)s, %(quali_date_m23)s, %(quali_time_m23)s, %(sprint_date_m23)s, %(sprint_time_m23)s), (%(race_id_m24)s, %(year_m24)s, %(round_m24)s, %(circuit_id_m24)s, %(name_m24)s, %(date_m24)s, %(race_time_m24)s, %(url_m24)s, %(fp1_date_m24)s, %(fp1_time_m24)s, %(fp2_date_m24)s, %(fp2_time_m24)s, %(fp3_date_m24)s, %(fp3_time_m24)s, %(quali_date_m24)s, %(quali_time_m24)s, %(sprint_date_m24)s, %(sprint_time_m24)s), (%(race_id_m25)s, %(year_m25)s, %(round_m25)s, %(circuit_id_m25)s, %(name_m25)s, %(date_m25)s, %(race_time_m25)s, %(url_m25)s, %(fp1_date_m25)s, %(fp1_time_m25)s, %(fp2_date_m25)s, %(fp2_time_m25)s, %(fp3_date_m25)s, %(fp3_time_m25)s, %(quali_date_m25)s, %(quali_time_m25)s, %(sprint_date_m25)s, %(sprint_time_m25)s), (%(race_id_m26)s, %(year_m26)s, %(round_m26)s, %(circuit_id_m26)s, %(name_m26)s, %(date_m26)s, %(race_time_m26)s, %(url_m26)s, %(fp1_date_m26)s, %(fp1_time_m26)s, %(fp2_date_m26)s, %(fp2_time_m26)s, %(fp3_date_m26)s, %(fp3_time_m26)s, %(quali_date_m26)s, %(quali_time_m26)s, %(sprint_date_m26)s, %(sprint_time_m26)s), (%(race_id_m27)s, %(year_m27)s, %(round_m27)s, %(circuit_id_m27)s, %(name_m27)s, %(date_m27)s, %(race_time_m27)s, %(url_m27)s, %(fp1_date_m27)s, %(fp1_time_m27)s, %(fp2_date_m27)s, %(fp2_time_m27)s, %(fp3_date_m27)s, %(fp3_time_m27)s, %(quali_date_m27)s, %(quali_time_m27)s, %(sprint_date_m27)s, %(sprint_time_m27)s), (%(race_id_m28)s, %(year_m28)s, %(round_m28)s, %(circuit_id_m28)s, %(name_m28)s, %(date_m28)s, %(race_time_m28)s, %(url_m28)s, %(fp1_date_m28)s, %(fp1_time_m28)s, %(fp2_date_m28)s, %(fp2_time_m28)s, %(fp3_date_m28)s, %(fp3_time_m28)s, %(quali_date_m28)s, %(quali_time_m28)s, %(sprint_date_m28)s, %(sprint_time_m28)s), (%(race_id_m29)s, %(year_m29)s, %(round_m29)s, %(circuit_id_m29)s, %(name_m29)s, %(date_m29)s, %(race_time_m29)s, %(url_m29)s, %(fp1_date_m29)s, %(fp1_time_m29)s, %(fp2_date_m29)s, %(fp2_time_m29)s, %(fp3_date_m29)s, %(fp3_time_m29)s, %(quali_date_m29)s, %(quali_time_m29)s, %(sprint_date_m29)s, %(sprint_time_m29)s), (%(race_id_m30)s, %(year_m30)s, %(round_m30)s, %(circuit_id_m30)s, %(name_m30)s, %(date_m30)s, %(race_time_m30)s, %(url_m30)s, %(fp1_date_m30)s, %(fp1_time_m30)s, %(fp2_date_m30)s, %(fp2_time_m30)s, %(fp3_date_m30)s, %(fp3_time_m30)s, %(quali_date_m30)s, %(quali_time_m30)s, %(sprint_date_m30)s, %(sprint_time_m30)s), (%(race_id_m31)s, %(year_m31)s, %(round_m31)s, %(circuit_id_m31)s, %(name_m31)s, %(date_m31)s, %(race_time_m31)s, %(url_m31)s, %(fp1_date_m31)s, %(fp1_time_m31)s, %(fp2_date_m31)s, %(fp2_time_m31)s, %(fp3_date_m31)s, %(fp3_time_m31)s, %(quali_date_m31)s, %(quali_time_m31)s, %(sprint_date_m31)s, %(sprint_time_m31)s), (%(race_id_m32)s, %(year_m32)s, %(round_m32)s, %(circuit_id_m32)s, %(name_m32)s, %(date_m32)s, %(race_time_m32)s, %(url_m32)s, %(fp1_date_m32)s, %(fp1_time_m32)s, %(fp2_date_m32)s, %(fp2_time_m32)s, %(fp3_date_m32)s, %(fp3_time_m32)s, %(quali_date_m32)s, %(quali_time_m32)s, %(sprint_date_m32)s, %(sprint_time_m32)s), (%(race_id_m33)s, %(year_m33)s, %(round_m33)s, %(circuit_id_m33)s, %(name_m33)s, %(date_m33)s, %(race_time_m33)s, %(url_m33)s, %(fp1_date_m33)s, %(fp1_time_m33)s, %(fp2_date_m33)s, %(fp2_time_m33)s, %(fp3_date_m33)s, %(fp3_time_m33)s, %(quali_date_m33)s, %(quali_time_m33)s, %(sprint_date_m33)s, %(sprint_time_m33)s), (%(race_id_m34)s, %(year_m34)s, %(round_m34)s, %(circuit_id_m34)s, %(name_m34)s, %(date_m34)s, %(race_time_m34)s, %(url_m34)s, %(fp1_date_m34)s, %(fp1_time_m34)s, %(fp2_date_m34)s, %(fp2_time_m34)s, %(fp3_date_m34)s, %(fp3_time_m34)s, %(quali_date_m34)s, %(quali_time_m34)s, %(sprint_date_m34)s, %(sprint_time_m34)s), (%(race_id_m35)s, %(year_m35)s, %(round_m35)s, %(circuit_id_m35)s, %(name_m35)s, %(date_m35)s, %(race_time_m35)s, %(url_m35)s, %(fp1_date_m35)s, %(fp1_time_m35)s, %(fp2_date_m35)s, %(fp2_time_m35)s, %(fp3_date_m35)s, %(fp3_time_m35)s, %(quali_date_m35)s, %(quali_time_m35)s, %(sprint_date_m35)s, %(sprint_time_m35)s), (%(race_id_m36)s, %(year_m36)s, %(round_m36)s, %(circuit_id_m36)s, %(name_m36)s, %(date_m36)s, %(race_time_m36)s, %(url_m36)s, %(fp1_date_m36)s, %(fp1_time_m36)s, %(fp2_date_m36)s, %(fp2_time_m36)s, %(fp3_date_m36)s, %(fp3_time_m36)s, %(quali_date_m36)s, %(quali_time_m36)s, %(sprint_date_m36)s, %(sprint_time_m36)s), (%(race_id_m37)s, %(year_m37)s, %(round_m37)s, %(circuit_id_m37)s, %(name_m37)s, %(date_m37)s, %(race_time_m37)s, %(url_m37)s, %(fp1_date_m37)s, %(fp1_time_m37)s, %(fp2_date_m37)s, %(fp2_time_m37)s, %(fp3_date_m37)s, %(fp3_time_m37)s, %(quali_date_m37)s, %(quali_time_m37)s, %(sprint_date_m37)s, %(sprint_time_m37)s), (%(race_id_m38)s, %(year_m38)s, %(round_m38)s, %(circuit_id_m38)s, %(name_m38)s, %(date_m38)s, %(race_time_m38)s, %(url_m38)s, %(fp1_date_m38)s, %(fp1_time_m38)s, %(fp2_date_m38)s, %(fp2_time_m38)s, %(fp3_date_m38)s, %(fp3_time_m38)s, %(quali_date_m38)s, %(quali_time_m38)s, %(sprint_date_m38)s, %(sprint_time_m38)s), (%(race_id_m39)s, %(year_m39)s, %(round_m39)s, %(circuit_id_m39)s, %(name_m39)s, %(date_m39)s, %(race_time_m39)s, %(url_m39)s, %(fp1_date_m39)s, %(fp1_time_m39)s, %(fp2_date_m39)s, %(fp2_time_m39)s, %(fp3_date_m39)s, %(fp3_time_m39)s, %(quali_date_m39)s, %(quali_time_m39)s, %(sprint_date_m39)s, %(sprint_time_m39)s), (%(race_id_m40)s, %(year_m40)s, %(round_m40)s, %(circuit_id_m40)s, %(name_m40)s, %(date_m40)s, %(race_time_m40)s, %(url_m40)s, %(fp1_date_m40)s, %(fp1_time_m40)s, %(fp2_date_m40)s, %(fp2_time_m40)s, %(fp3_date_m40)s, %(fp3_time_m40)s, %(quali_date_m40)s, %(quali_time_m40)s, %(sprint_date_m40)s, %(sprint_time_m40)s), (%(race_id_m41)s, %(year_m41)s, %(round_m41)s, %(circuit_id_m41)s, %(name_m41)s, %(date_m41)s, %(race_time_m41)s, %(url_m41)s, %(fp1_date_m41)s, %(fp1_time_m41)s, %(fp2_date_m41)s, %(fp2_time_m41)s, %(fp3_date_m41)s, %(fp3_time_m41)s, %(quali_date_m41)s, %(quali_time_m41)s, %(sprint_date_m41)s, %(sprint_time_m41)s), (%(race_id_m42)s, %(year_m42)s, %(round_m42)s, %(circuit_id_m42)s, %(name_m42)s, %(date_m42)s, %(race_time_m42)s, %(url_m42)s, %(fp1_date_m42)s, %(fp1_time_m42)s, %(fp2_date_m42)s, %(fp2_time_m42)s, %(fp3_date_m42)s, %(fp3_time_m42)s, %(quali_date_m42)s, %(quali_time_m42)s, %(sprint_date_m42)s, %(sprint_time_m42)s), (%(race_id_m43)s, %(year_m43)s, %(round_m43)s, %(circuit_id_m43)s, %(name_m43)s, %(date_m43)s, %(race_time_m43)s, %(url_m43)s, %(fp1_date_m43)s, %(fp1_time_m43)s, %(fp2_date_m43)s, %(fp2_time_m43)s, %(fp3_date_m43)s, %(fp3_time_m43)s, %(quali_date_m43)s, %(quali_time_m43)s, %(sprint_date_m43)s, %(sprint_time_m43)s), (%(race_id_m44)s, %(year_m44)s, %(round_m44)s, %(circuit_id_m44)s, %(name_m44)s, %(date_m44)s, %(race_time_m44)s, %(url_m44)s, %(fp1_date_m44)s, %(fp1_time_m44)s, %(fp2_date_m44)s, %(fp2_time_m44)s, %(fp3_date_m44)s, %(fp3_time_m44)s, %(quali_date_m44)s, %(quali_time_m44)s, %(sprint_date_m44)s, %(sprint_time_m44)s), (%(race_id_m45)s, %(year_m45)s, %(round_m45)s, %(circuit_id_m45)s, %(name_m45)s, %(date_m45)s, %(race_time_m45)s, %(url_m45)s, %(fp1_date_m45)s, %(fp1_time_m45)s, %(fp2_date_m45)s, %(fp2_time_m45)s, %(fp3_date_m45)s, %(fp3_time_m45)s, %(quali_date_m45)s, %(quali_time_m45)s, %(sprint_date_m45)s, %(sprint_time_m45)s), (%(race_id_m46)s, %(year_m46)s, %(round_m46)s, %(circuit_id_m46)s, %(name_m46)s, %(date_m46)s, %(race_time_m46)s, %(url_m46)s, %(fp1_date_m46)s, %(fp1_time_m46)s, %(fp2_date_m46)s, %(fp2_time_m46)s, %(fp3_date_m46)s, %(fp3_time_m46)s, %(quali_date_m46)s, %(quali_time_m46)s, %(sprint_date_m46)s, %(sprint_time_m46)s), (%(race_id_m47)s, %(year_m47)s, %(round_m47)s, %(circuit_id_m47)s, %(name_m47)s, %(date_m47)s, %(race_time_m47)s, %(url_m47)s, %(fp1_date_m47)s, %(fp1_time_m47)s, %(fp2_date_m47)s, %(fp2_time_m47)s, %(fp3_date_m47)s, %(fp3_time_m47)s, %(quali_date_m47)s, %(quali_time_m47)s, %(sprint_date_m47)s, %(sprint_time_m47)s), (%(race_id_m48)s, %(year_m48)s, %(round_m48)s, %(circuit_id_m48)s, %(name_m48)s, %(date_m48)s, %(race_time_m48)s, %(url_m48)s, %(fp1_date_m48)s, %(fp1_time_m48)s, %(fp2_date_m48)s, %(fp2_time_m48)s, %(fp3_date_m48)s, %(fp3_time_m48)s, %(quali_date_m48)s, %(quali_time_m48)s, %(sprint_date_m48)s, %(sprint_time_m48)s), (%(race_id_m49)s, %(year_m49)s, %(round_m49)s, %(circuit_id_m49)s, %(name_m49)s, %(date_m49)s, %(race_time_m49)s, %(url_m49)s, %(fp1_date_m49)s, %(fp1_time_m49)s, %(fp2_date_m49)s, %(fp2_time_m49)s, %(fp3_date_m49)s, %(fp3_time_m49)s, %(quali_date_m49)s, %(quali_time_m49)s, %(sprint_date_m49)s, %(sprint_time_m49)s), (%(race_id_m50)s, %(year_m50)s, %(round_m50)s, %(circuit_id_m50)s, %(name_m50)s, %(date_m50)s, %(race_time_m50)s, %(url_m50)s, %(fp1_date_m50)s, %(fp1_time_m50)s, %(fp2_date_m50)s, %(fp2_time_m50)s, %(fp3_date_m50)s, %(fp3_time_m50)s, %(quali_date_m50)s, %(quali_time_m50)s, %(sprint_date_m50)s, %(sprint_time_m50)s), (%(race_id_m51)s, %(year_m51)s, %(round_m51)s, %(circuit_id_m51)s, %(name_m51)s, %(date_m51)s, %(race_time_m51)s, %(url_m51)s, %(fp1_date_m51)s, %(fp1_time_m51)s, %(fp2_date_m51)s, %(fp2_time_m51)s, %(fp3_date_m51)s, %(fp3_time_m51)s, %(quali_date_m51)s, %(quali_time_m51)s, %(sprint_date_m51)s, %(sprint_time_m51)s), (%(race_id_m52)s, %(year_m52)s, %(round_m52)s, %(circuit_id_m52)s, %(name_m52)s, %(date_m52)s, %(race_time_m52)s, %(url_m52)s, %(fp1_date_m52)s, %(fp1_time_m52)s, %(fp2_date_m52)s, %(fp2_time_m52)s, %(fp3_date_m52)s, %(fp3_time_m52)s, %(quali_date_m52)s, %(quali_time_m52)s, %(sprint_date_m52)s, %(sprint_time_m52)s), (%(race_id_m53)s, %(year_m53)s, %(round_m53)s, %(circuit_id_m53)s, %(name_m53)s, %(date_m53)s, %(race_time_m53)s, %(url_m53)s, %(fp1_date_m53)s, %(fp1_time_m53)s, %(fp2_date_m53)s, %(fp2_time_m53)s, %(fp3_date_m53)s, %(fp3_time_m53)s, %(quali_date_m53)s, %(quali_time_m53)s, %(sprint_date_m53)s, %(sprint_time_m53)s), (%(race_id_m54)s, %(year_m54)s, %(round_m54)s, %(circuit_id_m54)s, %(name_m54)s, %(date_m54)s, %(race_time_m54)s, %(url_m54)s, %(fp1_date_m54)s, %(fp1_time_m54)s, %(fp2_date_m54)s, %(fp2_time_m54)s, %(fp3_date_m54)s, %(fp3_time_m54)s, %(quali_date_m54)s, %(quali_time_m54)s, %(sprint_date_m54)s, %(sprint_time_m54)s), (%(race_id_m55)s, %(year_m55)s, %(round_m55)s, %(circuit_id_m55)s, %(name_m55)s, %(date_m55)s, %(race_time_m55)s, %(url_m55)s, %(fp1_date_m55)s, %(fp1_time_m55)s, %(fp2_date_m55)s, %(fp2_time_m55)s, %(fp3_date_m55)s, %(fp3_time_m55)s, %(quali_date_m55)s, %(quali_time_m55)s, %(sprint_date_m55)s, %(sprint_time_m55)s), (%(race_id_m56)s, %(year_m56)s, %(round_m56)s, %(circuit_id_m56)s, %(name_m56)s, %(date_m56)s, %(race_time_m56)s, %(url_m56)s, %(fp1_date_m56)s, %(fp1_time_m56)s, %(fp2_date_m56)s, %(fp2_time_m56)s, %(fp3_date_m56)s, %(fp3_time_m56)s, %(quali_date_m56)s, %(quali_time_m56)s, %(sprint_date_m56)s, %(sprint_time_m56)s), (%(race_id_m57)s, %(year_m57)s, %(round_m57)s, %(circuit_id_m57)s, %(name_m57)s, %(date_m57)s, %(race_time_m57)s, %(url_m57)s, %(fp1_date_m57)s, %(fp1_time_m57)s, %(fp2_date_m57)s, %(fp2_time_m57)s, %(fp3_date_m57)s, %(fp3_time_m57)s, %(quali_date_m57)s, %(quali_time_m57)s, %(sprint_date_m57)s, %(sprint_time_m57)s), (%(race_id_m58)s, %(year_m58)s, %(round_m58)s, %(circuit_id_m58)s, %(name_m58)s, %(date_m58)s, %(race_time_m58)s, %(url_m58)s, %(fp1_date_m58)s, %(fp1_time_m58)s, %(fp2_date_m58)s, %(fp2_time_m58)s, %(fp3_date_m58)s, %(fp3_time_m58)s, %(quali_date_m58)s, %(quali_time_m58)s, %(sprint_date_m58)s, %(sprint_time_m58)s), (%(race_id_m59)s, %(year_m59)s, %(round_m59)s, %(circuit_id_m59)s, %(name_m59)s, %(date_m59)s, %(race_time_m59)s, %(url_m59)s, %(fp1_date_m59)s, %(fp1_time_m59)s, %(fp2_date_m59)s, %(fp2_time_m59)s, %(fp3_date_m59)s, %(fp3_time_m59)s, %(quali_date_m59)s, %(quali_time_m59)s, %(sprint_date_m59)s, %(sprint_time_m59)s), (%(race_id_m60)s, %(year_m60)s, %(round_m60)s, %(circuit_id_m60)s, %(name_m60)s, %(date_m60)s, %(race_time_m60)s, %(url_m60)s, %(fp1_date_m60)s, %(fp1_time_m60)s, %(fp2_date_m60)s, %(fp2_time_m60)s, %(fp3_date_m60)s, %(fp3_time_m60)s, %(quali_date_m60)s, %(quali_time_m60)s, %(sprint_date_m60)s, %(sprint_time_m60)s), (%(race_id_m61)s, %(year_m61)s, %(round_m61)s, %(circuit_id_m61)s, %(name_m61)s, %(date_m61)s, %(race_time_m61)s, %(url_m61)s, %(fp1_date_m61)s, %(fp1_time_m61)s, %(fp2_date_m61)s, %(fp2_time_m61)s, %(fp3_date_m61)s, %(fp3_time_m61)s, %(quali_date_m61)s, %(quali_time_m61)s, %(sprint_date_m61)s, %(sprint_time_m61)s), (%(race_id_m62)s, %(year_m62)s, %(round_m62)s, %(circuit_id_m62)s, %(name_m62)s, %(date_m62)s, %(race_time_m62)s, %(url_m62)s, %(fp1_date_m62)s, %(fp1_time_m62)s, %(fp2_date_m62)s, %(fp2_time_m62)s, %(fp3_date_m62)s, %(fp3_time_m62)s, %(quali_date_m62)s, %(quali_time_m62)s, %(sprint_date_m62)s, %(sprint_time_m62)s), (%(race_id_m63)s, %(year_m63)s, %(round_m63)s, %(circuit_id_m63)s, %(name_m63)s, %(date_m63)s, %(race_time_m63)s, %(url_m63)s, %(fp1_date_m63)s, %(fp1_time_m63)s, %(fp2_date_m63)s, %(fp2_time_m63)s, %(fp3_date_m63)s, %(fp3_time_m63)s, %(quali_date_m63)s, %(quali_time_m63)s, %(sprint_date_m63)s, %(sprint_time_m63)s), (%(race_id_m64)s, %(year_m64)s, %(round_m64)s, %(circuit_id_m64)s, %(name_m64)s, %(date_m64)s, %(race_time_m64)s, %(url_m64)s, %(fp1_date_m64)s, %(fp1_time_m64)s, %(fp2_date_m64)s, %(fp2_time_m64)s, %(fp3_date_m64)s, %(fp3_time_m64)s, %(quali_date_m64)s, %(quali_time_m64)s, %(sprint_date_m64)s, %(sprint_time_m64)s), (%(race_id_m65)s, %(year_m65)s, %(round_m65)s, %(circuit_id_m65)s, %(name_m65)s, %(date_m65)s, %(race_time_m65)s, %(url_m65)s, %(fp1_date_m65)s, %(fp1_time_m65)s, %(fp2_date_m65)s, %(fp2_time_m65)s, %(fp3_date_m65)s, %(fp3_time_m65)s, %(quali_date_m65)s, %(quali_time_m65)s, %(sprint_date_m65)s, %(sprint_time_m65)s), (%(race_id_m66)s, %(year_m66)s, %(round_m66)s, %(circuit_id_m66)s, %(name_m66)s, %(date_m66)s, %(race_time_m66)s, %(url_m66)s, %(fp1_date_m66)s, %(fp1_time_m66)s, %(fp2_date_m66)s, %(fp2_time_m66)s, %(fp3_date_m66)s, %(fp3_time_m66)s, %(quali_date_m66)s, %(quali_time_m66)s, %(sprint_date_m66)s, %(sprint_time_m66)s), (%(race_id_m67)s, %(year_m67)s, %(round_m67)s, %(circuit_id_m67)s, %(name_m67)s, %(date_m67)s, %(race_time_m67)s, %(url_m67)s, %(fp1_date_m67)s, %(fp1_time_m67)s, %(fp2_date_m67)s, %(fp2_time_m67)s, %(fp3_date_m67)s, %(fp3_time_m67)s, %(quali_date_m67)s, %(quali_time_m67)s, %(sprint_date_m67)s, %(sprint_time_m67)s), (%(race_id_m68)s, %(year_m68)s, %(round_m68)s, %(circuit_id_m68)s, %(name_m68)s, %(date_m68)s, %(race_time_m68)s, %(url_m68)s, %(fp1_date_m68)s, %(fp1_time_m68)s, %(fp2_date_m68)s, %(fp2_time_m68)s, %(fp3_date_m68)s, %(fp3_time_m68)s, %(quali_date_m68)s, %(quali_time_m68)s, %(sprint_date_m68)s, %(sprint_time_m68)s), (%(race_id_m69)s, %(year_m69)s, %(round_m69)s, %(circuit_id_m69)s, %(name_m69)s, %(date_m69)s, %(race_time_m69)s, %(url_m69)s, %(fp1_date_m69)s, %(fp1_time_m69)s, %(fp2_date_m69)s, %(fp2_time_m69)s, %(fp3_date_m69)s, %(fp3_time_m69)s, %(quali_date_m69)s, %(quali_time_m69)s, %(sprint_date_m69)s, %(sprint_time_m69)s), (%(race_id_m70)s, %(year_m70)s, %(round_m70)s, %(circuit_id_m70)s, %(name_m70)s, %(date_m70)s, %(race_time_m70)s, %(url_m70)s, %(fp1_date_m70)s, %(fp1_time_m70)s, %(fp2_date_m70)s, %(fp2_time_m70)s, %(fp3_date_m70)s, %(fp3_time_m70)s, %(quali_date_m70)s, %(quali_time_m70)s, %(sprint_date_m70)s, %(sprint_time_m70)s), (%(race_id_m71)s, %(year_m71)s, %(round_m71)s, %(circuit_id_m71)s, %(name_m71)s, %(date_m71)s, %(race_time_m71)s, %(url_m71)s, %(fp1_date_m71)s, %(fp1_time_m71)s, %(fp2_date_m71)s, %(fp2_time_m71)s, %(fp3_date_m71)s, %(fp3_time_m71)s, %(quali_date_m71)s, %(quali_time_m71)s, %(sprint_date_m71)s, %(sprint_time_m71)s), (%(race_id_m72)s, %(year_m72)s, %(round_m72)s, %(circuit_id_m72)s, %(name_m72)s, %(date_m72)s, %(race_time_m72)s, %(url_m72)s, %(fp1_date_m72)s, %(fp1_time_m72)s, %(fp2_date_m72)s, %(fp2_time_m72)s, %(fp3_date_m72)s, %(fp3_time_m72)s, %(quali_date_m72)s, %(quali_time_m72)s, %(sprint_date_m72)s, %(sprint_time_m72)s), (%(race_id_m73)s, %(year_m73)s, %(round_m73)s, %(circuit_id_m73)s, %(name_m73)s, %(date_m73)s, %(race_time_m73)s, %(url_m73)s, %(fp1_date_m73)s, %(fp1_time_m73)s, %(fp2_date_m73)s, %(fp2_time_m73)s, %(fp3_date_m73)s, %(fp3_time_m73)s, %(quali_date_m73)s, %(quali_time_m73)s, %(sprint_date_m73)s, %(sprint_time_m73)s), (%(race_id_m74)s, %(year_m74)s, %(round_m74)s, %(circuit_id_m74)s, %(name_m74)s, %(date_m74)s, %(race_time_m74)s, %(url_m74)s, %(fp1_date_m74)s, %(fp1_time_m74)s, %(fp2_date_m74)s, %(fp2_time_m74)s, %(fp3_date_m74)s, %(fp3_time_m74)s, %(quali_date_m74)s, %(quali_time_m74)s, %(sprint_date_m74)s, %(sprint_time_m74)s), (%(race_id_m75)s, %(year_m75)s, %(round_m75)s, %(circuit_id_m75)s, %(name_m75)s, %(date_m75)s, %(race_time_m75)s, %(url_m75)s, %(fp1_date_m75)s, %(fp1_time_m75)s, %(fp2_date_m75)s, %(fp2_time_m75)s, %(fp3_date_m75)s, %(fp3_time_m75)s, %(quali_date_m75)s, %(quali_time_m75)s, %(sprint_date_m75)s, %(sprint_time_m75)s), (%(race_id_m76)s, %(year_m76)s, %(round_m76)s, %(circuit_id_m76)s, %(name_m76)s, %(date_m76)s, %(race_time_m76)s, %(url_m76)s, %(fp1_date_m76)s, %(fp1_time_m76)s, %(fp2_date_m76)s, %(fp2_time_m76)s, %(fp3_date_m76)s, %(fp3_time_m76)s, %(quali_date_m76)s, %(quali_time_m76)s, %(sprint_date_m76)s, %(sprint_time_m76)s), (%(race_id_m77)s, %(year_m77)s, %(round_m77)s, %(circuit_id_m77)s, %(name_m77)s, %(date_m77)s, %(race_time_m77)s, %(url_m77)s, %(fp1_date_m77)s, %(fp1_time_m77)s, %(fp2_date_m77)s, %(fp2_time_m77)s, %(fp3_date_m77)s, %(fp3_time_m77)s, %(quali_date_m77)s, %(quali_time_m77)s, %(sprint_date_m77)s, %(sprint_time_m77)s), (%(race_id_m78)s, %(year_m78)s, %(round_m78)s, %(circuit_id_m78)s, %(name_m78)s, %(date_m78)s, %(race_time_m78)s, %(url_m78)s, %(fp1_date_m78)s, %(fp1_time_m78)s, %(fp2_date_m78)s, %(fp2_time_m78)s, %(fp3_date_m78)s, %(fp3_time_m78)s, %(quali_date_m78)s, %(quali_time_m78)s, %(sprint_date_m78)s, %(sprint_time_m78)s), (%(race_id_m79)s, %(year_m79)s, %(round_m79)s, %(circuit_id_m79)s, %(name_m79)s, %(date_m79)s, %(race_time_m79)s, %(url_m79)s, %(fp1_date_m79)s, %(fp1_time_m79)s, %(fp2_date_m79)s, %(fp2_time_m79)s, %(fp3_date_m79)s, %(fp3_time_m79)s, %(quali_date_m79)s, %(quali_time_m79)s, %(sprint_date_m79)s, %(sprint_time_m79)s), (%(race_id_m80)s, %(year_m80)s, %(round_m80)s, %(circuit_id_m80)s, %(name_m80)s, %(date_m80)s, %(race_time_m80)s, %(url_m80)s, %(fp1_date_m80)s, %(fp1_time_m80)s, %(fp2_date_m80)s, %(fp2_time_m80)s, %(fp3_date_m80)s, %(fp3_time_m80)s, %(quali_date_m80)s, %(quali_time_m80)s, %(sprint_date_m80)s, %(sprint_time_m80)s), (%(race_id_m81)s, %(year_m81)s, %(round_m81)s, %(circuit_id_m81)s, %(name_m81)s, %(date_m81)s, %(race_time_m81)s, %(url_m81)s, %(fp1_date_m81)s, %(fp1_time_m81)s, %(fp2_date_m81)s, %(fp2_time_m81)s, %(fp3_date_m81)s, %(fp3_time_m81)s, %(quali_date_m81)s, %(quali_time_m81)s, %(sprint_date_m81)s, %(sprint_time_m81)s), (%(race_id_m82)s, %(year_m82)s, %(round_m82)s, %(circuit_id_m82)s, %(name_m82)s, %(date_m82)s, %(race_time_m82)s, %(url_m82)s, %(fp1_date_m82)s, %(fp1_time_m82)s, %(fp2_date_m82)s, %(fp2_time_m82)s, %(fp3_date_m82)s, %(fp3_time_m82)s, %(quali_date_m82)s, %(quali_time_m82)s, %(sprint_date_m82)s, %(sprint_time_m82)s), (%(race_id_m83)s, %(year_m83)s, %(round_m83)s, %(circuit_id_m83)s, %(name_m83)s, %(date_m83)s, %(race_time_m83)s, %(url_m83)s, %(fp1_date_m83)s, %(fp1_time_m83)s, %(fp2_date_m83)s, %(fp2_time_m83)s, %(fp3_date_m83)s, %(fp3_time_m83)s, %(quali_date_m83)s, %(quali_time_m83)s, %(sprint_date_m83)s, %(sprint_time_m83)s), (%(race_id_m84)s, %(year_m84)s, %(round_m84)s, %(circuit_id_m84)s, %(name_m84)s, %(date_m84)s, %(race_time_m84)s, %(url_m84)s, %(fp1_date_m84)s, %(fp1_time_m84)s, %(fp2_date_m84)s, %(fp2_time_m84)s, %(fp3_date_m84)s, %(fp3_time_m84)s, %(quali_date_m84)s, %(quali_time_m84)s, %(sprint_date_m84)s, %(sprint_time_m84)s), (%(race_id_m85)s, %(year_m85)s, %(round_m85)s, %(circuit_id_m85)s, %(name_m85)s, %(date_m85)s, %(race_time_m85)s, %(url_m85)s, %(fp1_date_m85)s, %(fp1_time_m85)s, %(fp2_date_m85)s, %(fp2_time_m85)s, %(fp3_date_m85)s, %(fp3_time_m85)s, %(quali_date_m85)s, %(quali_time_m85)s, %(sprint_date_m85)s, %(sprint_time_m85)s), (%(race_id_m86)s, %(year_m86)s, %(round_m86)s, %(circuit_id_m86)s, %(name_m86)s, %(date_m86)s, %(race_time_m86)s, %(url_m86)s, %(fp1_date_m86)s, %(fp1_time_m86)s, %(fp2_date_m86)s, %(fp2_time_m86)s, %(fp3_date_m86)s, %(fp3_time_m86)s, %(quali_date_m86)s, %(quali_time_m86)s, %(sprint_date_m86)s, %(sprint_time_m86)s), (%(race_id_m87)s, %(year_m87)s, %(round_m87)s, %(circuit_id_m87)s, %(name_m87)s, %(date_m87)s, %(race_time_m87)s, %(url_m87)s, %(fp1_date_m87)s, %(fp1_time_m87)s, %(fp2_date_m87)s, %(fp2_time_m87)s, %(fp3_date_m87)s, %(fp3_time_m87)s, %(quali_date_m87)s, %(quali_time_m87)s, %(sprint_date_m87)s, %(sprint_time_m87)s), (%(race_id_m88)s, %(year_m88)s, %(round_m88)s, %(circuit_id_m88)s, %(name_m88)s, %(date_m88)s, %(race_time_m88)s, %(url_m88)s, %(fp1_date_m88)s, %(fp1_time_m88)s, %(fp2_date_m88)s, %(fp2_time_m88)s, %(fp3_date_m88)s, %(fp3_time_m88)s, %(quali_date_m88)s, %(quali_time_m88)s, %(sprint_date_m88)s, %(sprint_time_m88)s), (%(race_id_m89)s, %(year_m89)s, %(round_m89)s, %(circuit_id_m89)s, %(name_m89)s, %(date_m89)s, %(race_time_m89)s, %(url_m89)s, %(fp1_date_m89)s, %(fp1_time_m89)s, %(fp2_date_m89)s, %(fp2_time_m89)s, %(fp3_date_m89)s, %(fp3_time_m89)s, %(quali_date_m89)s, %(quali_time_m89)s, %(sprint_date_m89)s, %(sprint_time_m89)s), (%(race_id_m90)s, %(year_m90)s, %(round_m90)s, %(circuit_id_m90)s, %(name_m90)s, %(date_m90)s, %(race_time_m90)s, %(url_m90)s, %(fp1_date_m90)s, %(fp1_time_m90)s, %(fp2_date_m90)s, %(fp2_time_m90)s, %(fp3_date_m90)s, %(fp3_time_m90)s, %(quali_date_m90)s, %(quali_time_m90)s, %(sprint_date_m90)s, %(sprint_time_m90)s), (%(race_id_m91)s, %(year_m91)s, %(round_m91)s, %(circuit_id_m91)s, %(name_m91)s, %(date_m91)s, %(race_time_m91)s, %(url_m91)s, %(fp1_date_m91)s, %(fp1_time_m91)s, %(fp2_date_m91)s, %(fp2_time_m91)s, %(fp3_date_m91)s, %(fp3_time_m91)s, %(quali_date_m91)s, %(quali_time_m91)s, %(sprint_date_m91)s, %(sprint_time_m91)s), (%(race_id_m92)s, %(year_m92)s, %(round_m92)s, %(circuit_id_m92)s, %(name_m92)s, %(date_m92)s, %(race_time_m92)s, %(url_m92)s, %(fp1_date_m92)s, %(fp1_time_m92)s, %(fp2_date_m92)s, %(fp2_time_m92)s, %(fp3_date_m92)s, %(fp3_time_m92)s, %(quali_date_m92)s, %(quali_time_m92)s, %(sprint_date_m92)s, %(sprint_time_m92)s), (%(race_id_m93)s, %(year_m93)s, %(round_m93)s, %(circuit_id_m93)s, %(name_m93)s, %(date_m93)s, %(race_time_m93)s, %(url_m93)s, %(fp1_date_m93)s, %(fp1_time_m93)s, %(fp2_date_m93)s, %(fp2_time_m93)s, %(fp3_date_m93)s, %(fp3_time_m93)s, %(quali_date_m93)s, %(quali_time_m93)s, %(sprint_date_m93)s, %(sprint_time_m93)s), (%(race_id_m94)s, %(year_m94)s, %(round_m94)s, %(circuit_id_m94)s, %(name_m94)s, %(date_m94)s, %(race_time_m94)s, %(url_m94)s, %(fp1_date_m94)s, %(fp1_time_m94)s, %(fp2_date_m94)s, %(fp2_time_m94)s, %(fp3_date_m94)s, %(fp3_time_m94)s, %(quali_date_m94)s, %(quali_time_m94)s, %(sprint_date_m94)s, %(sprint_time_m94)s), (%(race_id_m95)s, %(year_m95)s, %(round_m95)s, %(circuit_id_m95)s, %(name_m95)s, %(date_m95)s, %(race_time_m95)s, %(url_m95)s, %(fp1_date_m95)s, %(fp1_time_m95)s, %(fp2_date_m95)s, %(fp2_time_m95)s, %(fp3_date_m95)s, %(fp3_time_m95)s, %(quali_date_m95)s, %(quali_time_m95)s, %(sprint_date_m95)s, %(sprint_time_m95)s), (%(race_id_m96)s, %(year_m96)s, %(round_m96)s, %(circuit_id_m96)s, %(name_m96)s, %(date_m96)s, %(race_time_m96)s, %(url_m96)s, %(fp1_date_m96)s, %(fp1_time_m96)s, %(fp2_date_m96)s, %(fp2_time_m96)s, %(fp3_date_m96)s, %(fp3_time_m96)s, %(quali_date_m96)s, %(quali_time_m96)s, %(sprint_date_m96)s, %(sprint_time_m96)s), (%(race_id_m97)s, %(year_m97)s, %(round_m97)s, %(circuit_id_m97)s, %(name_m97)s, %(date_m97)s, %(race_time_m97)s, %(url_m97)s, %(fp1_date_m97)s, %(fp1_time_m97)s, %(fp2_date_m97)s, %(fp2_time_m97)s, %(fp3_date_m97)s, %(fp3_time_m97)s, %(quali_date_m97)s, %(quali_time_m97)s, %(sprint_date_m97)s, %(sprint_time_m97)s), (%(race_id_m98)s, %(year_m98)s, %(round_m98)s, %(circuit_id_m98)s, %(name_m98)s, %(date_m98)s, %(race_time_m98)s, %(url_m98)s, %(fp1_date_m98)s, %(fp1_time_m98)s, %(fp2_date_m98)s, %(fp2_time_m98)s, %(fp3_date_m98)s, %(fp3_time_m98)s, %(quali_date_m98)s, %(quali_time_m98)s, %(sprint_date_m98)s, %(sprint_time_m98)s), (%(race_id_m99)s, %(year_m99)s, %(round_m99)s, %(circuit_id_m99)s, %(name_m99)s, %(date_m99)s, %(race_time_m99)s, %(url_m99)s, %(fp1_date_m99)s, %(fp1_time_m99)s, %(fp2_date_m99)s, %(fp2_time_m99)s, %(fp3_date_m99)s, %(fp3_time_m99)s, %(quali_date_m99)s, %(quali_time_m99)s, %(sprint_date_m99)s, %(sprint_time_m99)s), (%(race_id_m100)s, %(year_m100)s, %(round_m100)s, %(circuit_id_m100)s, %(name_m100)s, %(date_m100)s, %(race_time_m100)s, %(url_m100)s, %(fp1_date_m100)s, %(fp1_time_m100)s, %(fp2_date_m100)s, %(fp2_time_m100)s, %(fp3_date_m100)s, %(fp3_time_m100)s, %(quali_date_m100)s, %(quali_time_m100)s, %(sprint_date_m100)s, %(sprint_time_m100)s), (%(race_id_m101)s, %(year_m101)s, %(round_m101)s, %(circuit_id_m101)s, %(name_m101)s, %(date_m101)s, %(race_time_m101)s, %(url_m101)s, %(fp1_date_m101)s, %(fp1_time_m101)s, %(fp2_date_m101)s, %(fp2_time_m101)s, %(fp3_date_m101)s, %(fp3_time_m101)s, %(quali_date_m101)s, %(quali_time_m101)s, %(sprint_date_m101)s, %(sprint_time_m101)s), (%(race_id_m102)s, %(year_m102)s, %(round_m102)s, %(circuit_id_m102)s, %(name_m102)s, %(date_m102)s, %(race_time_m102)s, %(url_m102)s, %(fp1_date_m102)s, %(fp1_time_m102)s, %(fp2_date_m102)s, %(fp2_time_m102)s, %(fp3_date_m102)s, %(fp3_time_m102)s, %(quali_date_m102)s, %(quali_time_m102)s, %(sprint_date_m102)s, %(sprint_time_m102)s), (%(race_id_m103)s, %(year_m103)s, %(round_m103)s, %(circuit_id_m103)s, %(name_m103)s, %(date_m103)s, %(race_time_m103)s, %(url_m103)s, %(fp1_date_m103)s, %(fp1_time_m103)s, %(fp2_date_m103)s, %(fp2_time_m103)s, %(fp3_date_m103)s, %(fp3_time_m103)s, %(quali_date_m103)s, %(quali_time_m103)s, %(sprint_date_m103)s, %(sprint_time_m103)s), (%(race_id_m104)s, %(year_m104)s, %(round_m104)s, %(circuit_id_m104)s, %(name_m104)s, %(date_m104)s, %(race_time_m104)s, %(url_m104)s, %(fp1_date_m104)s, %(fp1_time_m104)s, %(fp2_date_m104)s, %(fp2_time_m104)s, %(fp3_date_m104)s, %(fp3_time_m104)s, %(quali_date_m104)s, %(quali_time_m104)s, %(sprint_date_m104)s, %(sprint_time_m104)s), (%(race_id_m105)s, %(year_m105)s, %(round_m105)s, %(circuit_id_m105)s, %(name_m105)s, %(date_m105)s, %(race_time_m105)s, %(url_m105)s, %(fp1_date_m105)s, %(fp1_time_m105)s, %(fp2_date_m105)s, %(fp2_time_m105)s, %(fp3_date_m105)s, %(fp3_time_m105)s, %(quali_date_m105)s, %(quali_time_m105)s, %(sprint_date_m105)s, %(sprint_time_m105)s), (%(race_id_m106)s, %(year_m106)s, %(round_m106)s, %(circuit_id_m106)s, %(name_m106)s, %(date_m106)s, %(race_time_m106)s, %(url_m106)s, %(fp1_date_m106)s, %(fp1_time_m106)s, %(fp2_date_m106)s, %(fp2_time_m106)s, %(fp3_date_m106)s, %(fp3_time_m106)s, %(quali_date_m106)s, %(quali_time_m106)s, %(sprint_date_m106)s, %(sprint_time_m106)s), (%(race_id_m107)s, %(year_m107)s, %(round_m107)s, %(circuit_id_m107)s, %(name_m107)s, %(date_m107)s, %(race_time_m107)s, %(url_m107)s, %(fp1_date_m107)s, %(fp1_time_m107)s, %(fp2_date_m107)s, %(fp2_time_m107)s, %(fp3_date_m107)s, %(fp3_time_m107)s, %(quali_date_m107)s, %(quali_time_m107)s, %(sprint_date_m107)s, %(sprint_time_m107)s), (%(race_id_m108)s, %(year_m108)s, %(round_m108)s, %(circuit_id_m108)s, %(name_m108)s, %(date_m108)s, %(race_time_m108)s, %(url_m108)s, %(fp1_date_m108)s, %(fp1_time_m108)s, %(fp2_date_m108)s, %(fp2_time_m108)s, %(fp3_date_m108)s, %(fp3_time_m108)s, %(quali_date_m108)s, %(quali_time_m108)s, %(sprint_date_m108)s, %(sprint_time_m108)s), (%(race_id_m109)s, %(year_m109)s, %(round_m109)s, %(circuit_id_m109)s, %(name_m109)s, %(date_m109)s, %(race_time_m109)s, %(url_m109)s, %(fp1_date_m109)s, %(fp1_time_m109)s, %(fp2_date_m109)s, %(fp2_time_m109)s, %(fp3_date_m109)s, %(fp3_time_m109)s, %(quali_date_m109)s, %(quali_time_m109)s, %(sprint_date_m109)s, %(sprint_time_m109)s), (%(race_id_m110)s, %(year_m110)s, %(round_m110)s, %(circuit_id_m110)s, %(name_m110)s, %(date_m110)s, %(race_time_m110)s, %(url_m110)s, %(fp1_date_m110)s, %(fp1_time_m110)s, %(fp2_date_m110)s, %(fp2_time_m110)s, %(fp3_date_m110)s, %(fp3_time_m110)s, %(quali_date_m110)s, %(quali_time_m110)s, %(sprint_date_m110)s, %(sprint_time_m110)s), (%(race_id_m111)s, %(year_m111)s, %(round_m111)s, %(circuit_id_m111)s, %(name_m111)s, %(date_m111)s, %(race_time_m111)s, %(url_m111)s, %(fp1_date_m111)s, %(fp1_time_m111)s, %(fp2_date_m111)s, %(fp2_time_m111)s, %(fp3_date_m111)s, %(fp3_time_m111)s, %(quali_date_m111)s, %(quali_time_m111)s, %(sprint_date_m111)s, %(sprint_time_m111)s), (%(race_id_m112)s, %(year_m112)s, %(round_m112)s, %(circuit_id_m112)s, %(name_m112)s, %(date_m112)s, %(race_time_m112)s, %(url_m112)s, %(fp1_date_m112)s, %(fp1_time_m112)s, %(fp2_date_m112)s, %(fp2_time_m112)s, %(fp3_date_m112)s, %(fp3_time_m112)s, %(quali_date_m112)s, %(quali_time_m112)s, %(sprint_date_m112)s, %(sprint_time_m112)s), (%(race_id_m113)s, %(year_m113)s, %(round_m113)s, %(circuit_id_m113)s, %(name_m113)s, %(date_m113)s, %(race_time_m113)s, %(url_m113)s, %(fp1_date_m113)s, %(fp1_time_m113)s, %(fp2_date_m113)s, %(fp2_time_m113)s, %(fp3_date_m113)s, %(fp3_time_m113)s, %(quali_date_m113)s, %(quali_time_m113)s, %(sprint_date_m113)s, %(sprint_time_m113)s), (%(race_id_m114)s, %(year_m114)s, %(round_m114)s, %(circuit_id_m114)s, %(name_m114)s, %(date_m114)s, %(race_time_m114)s, %(url_m114)s, %(fp1_date_m114)s, %(fp1_time_m114)s, %(fp2_date_m114)s, %(fp2_time_m114)s, %(fp3_date_m114)s, %(fp3_time_m114)s, %(quali_date_m114)s, %(quali_time_m114)s, %(sprint_date_m114)s, %(sprint_time_m114)s), (%(race_id_m115)s, %(year_m115)s, %(round_m115)s, %(circuit_id_m115)s, %(name_m115)s, %(date_m115)s, %(race_time_m115)s, %(url_m115)s, %(fp1_date_m115)s, %(fp1_time_m115)s, %(fp2_date_m115)s, %(fp2_time_m115)s, %(fp3_date_m115)s, %(fp3_time_m115)s, %(quali_date_m115)s, %(quali_time_m115)s, %(sprint_date_m115)s, %(sprint_time_m115)s), (%(race_id_m116)s, %(year_m116)s, %(round_m116)s, %(circuit_id_m116)s, %(name_m116)s, %(date_m116)s, %(race_time_m116)s, %(url_m116)s, %(fp1_date_m116)s, %(fp1_time_m116)s, %(fp2_date_m116)s, %(fp2_time_m116)s, %(fp3_date_m116)s, %(fp3_time_m116)s, %(quali_date_m116)s, %(quali_time_m116)s, %(sprint_date_m116)s, %(sprint_time_m116)s), (%(race_id_m117)s, %(year_m117)s, %(round_m117)s, %(circuit_id_m117)s, %(name_m117)s, %(date_m117)s, %(race_time_m117)s, %(url_m117)s, %(fp1_date_m117)s, %(fp1_time_m117)s, %(fp2_date_m117)s, %(fp2_time_m117)s, %(fp3_date_m117)s, %(fp3_time_m117)s, %(quali_date_m117)s, %(quali_time_m117)s, %(sprint_date_m117)s, %(sprint_time_m117)s), (%(race_id_m118)s, %(year_m118)s, %(round_m118)s, %(circuit_id_m118)s, %(name_m118)s, %(date_m118)s, %(race_time_m118)s, %(url_m118)s, %(fp1_date_m118)s, %(fp1_time_m118)s, %(fp2_date_m118)s, %(fp2_time_m118)s, %(fp3_date_m118)s, %(fp3_time_m118)s, %(quali_date_m118)s, %(quali_time_m118)s, %(sprint_date_m118)s, %(sprint_time_m118)s), (%(race_id_m119)s, %(year_m119)s, %(round_m119)s, %(circuit_id_m119)s, %(name_m119)s, %(date_m119)s, %(race_time_m119)s, %(url_m119)s, %(fp1_date_m119)s, %(fp1_time_m119)s, %(fp2_date_m119)s, %(fp2_time_m119)s, %(fp3_date_m119)s, %(fp3_time_m119)s, %(quali_date_m119)s, %(quali_time_m119)s, %(sprint_date_m119)s, %(sprint_time_m119)s), (%(race_id_m120)s, %(year_m120)s, %(round_m120)s, %(circuit_id_m120)s, %(name_m120)s, %(date_m120)s, %(race_time_m120)s, %(url_m120)s, %(fp1_date_m120)s, %(fp1_time_m120)s, %(fp2_date_m120)s, %(fp2_time_m120)s, %(fp3_date_m120)s, %(fp3_time_m120)s, %(quali_date_m120)s, %(quali_time_m120)s, %(sprint_date_m120)s, %(sprint_time_m120)s), (%(race_id_m121)s, %(year_m121)s, %(round_m121)s, %(circuit_id_m121)s, %(name_m121)s, %(date_m121)s, %(race_time_m121)s, %(url_m121)s, %(fp1_date_m121)s, %(fp1_time_m121)s, %(fp2_date_m121)s, %(fp2_time_m121)s, %(fp3_date_m121)s, %(fp3_time_m121)s, %(quali_date_m121)s, %(quali_time_m121)s, %(sprint_date_m121)s, %(sprint_time_m121)s), (%(race_id_m122)s, %(year_m122)s, %(round_m122)s, %(circuit_id_m122)s, %(name_m122)s, %(date_m122)s, %(race_time_m122)s, %(url_m122)s, %(fp1_date_m122)s, %(fp1_time_m122)s, %(fp2_date_m122)s, %(fp2_time_m122)s, %(fp3_date_m122)s, %(fp3_time_m122)s, %(quali_date_m122)s, %(quali_time_m122)s, %(sprint_date_m122)s, %(sprint_time_m122)s), (%(race_id_m123)s, %(year_m123)s, %(round_m123)s, %(circuit_id_m123)s, %(name_m123)s, %(date_m123)s, %(race_time_m123)s, %(url_m123)s, %(fp1_date_m123)s, %(fp1_time_m123)s, %(fp2_date_m123)s, %(fp2_time_m123)s, %(fp3_date_m123)s, %(fp3_time_m123)s, %(quali_date_m123)s, %(quali_time_m123)s, %(sprint_date_m123)s, %(sprint_time_m123)s), (%(race_id_m124)s, %(year_m124)s, %(round_m124)s, %(circuit_id_m124)s, %(name_m124)s, %(date_m124)s, %(race_time_m124)s, %(url_m124)s, %(fp1_date_m124)s, %(fp1_time_m124)s, %(fp2_date_m124)s, %(fp2_time_m124)s, %(fp3_date_m124)s, %(fp3_time_m124)s, %(quali_date_m124)s, %(quali_time_m124)s, %(sprint_date_m124)s, %(sprint_time_m124)s), (%(race_id_m125)s, %(year_m125)s, %(round_m125)s, %(circuit_id_m125)s, %(name_m125)s, %(date_m125)s, %(race_time_m125)s, %(url_m125)s, %(fp1_date_m125)s, %(fp1_time_m125)s, %(fp2_date_m125)s, %(fp2_time_m125)s, %(fp3_date_m125)s, %(fp3_time_m125)s, %(quali_date_m125)s, %(quali_time_m125)s, %(sprint_date_m125)s, %(sprint_time_m125)s), (%(race_id_m126)s, %(year_m126)s, %(round_m126)s, %(circuit_id_m126)s, %(name_m126)s, %(date_m126)s, %(race_time_m126)s, %(url_m126)s, %(fp1_date_m126)s, %(fp1_time_m126)s, %(fp2_date_m126)s, %(fp2_time_m126)s, %(fp3_date_m126)s, %(fp3_time_m126)s, %(quali_date_m126)s, %(quali_time_m126)s, %(sprint_date_m126)s, %(sprint_time_m126)s), (%(race_id_m127)s, %(year_m127)s, %(round_m127)s, %(circuit_id_m127)s, %(name_m127)s, %(date_m127)s, %(race_time_m127)s, %(url_m127)s, %(fp1_date_m127)s, %(fp1_time_m127)s, %(fp2_date_m127)s, %(fp2_time_m127)s, %(fp3_date_m127)s, %(fp3_time_m127)s, %(quali_date_m127)s, %(quali_time_m127)s, %(sprint_date_m127)s, %(sprint_time_m127)s), (%(race_id_m128)s, %(year_m128)s, %(round_m128)s, %(circuit_id_m128)s, %(name_m128)s, %(date_m128)s, %(race_time_m128)s, %(url_m128)s, %(fp1_date_m128)s, %(fp1_time_m128)s, %(fp2_date_m128)s, %(fp2_time_m128)s, %(fp3_date_m128)s, %(fp3_time_m128)s, %(quali_date_m128)s, %(quali_time_m128)s, %(sprint_date_m128)s, %(sprint_time_m128)s), (%(race_id_m129)s, %(year_m129)s, %(round_m129)s, %(circuit_id_m129)s, %(name_m129)s, %(date_m129)s, %(race_time_m129)s, %(url_m129)s, %(fp1_date_m129)s, %(fp1_time_m129)s, %(fp2_date_m129)s, %(fp2_time_m129)s, %(fp3_date_m129)s, %(fp3_time_m129)s, %(quali_date_m129)s, %(quali_time_m129)s, %(sprint_date_m129)s, %(sprint_time_m129)s), (%(race_id_m130)s, %(year_m130)s, %(round_m130)s, %(circuit_id_m130)s, %(name_m130)s, %(date_m130)s, %(race_time_m130)s, %(url_m130)s, %(fp1_date_m130)s, %(fp1_time_m130)s, %(fp2_date_m130)s, %(fp2_time_m130)s, %(fp3_date_m130)s, %(fp3_time_m130)s, %(quali_date_m130)s, %(quali_time_m130)s, %(sprint_date_m130)s, %(sprint_time_m130)s), (%(race_id_m131)s, %(year_m131)s, %(round_m131)s, %(circuit_id_m131)s, %(name_m131)s, %(date_m131)s, %(race_time_m131)s, %(url_m131)s, %(fp1_date_m131)s, %(fp1_time_m131)s, %(fp2_date_m131)s, %(fp2_time_m131)s, %(fp3_date_m131)s, %(fp3_time_m131)s, %(quali_date_m131)s, %(quali_time_m131)s, %(sprint_date_m131)s, %(sprint_time_m131)s), (%(race_id_m132)s, %(year_m132)s, %(round_m132)s, %(circuit_id_m132)s, %(name_m132)s, %(date_m132)s, %(race_time_m132)s, %(url_m132)s, %(fp1_date_m132)s, %(fp1_time_m132)s, %(fp2_date_m132)s, %(fp2_time_m132)s, %(fp3_date_m132)s, %(fp3_time_m132)s, %(quali_date_m132)s, %(quali_time_m132)s, %(sprint_date_m132)s, %(sprint_time_m132)s), (%(race_id_m133)s, %(year_m133)s, %(round_m133)s, %(circuit_id_m133)s, %(name_m133)s, %(date_m133)s, %(race_time_m133)s, %(url_m133)s, %(fp1_date_m133)s, %(fp1_time_m133)s, %(fp2_date_m133)s, %(fp2_time_m133)s, %(fp3_date_m133)s, %(fp3_time_m133)s, %(quali_date_m133)s, %(quali_time_m133)s, %(sprint_date_m133)s, %(sprint_time_m133)s), (%(race_id_m134)s, %(year_m134)s, %(round_m134)s, %(circuit_id_m134)s, %(name_m134)s, %(date_m134)s, %(race_time_m134)s, %(url_m134)s, %(fp1_date_m134)s, %(fp1_time_m134)s, %(fp2_date_m134)s, %(fp2_time_m134)s, %(fp3_date_m134)s, %(fp3_time_m134)s, %(quali_date_m134)s, %(quali_time_m134)s, %(sprint_date_m134)s, %(sprint_time_m134)s), (%(race_id_m135)s, %(year_m135)s, %(round_m135)s, %(circuit_id_m135)s, %(name_m135)s, %(date_m135)s, %(race_time_m135)s, %(url_m135)s, %(fp1_date_m135)s, %(fp1_time_m135)s, %(fp2_date_m135)s, %(fp2_time_m135)s, %(fp3_date_m135)s, %(fp3_time_m135)s, %(quali_date_m135)s, %(quali_time_m135)s, %(sprint_date_m135)s, %(sprint_time_m135)s), (%(race_id_m136)s, %(year_m136)s, %(round_m136)s, %(circuit_id_m136)s, %(name_m136)s, %(date_m136)s, %(race_time_m136)s, %(url_m136)s, %(fp1_date_m136)s, %(fp1_time_m136)s, %(fp2_date_m136)s, %(fp2_time_m136)s, %(fp3_date_m136)s, %(fp3_time_m136)s, %(quali_date_m136)s, %(quali_time_m136)s, %(sprint_date_m136)s, %(sprint_time_m136)s), (%(race_id_m137)s, %(year_m137)s, %(round_m137)s, %(circuit_id_m137)s, %(name_m137)s, %(date_m137)s, %(race_time_m137)s, %(url_m137)s, %(fp1_date_m137)s, %(fp1_time_m137)s, %(fp2_date_m137)s, %(fp2_time_m137)s, %(fp3_date_m137)s, %(fp3_time_m137)s, %(quali_date_m137)s, %(quali_time_m137)s, %(sprint_date_m137)s, %(sprint_time_m137)s), (%(race_id_m138)s, %(year_m138)s, %(round_m138)s, %(circuit_id_m138)s, %(name_m138)s, %(date_m138)s, %(race_time_m138)s, %(url_m138)s, %(fp1_date_m138)s, %(fp1_time_m138)s, %(fp2_date_m138)s, %(fp2_time_m138)s, %(fp3_date_m138)s, %(fp3_time_m138)s, %(quali_date_m138)s, %(quali_time_m138)s, %(sprint_date_m138)s, %(sprint_time_m138)s), (%(race_id_m139)s, %(year_m139)s, %(round_m139)s, %(circuit_id_m139)s, %(name_m139)s, %(date_m139)s, %(race_time_m139)s, %(url_m139)s, %(fp1_date_m139)s, %(fp1_time_m139)s, %(fp2_date_m139)s, %(fp2_time_m139)s, %(fp3_date_m139)s, %(fp3_time_m139)s, %(quali_date_m139)s, %(quali_time_m139)s, %(sprint_date_m139)s, %(sprint_time_m139)s), (%(race_id_m140)s, %(year_m140)s, %(round_m140)s, %(circuit_id_m140)s, %(name_m140)s, %(date_m140)s, %(race_time_m140)s, %(url_m140)s, %(fp1_date_m140)s, %(fp1_time_m140)s, %(fp2_date_m140)s, %(fp2_time_m140)s, %(fp3_date_m140)s, %(fp3_time_m140)s, %(quali_date_m140)s, %(quali_time_m140)s, %(sprint_date_m140)s, %(sprint_time_m140)s), (%(race_id_m141)s, %(year_m141)s, %(round_m141)s, %(circuit_id_m141)s, %(name_m141)s, %(date_m141)s, %(race_time_m141)s, %(url_m141)s, %(fp1_date_m141)s, %(fp1_time_m141)s, %(fp2_date_m141)s, %(fp2_time_m141)s, %(fp3_date_m141)s, %(fp3_time_m141)s, %(quali_date_m141)s, %(quali_time_m141)s, %(sprint_date_m141)s, %(sprint_time_m141)s), (%(race_id_m142)s, %(year_m142)s, %(round_m142)s, %(circuit_id_m142)s, %(name_m142)s, %(date_m142)s, %(race_time_m142)s, %(url_m142)s, %(fp1_date_m142)s, %(fp1_time_m142)s, %(fp2_date_m142)s, %(fp2_time_m142)s, %(fp3_date_m142)s, %(fp3_time_m142)s, %(quali_date_m142)s, %(quali_time_m142)s, %(sprint_date_m142)s, %(sprint_time_m142)s), (%(race_id_m143)s, %(year_m143)s, %(round_m143)s, %(circuit_id_m143)s, %(name_m143)s, %(date_m143)s, %(race_time_m143)s, %(url_m143)s, %(fp1_date_m143)s, %(fp1_time_m143)s, %(fp2_date_m143)s, %(fp2_time_m143)s, %(fp3_date_m143)s, %(fp3_time_m143)s, %(quali_date_m143)s, %(quali_time_m143)s, %(sprint_date_m143)s, %(sprint_time_m143)s), (%(race_id_m144)s, %(year_m144)s, %(round_m144)s, %(circuit_id_m144)s, %(name_m144)s, %(date_m144)s, %(race_time_m144)s, %(url_m144)s, %(fp1_date_m144)s, %(fp1_time_m144)s, %(fp2_date_m144)s, %(fp2_time_m144)s, %(fp3_date_m144)s, %(fp3_time_m144)s, %(quali_date_m144)s, %(quali_time_m144)s, %(sprint_date_m144)s, %(sprint_time_m144)s), (%(race_id_m145)s, %(year_m145)s, %(round_m145)s, %(circuit_id_m145)s, %(name_m145)s, %(date_m145)s, %(race_time_m145)s, %(url_m145)s, %(fp1_date_m145)s, %(fp1_time_m145)s, %(fp2_date_m145)s, %(fp2_time_m145)s, %(fp3_date_m145)s, %(fp3_time_m145)s, %(quali_date_m145)s, %(quali_time_m145)s, %(sprint_date_m145)s, %(sprint_time_m145)s), (%(race_id_m146)s, %(year_m146)s, %(round_m146)s, %(circuit_id_m146)s, %(name_m146)s, %(date_m146)s, %(race_time_m146)s, %(url_m146)s, %(fp1_date_m146)s, %(fp1_time_m146)s, %(fp2_date_m146)s, %(fp2_time_m146)s, %(fp3_date_m146)s, %(fp3_time_m146)s, %(quali_date_m146)s, %(quali_time_m146)s, %(sprint_date_m146)s, %(sprint_time_m146)s), (%(race_id_m147)s, %(year_m147)s, %(round_m147)s, %(circuit_id_m147)s, %(name_m147)s, %(date_m147)s, %(race_time_m147)s, %(url_m147)s, %(fp1_date_m147)s, %(fp1_time_m147)s, %(fp2_date_m147)s, %(fp2_time_m147)s, %(fp3_date_m147)s, %(fp3_time_m147)s, %(quali_date_m147)s, %(quali_time_m147)s, %(sprint_date_m147)s, %(sprint_time_m147)s), (%(race_id_m148)s, %(year_m148)s, %(round_m148)s, %(circuit_id_m148)s, %(name_m148)s, %(date_m148)s, %(race_time_m148)s, %(url_m148)s, %(fp1_date_m148)s, %(fp1_time_m148)s, %(fp2_date_m148)s, %(fp2_time_m148)s, %(fp3_date_m148)s, %(fp3_time_m148)s, %(quali_date_m148)s, %(quali_time_m148)s, %(sprint_date_m148)s, %(sprint_time_m148)s), (%(race_id_m149)s, %(year_m149)s, %(round_m149)s, %(circuit_id_m149)s, %(name_m149)s, %(date_m149)s, %(race_time_m149)s, %(url_m149)s, %(fp1_date_m149)s, %(fp1_time_m149)s, %(fp2_date_m149)s, %(fp2_time_m149)s, %(fp3_date_m149)s, %(fp3_time_m149)s, %(quali_date_m149)s, %(quali_time_m149)s, %(sprint_date_m149)s, %(sprint_time_m149)s), (%(race_id_m150)s, %(year_m150)s, %(round_m150)s, %(circuit_id_m150)s, %(name_m150)s, %(date_m150)s, %(race_time_m150)s, %(url_m150)s, %(fp1_date_m150)s, %(fp1_time_m150)s, %(fp2_date_m150)s, %(fp2_time_m150)s, %(fp3_date_m150)s, %(fp3_time_m150)s, %(quali_date_m150)s, %(quali_time_m150)s, %(sprint_date_m150)s, %(sprint_time_m150)s), (%(race_id_m151)s, %(year_m151)s, %(round_m151)s, %(circuit_id_m151)s, %(name_m151)s, %(date_m151)s, %(race_time_m151)s, %(url_m151)s, %(fp1_date_m151)s, %(fp1_time_m151)s, %(fp2_date_m151)s, %(fp2_time_m151)s, %(fp3_date_m151)s, %(fp3_time_m151)s, %(quali_date_m151)s, %(quali_time_m151)s, %(sprint_date_m151)s, %(sprint_time_m151)s), (%(race_id_m152)s, %(year_m152)s, %(round_m152)s, %(circuit_id_m152)s, %(name_m152)s, %(date_m152)s, %(race_time_m152)s, %(url_m152)s, %(fp1_date_m152)s, %(fp1_time_m152)s, %(fp2_date_m152)s, %(fp2_time_m152)s, %(fp3_date_m152)s, %(fp3_time_m152)s, %(quali_date_m152)s, %(quali_time_m152)s, %(sprint_date_m152)s, %(sprint_time_m152)s), (%(race_id_m153)s, %(year_m153)s, %(round_m153)s, %(circuit_id_m153)s, %(name_m153)s, %(date_m153)s, %(race_time_m153)s, %(url_m153)s, %(fp1_date_m153)s, %(fp1_time_m153)s, %(fp2_date_m153)s, %(fp2_time_m153)s, %(fp3_date_m153)s, %(fp3_time_m153)s, %(quali_date_m153)s, %(quali_time_m153)s, %(sprint_date_m153)s, %(sprint_time_m153)s), (%(race_id_m154)s, %(year_m154)s, %(round_m154)s, %(circuit_id_m154)s, %(name_m154)s, %(date_m154)s, %(race_time_m154)s, %(url_m154)s, %(fp1_date_m154)s, %(fp1_time_m154)s, %(fp2_date_m154)s, %(fp2_time_m154)s, %(fp3_date_m154)s, %(fp3_time_m154)s, %(quali_date_m154)s, %(quali_time_m154)s, %(sprint_date_m154)s, %(sprint_time_m154)s), (%(race_id_m155)s, %(year_m155)s, %(round_m155)s, %(circuit_id_m155)s, %(name_m155)s, %(date_m155)s, %(race_time_m155)s, %(url_m155)s, %(fp1_date_m155)s, %(fp1_time_m155)s, %(fp2_date_m155)s, %(fp2_time_m155)s, %(fp3_date_m155)s, %(fp3_time_m155)s, %(quali_date_m155)s, %(quali_time_m155)s, %(sprint_date_m155)s, %(sprint_time_m155)s), (%(race_id_m156)s, %(year_m156)s, %(round_m156)s, %(circuit_id_m156)s, %(name_m156)s, %(date_m156)s, %(race_time_m156)s, %(url_m156)s, %(fp1_date_m156)s, %(fp1_time_m156)s, %(fp2_date_m156)s, %(fp2_time_m156)s, %(fp3_date_m156)s, %(fp3_time_m156)s, %(quali_date_m156)s, %(quali_time_m156)s, %(sprint_date_m156)s, %(sprint_time_m156)s), (%(race_id_m157)s, %(year_m157)s, %(round_m157)s, %(circuit_id_m157)s, %(name_m157)s, %(date_m157)s, %(race_time_m157)s, %(url_m157)s, %(fp1_date_m157)s, %(fp1_time_m157)s, %(fp2_date_m157)s, %(fp2_time_m157)s, %(fp3_date_m157)s, %(fp3_time_m157)s, %(quali_date_m157)s, %(quali_time_m157)s, %(sprint_date_m157)s, %(sprint_time_m157)s), (%(race_id_m158)s, %(year_m158)s, %(round_m158)s, %(circuit_id_m158)s, %(name_m158)s, %(date_m158)s, %(race_time_m158)s, %(url_m158)s, %(fp1_date_m158)s, %(fp1_time_m158)s, %(fp2_date_m158)s, %(fp2_time_m158)s, %(fp3_date_m158)s, %(fp3_time_m158)s, %(quali_date_m158)s, %(quali_time_m158)s, %(sprint_date_m158)s, %(sprint_time_m158)s), (%(race_id_m159)s, %(year_m159)s, %(round_m159)s, %(circuit_id_m159)s, %(name_m159)s, %(date_m159)s, %(race_time_m159)s, %(url_m159)s, %(fp1_date_m159)s, %(fp1_time_m159)s, %(fp2_date_m159)s, %(fp2_time_m159)s, %(fp3_date_m159)s, %(fp3_time_m159)s, %(quali_date_m159)s, %(quali_time_m159)s, %(sprint_date_m159)s, %(sprint_time_m159)s), (%(race_id_m160)s, %(year_m160)s, %(round_m160)s, %(circuit_id_m160)s, %(name_m160)s, %(date_m160)s, %(race_time_m160)s, %(url_m160)s, %(fp1_date_m160)s, %(fp1_time_m160)s, %(fp2_date_m160)s, %(fp2_time_m160)s, %(fp3_date_m160)s, %(fp3_time_m160)s, %(quali_date_m160)s, %(quali_time_m160)s, %(sprint_date_m160)s, %(sprint_time_m160)s), (%(race_id_m161)s, %(year_m161)s, %(round_m161)s, %(circuit_id_m161)s, %(name_m161)s, %(date_m161)s, %(race_time_m161)s, %(url_m161)s, %(fp1_date_m161)s, %(fp1_time_m161)s, %(fp2_date_m161)s, %(fp2_time_m161)s, %(fp3_date_m161)s, %(fp3_time_m161)s, %(quali_date_m161)s, %(quali_time_m161)s, %(sprint_date_m161)s, %(sprint_time_m161)s), (%(race_id_m162)s, %(year_m162)s, %(round_m162)s, %(circuit_id_m162)s, %(name_m162)s, %(date_m162)s, %(race_time_m162)s, %(url_m162)s, %(fp1_date_m162)s, %(fp1_time_m162)s, %(fp2_date_m162)s, %(fp2_time_m162)s, %(fp3_date_m162)s, %(fp3_time_m162)s, %(quali_date_m162)s, %(quali_time_m162)s, %(sprint_date_m162)s, %(sprint_time_m162)s), (%(race_id_m163)s, %(year_m163)s, %(round_m163)s, %(circuit_id_m163)s, %(name_m163)s, %(date_m163)s, %(race_time_m163)s, %(url_m163)s, %(fp1_date_m163)s, %(fp1_time_m163)s, %(fp2_date_m163)s, %(fp2_time_m163)s, %(fp3_date_m163)s, %(fp3_time_m163)s, %(quali_date_m163)s, %(quali_time_m163)s, %(sprint_date_m163)s, %(sprint_time_m163)s), (%(race_id_m164)s, %(year_m164)s, %(round_m164)s, %(circuit_id_m164)s, %(name_m164)s, %(date_m164)s, %(race_time_m164)s, %(url_m164)s, %(fp1_date_m164)s, %(fp1_time_m164)s, %(fp2_date_m164)s, %(fp2_time_m164)s, %(fp3_date_m164)s, %(fp3_time_m164)s, %(quali_date_m164)s, %(quali_time_m164)s, %(sprint_date_m164)s, %(sprint_time_m164)s), (%(race_id_m165)s, %(year_m165)s, %(round_m165)s, %(circuit_id_m165)s, %(name_m165)s, %(date_m165)s, %(race_time_m165)s, %(url_m165)s, %(fp1_date_m165)s, %(fp1_time_m165)s, %(fp2_date_m165)s, %(fp2_time_m165)s, %(fp3_date_m165)s, %(fp3_time_m165)s, %(quali_date_m165)s, %(quali_time_m165)s, %(sprint_date_m165)s, %(sprint_time_m165)s), (%(race_id_m166)s, %(year_m166)s, %(round_m166)s, %(circuit_id_m166)s, %(name_m166)s, %(date_m166)s, %(race_time_m166)s, %(url_m166)s, %(fp1_date_m166)s, %(fp1_time_m166)s, %(fp2_date_m166)s, %(fp2_time_m166)s, %(fp3_date_m166)s, %(fp3_time_m166)s, %(quali_date_m166)s, %(quali_time_m166)s, %(sprint_date_m166)s, %(sprint_time_m166)s), (%(race_id_m167)s, %(year_m167)s, %(round_m167)s, %(circuit_id_m167)s, %(name_m167)s, %(date_m167)s, %(race_time_m167)s, %(url_m167)s, %(fp1_date_m167)s, %(fp1_time_m167)s, %(fp2_date_m167)s, %(fp2_time_m167)s, %(fp3_date_m167)s, %(fp3_time_m167)s, %(quali_date_m167)s, %(quali_time_m167)s, %(sprint_date_m167)s, %(sprint_time_m167)s), (%(race_id_m168)s, %(year_m168)s, %(round_m168)s, %(circuit_id_m168)s, %(name_m168)s, %(date_m168)s, %(race_time_m168)s, %(url_m168)s, %(fp1_date_m168)s, %(fp1_time_m168)s, %(fp2_date_m168)s, %(fp2_time_m168)s, %(fp3_date_m168)s, %(fp3_time_m168)s, %(quali_date_m168)s, %(quali_time_m168)s, %(sprint_date_m168)s, %(sprint_time_m168)s), (%(race_id_m169)s, %(year_m169)s, %(round_m169)s, %(circuit_id_m169)s, %(name_m169)s, %(date_m169)s, %(race_time_m169)s, %(url_m169)s, %(fp1_date_m169)s, %(fp1_time_m169)s, %(fp2_date_m169)s, %(fp2_time_m169)s, %(fp3_date_m169)s, %(fp3_time_m169)s, %(quali_date_m169)s, %(quali_time_m169)s, %(sprint_date_m169)s, %(sprint_time_m169)s), (%(race_id_m170)s, %(year_m170)s, %(round_m170)s, %(circuit_id_m170)s, %(name_m170)s, %(date_m170)s, %(race_time_m170)s, %(url_m170)s, %(fp1_date_m170)s, %(fp1_time_m170)s, %(fp2_date_m170)s, %(fp2_time_m170)s, %(fp3_date_m170)s, %(fp3_time_m170)s, %(quali_date_m170)s, %(quali_time_m170)s, %(sprint_date_m170)s, %(sprint_time_m170)s), (%(race_id_m171)s, %(year_m171)s, %(round_m171)s, %(circuit_id_m171)s, %(name_m171)s, %(date_m171)s, %(race_time_m171)s, %(url_m171)s, %(fp1_date_m171)s, %(fp1_time_m171)s, %(fp2_date_m171)s, %(fp2_time_m171)s, %(fp3_date_m171)s, %(fp3_time_m171)s, %(quali_date_m171)s, %(quali_time_m171)s, %(sprint_date_m171)s, %(sprint_time_m171)s), (%(race_id_m172)s, %(year_m172)s, %(round_m172)s, %(circuit_id_m172)s, %(name_m172)s, %(date_m172)s, %(race_time_m172)s, %(url_m172)s, %(fp1_date_m172)s, %(fp1_time_m172)s, %(fp2_date_m172)s, %(fp2_time_m172)s, %(fp3_date_m172)s, %(fp3_time_m172)s, %(quali_date_m172)s, %(quali_time_m172)s, %(sprint_date_m172)s, %(sprint_time_m172)s), (%(race_id_m173)s, %(year_m173)s, %(round_m173)s, %(circuit_id_m173)s, %(name_m173)s, %(date_m173)s, %(race_time_m173)s, %(url_m173)s, %(fp1_date_m173)s, %(fp1_time_m173)s, %(fp2_date_m173)s, %(fp2_time_m173)s, %(fp3_date_m173)s, %(fp3_time_m173)s, %(quali_date_m173)s, %(quali_time_m173)s, %(sprint_date_m173)s, %(sprint_time_m173)s), (%(race_id_m174)s, %(year_m174)s, %(round_m174)s, %(circuit_id_m174)s, %(name_m174)s, %(date_m174)s, %(race_time_m174)s, %(url_m174)s, %(fp1_date_m174)s, %(fp1_time_m174)s, %(fp2_date_m174)s, %(fp2_time_m174)s, %(fp3_date_m174)s, %(fp3_time_m174)s, %(quali_date_m174)s, %(quali_time_m174)s, %(sprint_date_m174)s, %(sprint_time_m174)s), (%(race_id_m175)s, %(year_m175)s, %(round_m175)s, %(circuit_id_m175)s, %(name_m175)s, %(date_m175)s, %(race_time_m175)s, %(url_m175)s, %(fp1_date_m175)s, %(fp1_time_m175)s, %(fp2_date_m175)s, %(fp2_time_m175)s, %(fp3_date_m175)s, %(fp3_time_m175)s, %(quali_date_m175)s, %(quali_time_m175)s, %(sprint_date_m175)s, %(sprint_time_m175)s), (%(race_id_m176)s, %(year_m176)s, %(round_m176)s, %(circuit_id_m176)s, %(name_m176)s, %(date_m176)s, %(race_time_m176)s, %(url_m176)s, %(fp1_date_m176)s, %(fp1_time_m176)s, %(fp2_date_m176)s, %(fp2_time_m176)s, %(fp3_date_m176)s, %(fp3_time_m176)s, %(quali_date_m176)s, %(quali_time_m176)s, %(sprint_date_m176)s, %(sprint_time_m176)s), (%(race_id_m177)s, %(year_m177)s, %(round_m177)s, %(circuit_id_m177)s, %(name_m177)s, %(date_m177)s, %(race_time_m177)s, %(url_m177)s, %(fp1_date_m177)s, %(fp1_time_m177)s, %(fp2_date_m177)s, %(fp2_time_m177)s, %(fp3_date_m177)s, %(fp3_time_m177)s, %(quali_date_m177)s, %(quali_time_m177)s, %(sprint_date_m177)s, %(sprint_time_m177)s), (%(race_id_m178)s, %(year_m178)s, %(round_m178)s, %(circuit_id_m178)s, %(name_m178)s, %(date_m178)s, %(race_time_m178)s, %(url_m178)s, %(fp1_date_m178)s, %(fp1_time_m178)s, %(fp2_date_m178)s, %(fp2_time_m178)s, %(fp3_date_m178)s, %(fp3_time_m178)s, %(quali_date_m178)s, %(quali_time_m178)s, %(sprint_date_m178)s, %(sprint_time_m178)s), (%(race_id_m179)s, %(year_m179)s, %(round_m179)s, %(circuit_id_m179)s, %(name_m179)s, %(date_m179)s, %(race_time_m179)s, %(url_m179)s, %(fp1_date_m179)s, %(fp1_time_m179)s, %(fp2_date_m179)s, %(fp2_time_m179)s, %(fp3_date_m179)s, %(fp3_time_m179)s, %(quali_date_m179)s, %(quali_time_m179)s, %(sprint_date_m179)s, %(sprint_time_m179)s), (%(race_id_m180)s, %(year_m180)s, %(round_m180)s, %(circuit_id_m180)s, %(name_m180)s, %(date_m180)s, %(race_time_m180)s, %(url_m180)s, %(fp1_date_m180)s, %(fp1_time_m180)s, %(fp2_date_m180)s, %(fp2_time_m180)s, %(fp3_date_m180)s, %(fp3_time_m180)s, %(quali_date_m180)s, %(quali_time_m180)s, %(sprint_date_m180)s, %(sprint_time_m180)s), (%(race_id_m181)s, %(year_m181)s, %(round_m181)s, %(circuit_id_m181)s, %(name_m181)s, %(date_m181)s, %(race_time_m181)s, %(url_m181)s, %(fp1_date_m181)s, %(fp1_time_m181)s, %(fp2_date_m181)s, %(fp2_time_m181)s, %(fp3_date_m181)s, %(fp3_time_m181)s, %(quali_date_m181)s, %(quali_time_m181)s, %(sprint_date_m181)s, %(sprint_time_m181)s), (%(race_id_m182)s, %(year_m182)s, %(round_m182)s, %(circuit_id_m182)s, %(name_m182)s, %(date_m182)s, %(race_time_m182)s, %(url_m182)s, %(fp1_date_m182)s, %(fp1_time_m182)s, %(fp2_date_m182)s, %(fp2_time_m182)s, %(fp3_date_m182)s, %(fp3_time_m182)s, %(quali_date_m182)s, %(quali_time_m182)s, %(sprint_date_m182)s, %(sprint_time_m182)s), (%(race_id_m183)s, %(year_m183)s, %(round_m183)s, %(circuit_id_m183)s, %(name_m183)s, %(date_m183)s, %(race_time_m183)s, %(url_m183)s, %(fp1_date_m183)s, %(fp1_time_m183)s, %(fp2_date_m183)s, %(fp2_time_m183)s, %(fp3_date_m183)s, %(fp3_time_m183)s, %(quali_date_m183)s, %(quali_time_m183)s, %(sprint_date_m183)s, %(sprint_time_m183)s), (%(race_id_m184)s, %(year_m184)s, %(round_m184)s, %(circuit_id_m184)s, %(name_m184)s, %(date_m184)s, %(race_time_m184)s, %(url_m184)s, %(fp1_date_m184)s, %(fp1_time_m184)s, %(fp2_date_m184)s, %(fp2_time_m184)s, %(fp3_date_m184)s, %(fp3_time_m184)s, %(quali_date_m184)s, %(quali_time_m184)s, %(sprint_date_m184)s, %(sprint_time_m184)s), (%(race_id_m185)s, %(year_m185)s, %(round_m185)s, %(circuit_id_m185)s, %(name_m185)s, %(date_m185)s, %(race_time_m185)s, %(url_m185)s, %(fp1_date_m185)s, %(fp1_time_m185)s, %(fp2_date_m185)s, %(fp2_time_m185)s, %(fp3_date_m185)s, %(fp3_time_m185)s, %(quali_date_m185)s, %(quali_time_m185)s, %(sprint_date_m185)s, %(sprint_time_m185)s), (%(race_id_m186)s, %(year_m186)s, %(round_m186)s, %(circuit_id_m186)s, %(name_m186)s, %(date_m186)s, %(race_time_m186)s, %(url_m186)s, %(fp1_date_m186)s, %(fp1_time_m186)s, %(fp2_date_m186)s, %(fp2_time_m186)s, %(fp3_date_m186)s, %(fp3_time_m186)s, %(quali_date_m186)s, %(quali_time_m186)s, %(sprint_date_m186)s, %(sprint_time_m186)s), (%(race_id_m187)s, %(year_m187)s, %(round_m187)s, %(circuit_id_m187)s, %(name_m187)s, %(date_m187)s, %(race_time_m187)s, %(url_m187)s, %(fp1_date_m187)s, %(fp1_time_m187)s, %(fp2_date_m187)s, %(fp2_time_m187)s, %(fp3_date_m187)s, %(fp3_time_m187)s, %(quali_date_m187)s, %(quali_time_m187)s, %(sprint_date_m187)s, %(sprint_time_m187)s), (%(race_id_m188)s, %(year_m188)s, %(round_m188)s, %(circuit_id_m188)s, %(name_m188)s, %(date_m188)s, %(race_time_m188)s, %(url_m188)s, %(fp1_date_m188)s, %(fp1_time_m188)s, %(fp2_date_m188)s, %(fp2_time_m188)s, %(fp3_date_m188)s, %(fp3_time_m188)s, %(quali_date_m188)s, %(quali_time_m188)s, %(sprint_date_m188)s, %(sprint_time_m188)s), (%(race_id_m189)s, %(year_m189)s, %(round_m189)s, %(circuit_id_m189)s, %(name_m189)s, %(date_m189)s, %(race_time_m189)s, %(url_m189)s, %(fp1_date_m189)s, %(fp1_time_m189)s, %(fp2_date_m189)s, %(fp2_time_m189)s, %(fp3_date_m189)s, %(fp3_time_m189)s, %(quali_date_m189)s, %(quali_time_m189)s, %(sprint_date_m189)s, %(sprint_time_m189)s), (%(race_id_m190)s, %(year_m190)s, %(round_m190)s, %(circuit_id_m190)s, %(name_m190)s, %(date_m190)s, %(race_time_m190)s, %(url_m190)s, %(fp1_date_m190)s, %(fp1_time_m190)s, %(fp2_date_m190)s, %(fp2_time_m190)s, %(fp3_date_m190)s, %(fp3_time_m190)s, %(quali_date_m190)s, %(quali_time_m190)s, %(sprint_date_m190)s, %(sprint_time_m190)s), (%(race_id_m191)s, %(year_m191)s, %(round_m191)s, %(circuit_id_m191)s, %(name_m191)s, %(date_m191)s, %(race_time_m191)s, %(url_m191)s, %(fp1_date_m191)s, %(fp1_time_m191)s, %(fp2_date_m191)s, %(fp2_time_m191)s, %(fp3_date_m191)s, %(fp3_time_m191)s, %(quali_date_m191)s, %(quali_time_m191)s, %(sprint_date_m191)s, %(sprint_time_m191)s), (%(race_id_m192)s, %(year_m192)s, %(round_m192)s, %(circuit_id_m192)s, %(name_m192)s, %(date_m192)s, %(race_time_m192)s, %(url_m192)s, %(fp1_date_m192)s, %(fp1_time_m192)s, %(fp2_date_m192)s, %(fp2_time_m192)s, %(fp3_date_m192)s, %(fp3_time_m192)s, %(quali_date_m192)s, %(quali_time_m192)s, %(sprint_date_m192)s, %(sprint_time_m192)s), (%(race_id_m193)s, %(year_m193)s, %(round_m193)s, %(circuit_id_m193)s, %(name_m193)s, %(date_m193)s, %(race_time_m193)s, %(url_m193)s, %(fp1_date_m193)s, %(fp1_time_m193)s, %(fp2_date_m193)s, %(fp2_time_m193)s, %(fp3_date_m193)s, %(fp3_time_m193)s, %(quali_date_m193)s, %(quali_time_m193)s, %(sprint_date_m193)s, %(sprint_time_m193)s), (%(race_id_m194)s, %(year_m194)s, %(round_m194)s, %(circuit_id_m194)s, %(name_m194)s, %(date_m194)s, %(race_time_m194)s, %(url_m194)s, %(fp1_date_m194)s, %(fp1_time_m194)s, %(fp2_date_m194)s, %(fp2_time_m194)s, %(fp3_date_m194)s, %(fp3_time_m194)s, %(quali_date_m194)s, %(quali_time_m194)s, %(sprint_date_m194)s, %(sprint_time_m194)s), (%(race_id_m195)s, %(year_m195)s, %(round_m195)s, %(circuit_id_m195)s, %(name_m195)s, %(date_m195)s, %(race_time_m195)s, %(url_m195)s, %(fp1_date_m195)s, %(fp1_time_m195)s, %(fp2_date_m195)s, %(fp2_time_m195)s, %(fp3_date_m195)s, %(fp3_time_m195)s, %(quali_date_m195)s, %(quali_time_m195)s, %(sprint_date_m195)s, %(sprint_time_m195)s), (%(race_id_m196)s, %(year_m196)s, %(round_m196)s, %(circuit_id_m196)s, %(name_m196)s, %(date_m196)s, %(race_time_m196)s, %(url_m196)s, %(fp1_date_m196)s, %(fp1_time_m196)s, %(fp2_date_m196)s, %(fp2_time_m196)s, %(fp3_date_m196)s, %(fp3_time_m196)s, %(quali_date_m196)s, %(quali_time_m196)s, %(sprint_date_m196)s, %(sprint_time_m196)s), (%(race_id_m197)s, %(year_m197)s, %(round_m197)s, %(circuit_id_m197)s, %(name_m197)s, %(date_m197)s, %(race_time_m197)s, %(url_m197)s, %(fp1_date_m197)s, %(fp1_time_m197)s, %(fp2_date_m197)s, %(fp2_time_m197)s, %(fp3_date_m197)s, %(fp3_time_m197)s, %(quali_date_m197)s, %(quali_time_m197)s, %(sprint_date_m197)s, %(sprint_time_m197)s), (%(race_id_m198)s, %(year_m198)s, %(round_m198)s, %(circuit_id_m198)s, %(name_m198)s, %(date_m198)s, %(race_time_m198)s, %(url_m198)s, %(fp1_date_m198)s, %(fp1_time_m198)s, %(fp2_date_m198)s, %(fp2_time_m198)s, %(fp3_date_m198)s, %(fp3_time_m198)s, %(quali_date_m198)s, %(quali_time_m198)s, %(sprint_date_m198)s, %(sprint_time_m198)s), (%(race_id_m199)s, %(year_m199)s, %(round_m199)s, %(circuit_id_m199)s, %(name_m199)s, %(date_m199)s, %(race_time_m199)s, %(url_m199)s, %(fp1_date_m199)s, %(fp1_time_m199)s, %(fp2_date_m199)s, %(fp2_time_m199)s, %(fp3_date_m199)s, %(fp3_time_m199)s, %(quali_date_m199)s, %(quali_time_m199)s, %(sprint_date_m199)s, %(sprint_time_m199)s), (%(race_id_m200)s, %(year_m200)s, %(round_m200)s, %(circuit_id_m200)s, %(name_m200)s, %(date_m200)s, %(race_time_m200)s, %(url_m200)s, %(fp1_date_m200)s, %(fp1_time_m200)s, %(fp2_date_m200)s, %(fp2_time_m200)s, %(fp3_date_m200)s, %(fp3_time_m200)s, %(quali_date_m200)s, %(quali_time_m200)s, %(sprint_date_m200)s, %(sprint_time_m200)s), (%(race_id_m201)s, %(year_m201)s, %(round_m201)s, %(circuit_id_m201)s, %(name_m201)s, %(date_m201)s, %(race_time_m201)s, %(url_m201)s, %(fp1_date_m201)s, %(fp1_time_m201)s, %(fp2_date_m201)s, %(fp2_time_m201)s, %(fp3_date_m201)s, %(fp3_time_m201)s, %(quali_date_m201)s, %(quali_time_m201)s, %(sprint_date_m201)s, %(sprint_time_m201)s), (%(race_id_m202)s, %(year_m202)s, %(round_m202)s, %(circuit_id_m202)s, %(name_m202)s, %(date_m202)s, %(race_time_m202)s, %(url_m202)s, %(fp1_date_m202)s, %(fp1_time_m202)s, %(fp2_date_m202)s, %(fp2_time_m202)s, %(fp3_date_m202)s, %(fp3_time_m202)s, %(quali_date_m202)s, %(quali_time_m202)s, %(sprint_date_m202)s, %(sprint_time_m202)s), (%(race_id_m203)s, %(year_m203)s, %(round_m203)s, %(circuit_id_m203)s, %(name_m203)s, %(date_m203)s, %(race_time_m203)s, %(url_m203)s, %(fp1_date_m203)s, %(fp1_time_m203)s, %(fp2_date_m203)s, %(fp2_time_m203)s, %(fp3_date_m203)s, %(fp3_time_m203)s, %(quali_date_m203)s, %(quali_time_m203)s, %(sprint_date_m203)s, %(sprint_time_m203)s), (%(race_id_m204)s, %(year_m204)s, %(round_m204)s, %(circuit_id_m204)s, %(name_m204)s, %(date_m204)s, %(race_time_m204)s, %(url_m204)s, %(fp1_date_m204)s, %(fp1_time_m204)s, %(fp2_date_m204)s, %(fp2_time_m204)s, %(fp3_date_m204)s, %(fp3_time_m204)s, %(quali_date_m204)s, %(quali_time_m204)s, %(sprint_date_m204)s, %(sprint_time_m204)s), (%(race_id_m205)s, %(year_m205)s, %(round_m205)s, %(circuit_id_m205)s, %(name_m205)s, %(date_m205)s, %(race_time_m205)s, %(url_m205)s, %(fp1_date_m205)s, %(fp1_time_m205)s, %(fp2_date_m205)s, %(fp2_time_m205)s, %(fp3_date_m205)s, %(fp3_time_m205)s, %(quali_date_m205)s, %(quali_time_m205)s, %(sprint_date_m205)s, %(sprint_time_m205)s), (%(race_id_m206)s, %(year_m206)s, %(round_m206)s, %(circuit_id_m206)s, %(name_m206)s, %(date_m206)s, %(race_time_m206)s, %(url_m206)s, %(fp1_date_m206)s, %(fp1_time_m206)s, %(fp2_date_m206)s, %(fp2_time_m206)s, %(fp3_date_m206)s, %(fp3_time_m206)s, %(quali_date_m206)s, %(quali_time_m206)s, %(sprint_date_m206)s, %(sprint_time_m206)s), (%(race_id_m207)s, %(year_m207)s, %(round_m207)s, %(circuit_id_m207)s, %(name_m207)s, %(date_m207)s, %(race_time_m207)s, %(url_m207)s, %(fp1_date_m207)s, %(fp1_time_m207)s, %(fp2_date_m207)s, %(fp2_time_m207)s, %(fp3_date_m207)s, %(fp3_time_m207)s, %(quali_date_m207)s, %(quali_time_m207)s, %(sprint_date_m207)s, %(sprint_time_m207)s), (%(race_id_m208)s, %(year_m208)s, %(round_m208)s, %(circuit_id_m208)s, %(name_m208)s, %(date_m208)s, %(race_time_m208)s, %(url_m208)s, %(fp1_date_m208)s, %(fp1_time_m208)s, %(fp2_date_m208)s, %(fp2_time_m208)s, %(fp3_date_m208)s, %(fp3_time_m208)s, %(quali_date_m208)s, %(quali_time_m208)s, %(sprint_date_m208)s, %(sprint_time_m208)s), (%(race_id_m209)s, %(year_m209)s, %(round_m209)s, %(circuit_id_m209)s, %(name_m209)s, %(date_m209)s, %(race_time_m209)s, %(url_m209)s, %(fp1_date_m209)s, %(fp1_time_m209)s, %(fp2_date_m209)s, %(fp2_time_m209)s, %(fp3_date_m209)s, %(fp3_time_m209)s, %(quali_date_m209)s, %(quali_time_m209)s, %(sprint_date_m209)s, %(sprint_time_m209)s), (%(race_id_m210)s, %(year_m210)s, %(round_m210)s, %(circuit_id_m210)s, %(name_m210)s, %(date_m210)s, %(race_time_m210)s, %(url_m210)s, %(fp1_date_m210)s, %(fp1_time_m210)s, %(fp2_date_m210)s, %(fp2_time_m210)s, %(fp3_date_m210)s, %(fp3_time_m210)s, %(quali_date_m210)s, %(quali_time_m210)s, %(sprint_date_m210)s, %(sprint_time_m210)s), (%(race_id_m211)s, %(year_m211)s, %(round_m211)s, %(circuit_id_m211)s, %(name_m211)s, %(date_m211)s, %(race_time_m211)s, %(url_m211)s, %(fp1_date_m211)s, %(fp1_time_m211)s, %(fp2_date_m211)s, %(fp2_time_m211)s, %(fp3_date_m211)s, %(fp3_time_m211)s, %(quali_date_m211)s, %(quali_time_m211)s, %(sprint_date_m211)s, %(sprint_time_m211)s), (%(race_id_m212)s, %(year_m212)s, %(round_m212)s, %(circuit_id_m212)s, %(name_m212)s, %(date_m212)s, %(race_time_m212)s, %(url_m212)s, %(fp1_date_m212)s, %(fp1_time_m212)s, %(fp2_date_m212)s, %(fp2_time_m212)s, %(fp3_date_m212)s, %(fp3_time_m212)s, %(quali_date_m212)s, %(quali_time_m212)s, %(sprint_date_m212)s, %(sprint_time_m212)s), (%(race_id_m213)s, %(year_m213)s, %(round_m213)s, %(circuit_id_m213)s, %(name_m213)s, %(date_m213)s, %(race_time_m213)s, %(url_m213)s, %(fp1_date_m213)s, %(fp1_time_m213)s, %(fp2_date_m213)s, %(fp2_time_m213)s, %(fp3_date_m213)s, %(fp3_time_m213)s, %(quali_date_m213)s, %(quali_time_m213)s, %(sprint_date_m213)s, %(sprint_time_m213)s), (%(race_id_m214)s, %(year_m214)s, %(round_m214)s, %(circuit_id_m214)s, %(name_m214)s, %(date_m214)s, %(race_time_m214)s, %(url_m214)s, %(fp1_date_m214)s, %(fp1_time_m214)s, %(fp2_date_m214)s, %(fp2_time_m214)s, %(fp3_date_m214)s, %(fp3_time_m214)s, %(quali_date_m214)s, %(quali_time_m214)s, %(sprint_date_m214)s, %(sprint_time_m214)s), (%(race_id_m215)s, %(year_m215)s, %(round_m215)s, %(circuit_id_m215)s, %(name_m215)s, %(date_m215)s, %(race_time_m215)s, %(url_m215)s, %(fp1_date_m215)s, %(fp1_time_m215)s, %(fp2_date_m215)s, %(fp2_time_m215)s, %(fp3_date_m215)s, %(fp3_time_m215)s, %(quali_date_m215)s, %(quali_time_m215)s, %(sprint_date_m215)s, %(sprint_time_m215)s), (%(race_id_m216)s, %(year_m216)s, %(round_m216)s, %(circuit_id_m216)s, %(name_m216)s, %(date_m216)s, %(race_time_m216)s, %(url_m216)s, %(fp1_date_m216)s, %(fp1_time_m216)s, %(fp2_date_m216)s, %(fp2_time_m216)s, %(fp3_date_m216)s, %(fp3_time_m216)s, %(quali_date_m216)s, %(quali_time_m216)s, %(sprint_date_m216)s, %(sprint_time_m216)s), (%(race_id_m217)s, %(year_m217)s, %(round_m217)s, %(circuit_id_m217)s, %(name_m217)s, %(date_m217)s, %(race_time_m217)s, %(url_m217)s, %(fp1_date_m217)s, %(fp1_time_m217)s, %(fp2_date_m217)s, %(fp2_time_m217)s, %(fp3_date_m217)s, %(fp3_time_m217)s, %(quali_date_m217)s, %(quali_time_m217)s, %(sprint_date_m217)s, %(sprint_time_m217)s), (%(race_id_m218)s, %(year_m218)s, %(round_m218)s, %(circuit_id_m218)s, %(name_m218)s, %(date_m218)s, %(race_time_m218)s, %(url_m218)s, %(fp1_date_m218)s, %(fp1_time_m218)s, %(fp2_date_m218)s, %(fp2_time_m218)s, %(fp3_date_m218)s, %(fp3_time_m218)s, %(quali_date_m218)s, %(quali_time_m218)s, %(sprint_date_m218)s, %(sprint_time_m218)s), (%(race_id_m219)s, %(year_m219)s, %(round_m219)s, %(circuit_id_m219)s, %(name_m219)s, %(date_m219)s, %(race_time_m219)s, %(url_m219)s, %(fp1_date_m219)s, %(fp1_time_m219)s, %(fp2_date_m219)s, %(fp2_time_m219)s, %(fp3_date_m219)s, %(fp3_time_m219)s, %(quali_date_m219)s, %(quali_time_m219)s, %(sprint_date_m219)s, %(sprint_time_m219)s), (%(race_id_m220)s, %(year_m220)s, %(round_m220)s, %(circuit_id_m220)s, %(name_m220)s, %(date_m220)s, %(race_time_m220)s, %(url_m220)s, %(fp1_date_m220)s, %(fp1_time_m220)s, %(fp2_date_m220)s, %(fp2_time_m220)s, %(fp3_date_m220)s, %(fp3_time_m220)s, %(quali_date_m220)s, %(quali_time_m220)s, %(sprint_date_m220)s, %(sprint_time_m220)s), (%(race_id_m221)s, %(year_m221)s, %(round_m221)s, %(circuit_id_m221)s, %(name_m221)s, %(date_m221)s, %(race_time_m221)s, %(url_m221)s, %(fp1_date_m221)s, %(fp1_time_m221)s, %(fp2_date_m221)s, %(fp2_time_m221)s, %(fp3_date_m221)s, %(fp3_time_m221)s, %(quali_date_m221)s, %(quali_time_m221)s, %(sprint_date_m221)s, %(sprint_time_m221)s), (%(race_id_m222)s, %(year_m222)s, %(round_m222)s, %(circuit_id_m222)s, %(name_m222)s, %(date_m222)s, %(race_time_m222)s, %(url_m222)s, %(fp1_date_m222)s, %(fp1_time_m222)s, %(fp2_date_m222)s, %(fp2_time_m222)s, %(fp3_date_m222)s, %(fp3_time_m222)s, %(quali_date_m222)s, %(quali_time_m222)s, %(sprint_date_m222)s, %(sprint_time_m222)s), (%(race_id_m223)s, %(year_m223)s, %(round_m223)s, %(circuit_id_m223)s, %(name_m223)s, %(date_m223)s, %(race_time_m223)s, %(url_m223)s, %(fp1_date_m223)s, %(fp1_time_m223)s, %(fp2_date_m223)s, %(fp2_time_m223)s, %(fp3_date_m223)s, %(fp3_time_m223)s, %(quali_date_m223)s, %(quali_time_m223)s, %(sprint_date_m223)s, %(sprint_time_m223)s), (%(race_id_m224)s, %(year_m224)s, %(round_m224)s, %(circuit_id_m224)s, %(name_m224)s, %(date_m224)s, %(race_time_m224)s, %(url_m224)s, %(fp1_date_m224)s, %(fp1_time_m224)s, %(fp2_date_m224)s, %(fp2_time_m224)s, %(fp3_date_m224)s, %(fp3_time_m224)s, %(quali_date_m224)s, %(quali_time_m224)s, %(sprint_date_m224)s, %(sprint_time_m224)s), (%(race_id_m225)s, %(year_m225)s, %(round_m225)s, %(circuit_id_m225)s, %(name_m225)s, %(date_m225)s, %(race_time_m225)s, %(url_m225)s, %(fp1_date_m225)s, %(fp1_time_m225)s, %(fp2_date_m225)s, %(fp2_time_m225)s, %(fp3_date_m225)s, %(fp3_time_m225)s, %(quali_date_m225)s, %(quali_time_m225)s, %(sprint_date_m225)s, %(sprint_time_m225)s), (%(race_id_m226)s, %(year_m226)s, %(round_m226)s, %(circuit_id_m226)s, %(name_m226)s, %(date_m226)s, %(race_time_m226)s, %(url_m226)s, %(fp1_date_m226)s, %(fp1_time_m226)s, %(fp2_date_m226)s, %(fp2_time_m226)s, %(fp3_date_m226)s, %(fp3_time_m226)s, %(quali_date_m226)s, %(quali_time_m226)s, %(sprint_date_m226)s, %(sprint_time_m226)s), (%(race_id_m227)s, %(year_m227)s, %(round_m227)s, %(circuit_id_m227)s, %(name_m227)s, %(date_m227)s, %(race_time_m227)s, %(url_m227)s, %(fp1_date_m227)s, %(fp1_time_m227)s, %(fp2_date_m227)s, %(fp2_time_m227)s, %(fp3_date_m227)s, %(fp3_time_m227)s, %(quali_date_m227)s, %(quali_time_m227)s, %(sprint_date_m227)s, %(sprint_time_m227)s), (%(race_id_m228)s, %(year_m228)s, %(round_m228)s, %(circuit_id_m228)s, %(name_m228)s, %(date_m228)s, %(race_time_m228)s, %(url_m228)s, %(fp1_date_m228)s, %(fp1_time_m228)s, %(fp2_date_m228)s, %(fp2_time_m228)s, %(fp3_date_m228)s, %(fp3_time_m228)s, %(quali_date_m228)s, %(quali_time_m228)s, %(sprint_date_m228)s, %(sprint_time_m228)s), (%(race_id_m229)s, %(year_m229)s, %(round_m229)s, %(circuit_id_m229)s, %(name_m229)s, %(date_m229)s, %(race_time_m229)s, %(url_m229)s, %(fp1_date_m229)s, %(fp1_time_m229)s, %(fp2_date_m229)s, %(fp2_time_m229)s, %(fp3_date_m229)s, %(fp3_time_m229)s, %(quali_date_m229)s, %(quali_time_m229)s, %(sprint_date_m229)s, %(sprint_time_m229)s), (%(race_id_m230)s, %(year_m230)s, %(round_m230)s, %(circuit_id_m230)s, %(name_m230)s, %(date_m230)s, %(race_time_m230)s, %(url_m230)s, %(fp1_date_m230)s, %(fp1_time_m230)s, %(fp2_date_m230)s, %(fp2_time_m230)s, %(fp3_date_m230)s, %(fp3_time_m230)s, %(quali_date_m230)s, %(quali_time_m230)s, %(sprint_date_m230)s, %(sprint_time_m230)s), (%(race_id_m231)s, %(year_m231)s, %(round_m231)s, %(circuit_id_m231)s, %(name_m231)s, %(date_m231)s, %(race_time_m231)s, %(url_m231)s, %(fp1_date_m231)s, %(fp1_time_m231)s, %(fp2_date_m231)s, %(fp2_time_m231)s, %(fp3_date_m231)s, %(fp3_time_m231)s, %(quali_date_m231)s, %(quali_time_m231)s, %(sprint_date_m231)s, %(sprint_time_m231)s), (%(race_id_m232)s, %(year_m232)s, %(round_m232)s, %(circuit_id_m232)s, %(name_m232)s, %(date_m232)s, %(race_time_m232)s, %(url_m232)s, %(fp1_date_m232)s, %(fp1_time_m232)s, %(fp2_date_m232)s, %(fp2_time_m232)s, %(fp3_date_m232)s, %(fp3_time_m232)s, %(quali_date_m232)s, %(quali_time_m232)s, %(sprint_date_m232)s, %(sprint_time_m232)s), (%(race_id_m233)s, %(year_m233)s, %(round_m233)s, %(circuit_id_m233)s, %(name_m233)s, %(date_m233)s, %(race_time_m233)s, %(url_m233)s, %(fp1_date_m233)s, %(fp1_time_m233)s, %(fp2_date_m233)s, %(fp2_time_m233)s, %(fp3_date_m233)s, %(fp3_time_m233)s, %(quali_date_m233)s, %(quali_time_m233)s, %(sprint_date_m233)s, %(sprint_time_m233)s), (%(race_id_m234)s, %(year_m234)s, %(round_m234)s, %(circuit_id_m234)s, %(name_m234)s, %(date_m234)s, %(race_time_m234)s, %(url_m234)s, %(fp1_date_m234)s, %(fp1_time_m234)s, %(fp2_date_m234)s, %(fp2_time_m234)s, %(fp3_date_m234)s, %(fp3_time_m234)s, %(quali_date_m234)s, %(quali_time_m234)s, %(sprint_date_m234)s, %(sprint_time_m234)s), (%(race_id_m235)s, %(year_m235)s, %(round_m235)s, %(circuit_id_m235)s, %(name_m235)s, %(date_m235)s, %(race_time_m235)s, %(url_m235)s, %(fp1_date_m235)s, %(fp1_time_m235)s, %(fp2_date_m235)s, %(fp2_time_m235)s, %(fp3_date_m235)s, %(fp3_time_m235)s, %(quali_date_m235)s, %(quali_time_m235)s, %(sprint_date_m235)s, %(sprint_time_m235)s), (%(race_id_m236)s, %(year_m236)s, %(round_m236)s, %(circuit_id_m236)s, %(name_m236)s, %(date_m236)s, %(race_time_m236)s, %(url_m236)s, %(fp1_date_m236)s, %(fp1_time_m236)s, %(fp2_date_m236)s, %(fp2_time_m236)s, %(fp3_date_m236)s, %(fp3_time_m236)s, %(quali_date_m236)s, %(quali_time_m236)s, %(sprint_date_m236)s, %(sprint_time_m236)s), (%(race_id_m237)s, %(year_m237)s, %(round_m237)s, %(circuit_id_m237)s, %(name_m237)s, %(date_m237)s, %(race_time_m237)s, %(url_m237)s, %(fp1_date_m237)s, %(fp1_time_m237)s, %(fp2_date_m237)s, %(fp2_time_m237)s, %(fp3_date_m237)s, %(fp3_time_m237)s, %(quali_date_m237)s, %(quali_time_m237)s, %(sprint_date_m237)s, %(sprint_time_m237)s), (%(race_id_m238)s, %(year_m238)s, %(round_m238)s, %(circuit_id_m238)s, %(name_m238)s, %(date_m238)s, %(race_time_m238)s, %(url_m238)s, %(fp1_date_m238)s, %(fp1_time_m238)s, %(fp2_date_m238)s, %(fp2_time_m238)s, %(fp3_date_m238)s, %(fp3_time_m238)s, %(quali_date_m238)s, %(quali_time_m238)s, %(sprint_date_m238)s, %(sprint_time_m238)s), (%(race_id_m239)s, %(year_m239)s, %(round_m239)s, %(circuit_id_m239)s, %(name_m239)s, %(date_m239)s, %(race_time_m239)s, %(url_m239)s, %(fp1_date_m239)s, %(fp1_time_m239)s, %(fp2_date_m239)s, %(fp2_time_m239)s, %(fp3_date_m239)s, %(fp3_time_m239)s, %(quali_date_m239)s, %(quali_time_m239)s, %(sprint_date_m239)s, %(sprint_time_m239)s), (%(race_id_m240)s, %(year_m240)s, %(round_m240)s, %(circuit_id_m240)s, %(name_m240)s, %(date_m240)s, %(race_time_m240)s, %(url_m240)s, %(fp1_date_m240)s, %(fp1_time_m240)s, %(fp2_date_m240)s, %(fp2_time_m240)s, %(fp3_date_m240)s, %(fp3_time_m240)s, %(quali_date_m240)s, %(quali_time_m240)s, %(sprint_date_m240)s, %(sprint_time_m240)s), (%(race_id_m241)s, %(year_m241)s, %(round_m241)s, %(circuit_id_m241)s, %(name_m241)s, %(date_m241)s, %(race_time_m241)s, %(url_m241)s, %(fp1_date_m241)s, %(fp1_time_m241)s, %(fp2_date_m241)s, %(fp2_time_m241)s, %(fp3_date_m241)s, %(fp3_time_m241)s, %(quali_date_m241)s, %(quali_time_m241)s, %(sprint_date_m241)s, %(sprint_time_m241)s), (%(race_id_m242)s, %(year_m242)s, %(round_m242)s, %(circuit_id_m242)s, %(name_m242)s, %(date_m242)s, %(race_time_m242)s, %(url_m242)s, %(fp1_date_m242)s, %(fp1_time_m242)s, %(fp2_date_m242)s, %(fp2_time_m242)s, %(fp3_date_m242)s, %(fp3_time_m242)s, %(quali_date_m242)s, %(quali_time_m242)s, %(sprint_date_m242)s, %(sprint_time_m242)s), (%(race_id_m243)s, %(year_m243)s, %(round_m243)s, %(circuit_id_m243)s, %(name_m243)s, %(date_m243)s, %(race_time_m243)s, %(url_m243)s, %(fp1_date_m243)s, %(fp1_time_m243)s, %(fp2_date_m243)s, %(fp2_time_m243)s, %(fp3_date_m243)s, %(fp3_time_m243)s, %(quali_date_m243)s, %(quali_time_m243)s, %(sprint_date_m243)s, %(sprint_time_m243)s), (%(race_id_m244)s, %(year_m244)s, %(round_m244)s, %(circuit_id_m244)s, %(name_m244)s, %(date_m244)s, %(race_time_m244)s, %(url_m244)s, %(fp1_date_m244)s, %(fp1_time_m244)s, %(fp2_date_m244)s, %(fp2_time_m244)s, %(fp3_date_m244)s, %(fp3_time_m244)s, %(quali_date_m244)s, %(quali_time_m244)s, %(sprint_date_m244)s, %(sprint_time_m244)s), (%(race_id_m245)s, %(year_m245)s, %(round_m245)s, %(circuit_id_m245)s, %(name_m245)s, %(date_m245)s, %(race_time_m245)s, %(url_m245)s, %(fp1_date_m245)s, %(fp1_time_m245)s, %(fp2_date_m245)s, %(fp2_time_m245)s, %(fp3_date_m245)s, %(fp3_time_m245)s, %(quali_date_m245)s, %(quali_time_m245)s, %(sprint_date_m245)s, %(sprint_time_m245)s), (%(race_id_m246)s, %(year_m246)s, %(round_m246)s, %(circuit_id_m246)s, %(name_m246)s, %(date_m246)s, %(race_time_m246)s, %(url_m246)s, %(fp1_date_m246)s, %(fp1_time_m246)s, %(fp2_date_m246)s, %(fp2_time_m246)s, %(fp3_date_m246)s, %(fp3_time_m246)s, %(quali_date_m246)s, %(quali_time_m246)s, %(sprint_date_m246)s, %(sprint_time_m246)s), (%(race_id_m247)s, %(year_m247)s, %(round_m247)s, %(circuit_id_m247)s, %(name_m247)s, %(date_m247)s, %(race_time_m247)s, %(url_m247)s, %(fp1_date_m247)s, %(fp1_time_m247)s, %(fp2_date_m247)s, %(fp2_time_m247)s, %(fp3_date_m247)s, %(fp3_time_m247)s, %(quali_date_m247)s, %(quali_time_m247)s, %(sprint_date_m247)s, %(sprint_time_m247)s), (%(race_id_m248)s, %(year_m248)s, %(round_m248)s, %(circuit_id_m248)s, %(name_m248)s, %(date_m248)s, %(race_time_m248)s, %(url_m248)s, %(fp1_date_m248)s, %(fp1_time_m248)s, %(fp2_date_m248)s, %(fp2_time_m248)s, %(fp3_date_m248)s, %(fp3_time_m248)s, %(quali_date_m248)s, %(quali_time_m248)s, %(sprint_date_m248)s, %(sprint_time_m248)s), (%(race_id_m249)s, %(year_m249)s, %(round_m249)s, %(circuit_id_m249)s, %(name_m249)s, %(date_m249)s, %(race_time_m249)s, %(url_m249)s, %(fp1_date_m249)s, %(fp1_time_m249)s, %(fp2_date_m249)s, %(fp2_time_m249)s, %(fp3_date_m249)s, %(fp3_time_m249)s, %(quali_date_m249)s, %(quali_time_m249)s, %(sprint_date_m249)s, %(sprint_time_m249)s), (%(race_id_m250)s, %(year_m250)s, %(round_m250)s, %(circuit_id_m250)s, %(name_m250)s, %(date_m250)s, %(race_time_m250)s, %(url_m250)s, %(fp1_date_m250)s, %(fp1_time_m250)s, %(fp2_date_m250)s, %(fp2_time_m250)s, %(fp3_date_m250)s, %(fp3_time_m250)s, %(quali_date_m250)s, %(quali_time_m250)s, %(sprint_date_m250)s, %(sprint_time_m250)s), (%(race_id_m251)s, %(year_m251)s, %(round_m251)s, %(circuit_id_m251)s, %(name_m251)s, %(date_m251)s, %(race_time_m251)s, %(url_m251)s, %(fp1_date_m251)s, %(fp1_time_m251)s, %(fp2_date_m251)s, %(fp2_time_m251)s, %(fp3_date_m251)s, %(fp3_time_m251)s, %(quali_date_m251)s, %(quali_time_m251)s, %(sprint_date_m251)s, %(sprint_time_m251)s), (%(race_id_m252)s, %(year_m252)s, %(round_m252)s, %(circuit_id_m252)s, %(name_m252)s, %(date_m252)s, %(race_time_m252)s, %(url_m252)s, %(fp1_date_m252)s, %(fp1_time_m252)s, %(fp2_date_m252)s, %(fp2_time_m252)s, %(fp3_date_m252)s, %(fp3_time_m252)s, %(quali_date_m252)s, %(quali_time_m252)s, %(sprint_date_m252)s, %(sprint_time_m252)s), (%(race_id_m253)s, %(year_m253)s, %(round_m253)s, %(circuit_id_m253)s, %(name_m253)s, %(date_m253)s, %(race_time_m253)s, %(url_m253)s, %(fp1_date_m253)s, %(fp1_time_m253)s, %(fp2_date_m253)s, %(fp2_time_m253)s, %(fp3_date_m253)s, %(fp3_time_m253)s, %(quali_date_m253)s, %(quali_time_m253)s, %(sprint_date_m253)s, %(sprint_time_m253)s), (%(race_id_m254)s, %(year_m254)s, %(round_m254)s, %(circuit_id_m254)s, %(name_m254)s, %(date_m254)s, %(race_time_m254)s, %(url_m254)s, %(fp1_date_m254)s, %(fp1_time_m254)s, %(fp2_date_m254)s, %(fp2_time_m254)s, %(fp3_date_m254)s, %(fp3_time_m254)s, %(quali_date_m254)s, %(quali_time_m254)s, %(sprint_date_m254)s, %(sprint_time_m254)s), (%(race_id_m255)s, %(year_m255)s, %(round_m255)s, %(circuit_id_m255)s, %(name_m255)s, %(date_m255)s, %(race_time_m255)s, %(url_m255)s, %(fp1_date_m255)s, %(fp1_time_m255)s, %(fp2_date_m255)s, %(fp2_time_m255)s, %(fp3_date_m255)s, %(fp3_time_m255)s, %(quali_date_m255)s, %(quali_time_m255)s, %(sprint_date_m255)s, %(sprint_time_m255)s), (%(race_id_m256)s, %(year_m256)s, %(round_m256)s, %(circuit_id_m256)s, %(name_m256)s, %(date_m256)s, %(race_time_m256)s, %(url_m256)s, %(fp1_date_m256)s, %(fp1_time_m256)s, %(fp2_date_m256)s, %(fp2_time_m256)s, %(fp3_date_m256)s, %(fp3_time_m256)s, %(quali_date_m256)s, %(quali_time_m256)s, %(sprint_date_m256)s, %(sprint_time_m256)s), (%(race_id_m257)s, %(year_m257)s, %(round_m257)s, %(circuit_id_m257)s, %(name_m257)s, %(date_m257)s, %(race_time_m257)s, %(url_m257)s, %(fp1_date_m257)s, %(fp1_time_m257)s, %(fp2_date_m257)s, %(fp2_time_m257)s, %(fp3_date_m257)s, %(fp3_time_m257)s, %(quali_date_m257)s, %(quali_time_m257)s, %(sprint_date_m257)s, %(sprint_time_m257)s), (%(race_id_m258)s, %(year_m258)s, %(round_m258)s, %(circuit_id_m258)s, %(name_m258)s, %(date_m258)s, %(race_time_m258)s, %(url_m258)s, %(fp1_date_m258)s, %(fp1_time_m258)s, %(fp2_date_m258)s, %(fp2_time_m258)s, %(fp3_date_m258)s, %(fp3_time_m258)s, %(quali_date_m258)s, %(quali_time_m258)s, %(sprint_date_m258)s, %(sprint_time_m258)s), (%(race_id_m259)s, %(year_m259)s, %(round_m259)s, %(circuit_id_m259)s, %(name_m259)s, %(date_m259)s, %(race_time_m259)s, %(url_m259)s, %(fp1_date_m259)s, %(fp1_time_m259)s, %(fp2_date_m259)s, %(fp2_time_m259)s, %(fp3_date_m259)s, %(fp3_time_m259)s, %(quali_date_m259)s, %(quali_time_m259)s, %(sprint_date_m259)s, %(sprint_time_m259)s), (%(race_id_m260)s, %(year_m260)s, %(round_m260)s, %(circuit_id_m260)s, %(name_m260)s, %(date_m260)s, %(race_time_m260)s, %(url_m260)s, %(fp1_date_m260)s, %(fp1_time_m260)s, %(fp2_date_m260)s, %(fp2_time_m260)s, %(fp3_date_m260)s, %(fp3_time_m260)s, %(quali_date_m260)s, %(quali_time_m260)s, %(sprint_date_m260)s, %(sprint_time_m260)s), (%(race_id_m261)s, %(year_m261)s, %(round_m261)s, %(circuit_id_m261)s, %(name_m261)s, %(date_m261)s, %(race_time_m261)s, %(url_m261)s, %(fp1_date_m261)s, %(fp1_time_m261)s, %(fp2_date_m261)s, %(fp2_time_m261)s, %(fp3_date_m261)s, %(fp3_time_m261)s, %(quali_date_m261)s, %(quali_time_m261)s, %(sprint_date_m261)s, %(sprint_time_m261)s), (%(race_id_m262)s, %(year_m262)s, %(round_m262)s, %(circuit_id_m262)s, %(name_m262)s, %(date_m262)s, %(race_time_m262)s, %(url_m262)s, %(fp1_date_m262)s, %(fp1_time_m262)s, %(fp2_date_m262)s, %(fp2_time_m262)s, %(fp3_date_m262)s, %(fp3_time_m262)s, %(quali_date_m262)s, %(quali_time_m262)s, %(sprint_date_m262)s, %(sprint_time_m262)s), (%(race_id_m263)s, %(year_m263)s, %(round_m263)s, %(circuit_id_m263)s, %(name_m263)s, %(date_m263)s, %(race_time_m263)s, %(url_m263)s, %(fp1_date_m263)s, %(fp1_time_m263)s, %(fp2_date_m263)s, %(fp2_time_m263)s, %(fp3_date_m263)s, %(fp3_time_m263)s, %(quali_date_m263)s, %(quali_time_m263)s, %(sprint_date_m263)s, %(sprint_time_m263)s), (%(race_id_m264)s, %(year_m264)s, %(round_m264)s, %(circuit_id_m264)s, %(name_m264)s, %(date_m264)s, %(race_time_m264)s, %(url_m264)s, %(fp1_date_m264)s, %(fp1_time_m264)s, %(fp2_date_m264)s, %(fp2_time_m264)s, %(fp3_date_m264)s, %(fp3_time_m264)s, %(quali_date_m264)s, %(quali_time_m264)s, %(sprint_date_m264)s, %(sprint_time_m264)s), (%(race_id_m265)s, %(year_m265)s, %(round_m265)s, %(circuit_id_m265)s, %(name_m265)s, %(date_m265)s, %(race_time_m265)s, %(url_m265)s, %(fp1_date_m265)s, %(fp1_time_m265)s, %(fp2_date_m265)s, %(fp2_time_m265)s, %(fp3_date_m265)s, %(fp3_time_m265)s, %(quali_date_m265)s, %(quali_time_m265)s, %(sprint_date_m265)s, %(sprint_time_m265)s), (%(race_id_m266)s, %(year_m266)s, %(round_m266)s, %(circuit_id_m266)s, %(name_m266)s, %(date_m266)s, %(race_time_m266)s, %(url_m266)s, %(fp1_date_m266)s, %(fp1_time_m266)s, %(fp2_date_m266)s, %(fp2_time_m266)s, %(fp3_date_m266)s, %(fp3_time_m266)s, %(quali_date_m266)s, %(quali_time_m266)s, %(sprint_date_m266)s, %(sprint_time_m266)s), (%(race_id_m267)s, %(year_m267)s, %(round_m267)s, %(circuit_id_m267)s, %(name_m267)s, %(date_m267)s, %(race_time_m267)s, %(url_m267)s, %(fp1_date_m267)s, %(fp1_time_m267)s, %(fp2_date_m267)s, %(fp2_time_m267)s, %(fp3_date_m267)s, %(fp3_time_m267)s, %(quali_date_m267)s, %(quali_time_m267)s, %(sprint_date_m267)s, %(sprint_time_m267)s), (%(race_id_m268)s, %(year_m268)s, %(round_m268)s, %(circuit_id_m268)s, %(name_m268)s, %(date_m268)s, %(race_time_m268)s, %(url_m268)s, %(fp1_date_m268)s, %(fp1_time_m268)s, %(fp2_date_m268)s, %(fp2_time_m268)s, %(fp3_date_m268)s, %(fp3_time_m268)s, %(quali_date_m268)s, %(quali_time_m268)s, %(sprint_date_m268)s, %(sprint_time_m268)s), (%(race_id_m269)s, %(year_m269)s, %(round_m269)s, %(circuit_id_m269)s, %(name_m269)s, %(date_m269)s, %(race_time_m269)s, %(url_m269)s, %(fp1_date_m269)s, %(fp1_time_m269)s, %(fp2_date_m269)s, %(fp2_time_m269)s, %(fp3_date_m269)s, %(fp3_time_m269)s, %(quali_date_m269)s, %(quali_time_m269)s, %(sprint_date_m269)s, %(sprint_time_m269)s), (%(race_id_m270)s, %(year_m270)s, %(round_m270)s, %(circuit_id_m270)s, %(name_m270)s, %(date_m270)s, %(race_time_m270)s, %(url_m270)s, %(fp1_date_m270)s, %(fp1_time_m270)s, %(fp2_date_m270)s, %(fp2_time_m270)s, %(fp3_date_m270)s, %(fp3_time_m270)s, %(quali_date_m270)s, %(quali_time_m270)s, %(sprint_date_m270)s, %(sprint_time_m270)s), (%(race_id_m271)s, %(year_m271)s, %(round_m271)s, %(circuit_id_m271)s, %(name_m271)s, %(date_m271)s, %(race_time_m271)s, %(url_m271)s, %(fp1_date_m271)s, %(fp1_time_m271)s, %(fp2_date_m271)s, %(fp2_time_m271)s, %(fp3_date_m271)s, %(fp3_time_m271)s, %(quali_date_m271)s, %(quali_time_m271)s, %(sprint_date_m271)s, %(sprint_time_m271)s), (%(race_id_m272)s, %(year_m272)s, %(round_m272)s, %(circuit_id_m272)s, %(name_m272)s, %(date_m272)s, %(race_time_m272)s, %(url_m272)s, %(fp1_date_m272)s, %(fp1_time_m272)s, %(fp2_date_m272)s, %(fp2_time_m272)s, %(fp3_date_m272)s, %(fp3_time_m272)s, %(quali_date_m272)s, %(quali_time_m272)s, %(sprint_date_m272)s, %(sprint_time_m272)s), (%(race_id_m273)s, %(year_m273)s, %(round_m273)s, %(circuit_id_m273)s, %(name_m273)s, %(date_m273)s, %(race_time_m273)s, %(url_m273)s, %(fp1_date_m273)s, %(fp1_time_m273)s, %(fp2_date_m273)s, %(fp2_time_m273)s, %(fp3_date_m273)s, %(fp3_time_m273)s, %(quali_date_m273)s, %(quali_time_m273)s, %(sprint_date_m273)s, %(sprint_time_m273)s), (%(race_id_m274)s, %(year_m274)s, %(round_m274)s, %(circuit_id_m274)s, %(name_m274)s, %(date_m274)s, %(race_time_m274)s, %(url_m274)s, %(fp1_date_m274)s, %(fp1_time_m274)s, %(fp2_date_m274)s, %(fp2_time_m274)s, %(fp3_date_m274)s, %(fp3_time_m274)s, %(quali_date_m274)s, %(quali_time_m274)s, %(sprint_date_m274)s, %(sprint_time_m274)s), (%(race_id_m275)s, %(year_m275)s, %(round_m275)s, %(circuit_id_m275)s, %(name_m275)s, %(date_m275)s, %(race_time_m275)s, %(url_m275)s, %(fp1_date_m275)s, %(fp1_time_m275)s, %(fp2_date_m275)s, %(fp2_time_m275)s, %(fp3_date_m275)s, %(fp3_time_m275)s, %(quali_date_m275)s, %(quali_time_m275)s, %(sprint_date_m275)s, %(sprint_time_m275)s), (%(race_id_m276)s, %(year_m276)s, %(round_m276)s, %(circuit_id_m276)s, %(name_m276)s, %(date_m276)s, %(race_time_m276)s, %(url_m276)s, %(fp1_date_m276)s, %(fp1_time_m276)s, %(fp2_date_m276)s, %(fp2_time_m276)s, %(fp3_date_m276)s, %(fp3_time_m276)s, %(quali_date_m276)s, %(quali_time_m276)s, %(sprint_date_m276)s, %(sprint_time_m276)s), (%(race_id_m277)s, %(year_m277)s, %(round_m277)s, %(circuit_id_m277)s, %(name_m277)s, %(date_m277)s, %(race_time_m277)s, %(url_m277)s, %(fp1_date_m277)s, %(fp1_time_m277)s, %(fp2_date_m277)s, %(fp2_time_m277)s, %(fp3_date_m277)s, %(fp3_time_m277)s, %(quali_date_m277)s, %(quali_time_m277)s, %(sprint_date_m277)s, %(sprint_time_m277)s), (%(race_id_m278)s, %(year_m278)s, %(round_m278)s, %(circuit_id_m278)s, %(name_m278)s, %(date_m278)s, %(race_time_m278)s, %(url_m278)s, %(fp1_date_m278)s, %(fp1_time_m278)s, %(fp2_date_m278)s, %(fp2_time_m278)s, %(fp3_date_m278)s, %(fp3_time_m278)s, %(quali_date_m278)s, %(quali_time_m278)s, %(sprint_date_m278)s, %(sprint_time_m278)s), (%(race_id_m279)s, %(year_m279)s, %(round_m279)s, %(circuit_id_m279)s, %(name_m279)s, %(date_m279)s, %(race_time_m279)s, %(url_m279)s, %(fp1_date_m279)s, %(fp1_time_m279)s, %(fp2_date_m279)s, %(fp2_time_m279)s, %(fp3_date_m279)s, %(fp3_time_m279)s, %(quali_date_m279)s, %(quali_time_m279)s, %(sprint_date_m279)s, %(sprint_time_m279)s), (%(race_id_m280)s, %(year_m280)s, %(round_m280)s, %(circuit_id_m280)s, %(name_m280)s, %(date_m280)s, %(race_time_m280)s, %(url_m280)s, %(fp1_date_m280)s, %(fp1_time_m280)s, %(fp2_date_m280)s, %(fp2_time_m280)s, %(fp3_date_m280)s, %(fp3_time_m280)s, %(quali_date_m280)s, %(quali_time_m280)s, %(sprint_date_m280)s, %(sprint_time_m280)s), (%(race_id_m281)s, %(year_m281)s, %(round_m281)s, %(circuit_id_m281)s, %(name_m281)s, %(date_m281)s, %(race_time_m281)s, %(url_m281)s, %(fp1_date_m281)s, %(fp1_time_m281)s, %(fp2_date_m281)s, %(fp2_time_m281)s, %(fp3_date_m281)s, %(fp3_time_m281)s, %(quali_date_m281)s, %(quali_time_m281)s, %(sprint_date_m281)s, %(sprint_time_m281)s), (%(race_id_m282)s, %(year_m282)s, %(round_m282)s, %(circuit_id_m282)s, %(name_m282)s, %(date_m282)s, %(race_time_m282)s, %(url_m282)s, %(fp1_date_m282)s, %(fp1_time_m282)s, %(fp2_date_m282)s, %(fp2_time_m282)s, %(fp3_date_m282)s, %(fp3_time_m282)s, %(quali_date_m282)s, %(quali_time_m282)s, %(sprint_date_m282)s, %(sprint_time_m282)s), (%(race_id_m283)s, %(year_m283)s, %(round_m283)s, %(circuit_id_m283)s, %(name_m283)s, %(date_m283)s, %(race_time_m283)s, %(url_m283)s, %(fp1_date_m283)s, %(fp1_time_m283)s, %(fp2_date_m283)s, %(fp2_time_m283)s, %(fp3_date_m283)s, %(fp3_time_m283)s, %(quali_date_m283)s, %(quali_time_m283)s, %(sprint_date_m283)s, %(sprint_time_m283)s), (%(race_id_m284)s, %(year_m284)s, %(round_m284)s, %(circuit_id_m284)s, %(name_m284)s, %(date_m284)s, %(race_time_m284)s, %(url_m284)s, %(fp1_date_m284)s, %(fp1_time_m284)s, %(fp2_date_m284)s, %(fp2_time_m284)s, %(fp3_date_m284)s, %(fp3_time_m284)s, %(quali_date_m284)s, %(quali_time_m284)s, %(sprint_date_m284)s, %(sprint_time_m284)s), (%(race_id_m285)s, %(year_m285)s, %(round_m285)s, %(circuit_id_m285)s, %(name_m285)s, %(date_m285)s, %(race_time_m285)s, %(url_m285)s, %(fp1_date_m285)s, %(fp1_time_m285)s, %(fp2_date_m285)s, %(fp2_time_m285)s, %(fp3_date_m285)s, %(fp3_time_m285)s, %(quali_date_m285)s, %(quali_time_m285)s, %(sprint_date_m285)s, %(sprint_time_m285)s), (%(race_id_m286)s, %(year_m286)s, %(round_m286)s, %(circuit_id_m286)s, %(name_m286)s, %(date_m286)s, %(race_time_m286)s, %(url_m286)s, %(fp1_date_m286)s, %(fp1_time_m286)s, %(fp2_date_m286)s, %(fp2_time_m286)s, %(fp3_date_m286)s, %(fp3_time_m286)s, %(quali_date_m286)s, %(quali_time_m286)s, %(sprint_date_m286)s, %(sprint_time_m286)s), (%(race_id_m287)s, %(year_m287)s, %(round_m287)s, %(circuit_id_m287)s, %(name_m287)s, %(date_m287)s, %(race_time_m287)s, %(url_m287)s, %(fp1_date_m287)s, %(fp1_time_m287)s, %(fp2_date_m287)s, %(fp2_time_m287)s, %(fp3_date_m287)s, %(fp3_time_m287)s, %(quali_date_m287)s, %(quali_time_m287)s, %(sprint_date_m287)s, %(sprint_time_m287)s), (%(race_id_m288)s, %(year_m288)s, %(round_m288)s, %(circuit_id_m288)s, %(name_m288)s, %(date_m288)s, %(race_time_m288)s, %(url_m288)s, %(fp1_date_m288)s, %(fp1_time_m288)s, %(fp2_date_m288)s, %(fp2_time_m288)s, %(fp3_date_m288)s, %(fp3_time_m288)s, %(quali_date_m288)s, %(quali_time_m288)s, %(sprint_date_m288)s, %(sprint_time_m288)s), (%(race_id_m289)s, %(year_m289)s, %(round_m289)s, %(circuit_id_m289)s, %(name_m289)s, %(date_m289)s, %(race_time_m289)s, %(url_m289)s, %(fp1_date_m289)s, %(fp1_time_m289)s, %(fp2_date_m289)s, %(fp2_time_m289)s, %(fp3_date_m289)s, %(fp3_time_m289)s, %(quali_date_m289)s, %(quali_time_m289)s, %(sprint_date_m289)s, %(sprint_time_m289)s), (%(race_id_m290)s, %(year_m290)s, %(round_m290)s, %(circuit_id_m290)s, %(name_m290)s, %(date_m290)s, %(race_time_m290)s, %(url_m290)s, %(fp1_date_m290)s, %(fp1_time_m290)s, %(fp2_date_m290)s, %(fp2_time_m290)s, %(fp3_date_m290)s, %(fp3_time_m290)s, %(quali_date_m290)s, %(quali_time_m290)s, %(sprint_date_m290)s, %(sprint_time_m290)s), (%(race_id_m291)s, %(year_m291)s, %(round_m291)s, %(circuit_id_m291)s, %(name_m291)s, %(date_m291)s, %(race_time_m291)s, %(url_m291)s, %(fp1_date_m291)s, %(fp1_time_m291)s, %(fp2_date_m291)s, %(fp2_time_m291)s, %(fp3_date_m291)s, %(fp3_time_m291)s, %(quali_date_m291)s, %(quali_time_m291)s, %(sprint_date_m291)s, %(sprint_time_m291)s), (%(race_id_m292)s, %(year_m292)s, %(round_m292)s, %(circuit_id_m292)s, %(name_m292)s, %(date_m292)s, %(race_time_m292)s, %(url_m292)s, %(fp1_date_m292)s, %(fp1_time_m292)s, %(fp2_date_m292)s, %(fp2_time_m292)s, %(fp3_date_m292)s, %(fp3_time_m292)s, %(quali_date_m292)s, %(quali_time_m292)s, %(sprint_date_m292)s, %(sprint_time_m292)s), (%(race_id_m293)s, %(year_m293)s, %(round_m293)s, %(circuit_id_m293)s, %(name_m293)s, %(date_m293)s, %(race_time_m293)s, %(url_m293)s, %(fp1_date_m293)s, %(fp1_time_m293)s, %(fp2_date_m293)s, %(fp2_time_m293)s, %(fp3_date_m293)s, %(fp3_time_m293)s, %(quali_date_m293)s, %(quali_time_m293)s, %(sprint_date_m293)s, %(sprint_time_m293)s), (%(race_id_m294)s, %(year_m294)s, %(round_m294)s, %(circuit_id_m294)s, %(name_m294)s, %(date_m294)s, %(race_time_m294)s, %(url_m294)s, %(fp1_date_m294)s, %(fp1_time_m294)s, %(fp2_date_m294)s, %(fp2_time_m294)s, %(fp3_date_m294)s, %(fp3_time_m294)s, %(quali_date_m294)s, %(quali_time_m294)s, %(sprint_date_m294)s, %(sprint_time_m294)s), (%(race_id_m295)s, %(year_m295)s, %(round_m295)s, %(circuit_id_m295)s, %(name_m295)s, %(date_m295)s, %(race_time_m295)s, %(url_m295)s, %(fp1_date_m295)s, %(fp1_time_m295)s, %(fp2_date_m295)s, %(fp2_time_m295)s, %(fp3_date_m295)s, %(fp3_time_m295)s, %(quali_date_m295)s, %(quali_time_m295)s, %(sprint_date_m295)s, %(sprint_time_m295)s), (%(race_id_m296)s, %(year_m296)s, %(round_m296)s, %(circuit_id_m296)s, %(name_m296)s, %(date_m296)s, %(race_time_m296)s, %(url_m296)s, %(fp1_date_m296)s, %(fp1_time_m296)s, %(fp2_date_m296)s, %(fp2_time_m296)s, %(fp3_date_m296)s, %(fp3_time_m296)s, %(quali_date_m296)s, %(quali_time_m296)s, %(sprint_date_m296)s, %(sprint_time_m296)s), (%(race_id_m297)s, %(year_m297)s, %(round_m297)s, %(circuit_id_m297)s, %(name_m297)s, %(date_m297)s, %(race_time_m297)s, %(url_m297)s, %(fp1_date_m297)s, %(fp1_time_m297)s, %(fp2_date_m297)s, %(fp2_time_m297)s, %(fp3_date_m297)s, %(fp3_time_m297)s, %(quali_date_m297)s, %(quali_time_m297)s, %(sprint_date_m297)s, %(sprint_time_m297)s), (%(race_id_m298)s, %(year_m298)s, %(round_m298)s, %(circuit_id_m298)s, %(name_m298)s, %(date_m298)s, %(race_time_m298)s, %(url_m298)s, %(fp1_date_m298)s, %(fp1_time_m298)s, %(fp2_date_m298)s, %(fp2_time_m298)s, %(fp3_date_m298)s, %(fp3_time_m298)s, %(quali_date_m298)s, %(quali_time_m298)s, %(sprint_date_m298)s, %(sprint_time_m298)s), (%(race_id_m299)s, %(year_m299)s, %(round_m299)s, %(circuit_id_m299)s, %(name_m299)s, %(date_m299)s, %(race_time_m299)s, %(url_m299)s, %(fp1_date_m299)s, %(fp1_time_m299)s, %(fp2_date_m299)s, %(fp2_time_m299)s, %(fp3_date_m299)s, %(fp3_time_m299)s, %(quali_date_m299)s, %(quali_time_m299)s, %(sprint_date_m299)s, %(sprint_time_m299)s), (%(race_id_m300)s, %(year_m300)s, %(round_m300)s, %(circuit_id_m300)s, %(name_m300)s, %(date_m300)s, %(race_time_m300)s, %(url_m300)s, %(fp1_date_m300)s, %(fp1_time_m300)s, %(fp2_date_m300)s, %(fp2_time_m300)s, %(fp3_date_m300)s, %(fp3_time_m300)s, %(quali_date_m300)s, %(quali_time_m300)s, %(sprint_date_m300)s, %(sprint_time_m300)s), (%(race_id_m301)s, %(year_m301)s, %(round_m301)s, %(circuit_id_m301)s, %(name_m301)s, %(date_m301)s, %(race_time_m301)s, %(url_m301)s, %(fp1_date_m301)s, %(fp1_time_m301)s, %(fp2_date_m301)s, %(fp2_time_m301)s, %(fp3_date_m301)s, %(fp3_time_m301)s, %(quali_date_m301)s, %(quali_time_m301)s, %(sprint_date_m301)s, %(sprint_time_m301)s), (%(race_id_m302)s, %(year_m302)s, %(round_m302)s, %(circuit_id_m302)s, %(name_m302)s, %(date_m302)s, %(race_time_m302)s, %(url_m302)s, %(fp1_date_m302)s, %(fp1_time_m302)s, %(fp2_date_m302)s, %(fp2_time_m302)s, %(fp3_date_m302)s, %(fp3_time_m302)s, %(quali_date_m302)s, %(quali_time_m302)s, %(sprint_date_m302)s, %(sprint_time_m302)s), (%(race_id_m303)s, %(year_m303)s, %(round_m303)s, %(circuit_id_m303)s, %(name_m303)s, %(date_m303)s, %(race_time_m303)s, %(url_m303)s, %(fp1_date_m303)s, %(fp1_time_m303)s, %(fp2_date_m303)s, %(fp2_time_m303)s, %(fp3_date_m303)s, %(fp3_time_m303)s, %(quali_date_m303)s, %(quali_time_m303)s, %(sprint_date_m303)s, %(sprint_time_m303)s), (%(race_id_m304)s, %(year_m304)s, %(round_m304)s, %(circuit_id_m304)s, %(name_m304)s, %(date_m304)s, %(race_time_m304)s, %(url_m304)s, %(fp1_date_m304)s, %(fp1_time_m304)s, %(fp2_date_m304)s, %(fp2_time_m304)s, %(fp3_date_m304)s, %(fp3_time_m304)s, %(quali_date_m304)s, %(quali_time_m304)s, %(sprint_date_m304)s, %(sprint_time_m304)s), (%(race_id_m305)s, %(year_m305)s, %(round_m305)s, %(circuit_id_m305)s, %(name_m305)s, %(date_m305)s, %(race_time_m305)s, %(url_m305)s, %(fp1_date_m305)s, %(fp1_time_m305)s, %(fp2_date_m305)s, %(fp2_time_m305)s, %(fp3_date_m305)s, %(fp3_time_m305)s, %(quali_date_m305)s, %(quali_time_m305)s, %(sprint_date_m305)s, %(sprint_time_m305)s), (%(race_id_m306)s, %(year_m306)s, %(round_m306)s, %(circuit_id_m306)s, %(name_m306)s, %(date_m306)s, %(race_time_m306)s, %(url_m306)s, %(fp1_date_m306)s, %(fp1_time_m306)s, %(fp2_date_m306)s, %(fp2_time_m306)s, %(fp3_date_m306)s, %(fp3_time_m306)s, %(quali_date_m306)s, %(quali_time_m306)s, %(sprint_date_m306)s, %(sprint_time_m306)s), (%(race_id_m307)s, %(year_m307)s, %(round_m307)s, %(circuit_id_m307)s, %(name_m307)s, %(date_m307)s, %(race_time_m307)s, %(url_m307)s, %(fp1_date_m307)s, %(fp1_time_m307)s, %(fp2_date_m307)s, %(fp2_time_m307)s, %(fp3_date_m307)s, %(fp3_time_m307)s, %(quali_date_m307)s, %(quali_time_m307)s, %(sprint_date_m307)s, %(sprint_time_m307)s), (%(race_id_m308)s, %(year_m308)s, %(round_m308)s, %(circuit_id_m308)s, %(name_m308)s, %(date_m308)s, %(race_time_m308)s, %(url_m308)s, %(fp1_date_m308)s, %(fp1_time_m308)s, %(fp2_date_m308)s, %(fp2_time_m308)s, %(fp3_date_m308)s, %(fp3_time_m308)s, %(quali_date_m308)s, %(quali_time_m308)s, %(sprint_date_m308)s, %(sprint_time_m308)s), (%(race_id_m309)s, %(year_m309)s, %(round_m309)s, %(circuit_id_m309)s, %(name_m309)s, %(date_m309)s, %(race_time_m309)s, %(url_m309)s, %(fp1_date_m309)s, %(fp1_time_m309)s, %(fp2_date_m309)s, %(fp2_time_m309)s, %(fp3_date_m309)s, %(fp3_time_m309)s, %(quali_date_m309)s, %(quali_time_m309)s, %(sprint_date_m309)s, %(sprint_time_m309)s), (%(race_id_m310)s, %(year_m310)s, %(round_m310)s, %(circuit_id_m310)s, %(name_m310)s, %(date_m310)s, %(race_time_m310)s, %(url_m310)s, %(fp1_date_m310)s, %(fp1_time_m310)s, %(fp2_date_m310)s, %(fp2_time_m310)s, %(fp3_date_m310)s, %(fp3_time_m310)s, %(quali_date_m310)s, %(quali_time_m310)s, %(sprint_date_m310)s, %(sprint_time_m310)s), (%(race_id_m311)s, %(year_m311)s, %(round_m311)s, %(circuit_id_m311)s, %(name_m311)s, %(date_m311)s, %(race_time_m311)s, %(url_m311)s, %(fp1_date_m311)s, %(fp1_time_m311)s, %(fp2_date_m311)s, %(fp2_time_m311)s, %(fp3_date_m311)s, %(fp3_time_m311)s, %(quali_date_m311)s, %(quali_time_m311)s, %(sprint_date_m311)s, %(sprint_time_m311)s), (%(race_id_m312)s, %(year_m312)s, %(round_m312)s, %(circuit_id_m312)s, %(name_m312)s, %(date_m312)s, %(race_time_m312)s, %(url_m312)s, %(fp1_date_m312)s, %(fp1_time_m312)s, %(fp2_date_m312)s, %(fp2_time_m312)s, %(fp3_date_m312)s, %(fp3_time_m312)s, %(quali_date_m312)s, %(quali_time_m312)s, %(sprint_date_m312)s, %(sprint_time_m312)s), (%(race_id_m313)s, %(year_m313)s, %(round_m313)s, %(circuit_id_m313)s, %(name_m313)s, %(date_m313)s, %(race_time_m313)s, %(url_m313)s, %(fp1_date_m313)s, %(fp1_time_m313)s, %(fp2_date_m313)s, %(fp2_time_m313)s, %(fp3_date_m313)s, %(fp3_time_m313)s, %(quali_date_m313)s, %(quali_time_m313)s, %(sprint_date_m313)s, %(sprint_time_m313)s), (%(race_id_m314)s, %(year_m314)s, %(round_m314)s, %(circuit_id_m314)s, %(name_m314)s, %(date_m314)s, %(race_time_m314)s, %(url_m314)s, %(fp1_date_m314)s, %(fp1_time_m314)s, %(fp2_date_m314)s, %(fp2_time_m314)s, %(fp3_date_m314)s, %(fp3_time_m314)s, %(quali_date_m314)s, %(quali_time_m314)s, %(sprint_date_m314)s, %(sprint_time_m314)s), (%(race_id_m315)s, %(year_m315)s, %(round_m315)s, %(circuit_id_m315)s, %(name_m315)s, %(date_m315)s, %(race_time_m315)s, %(url_m315)s, %(fp1_date_m315)s, %(fp1_time_m315)s, %(fp2_date_m315)s, %(fp2_time_m315)s, %(fp3_date_m315)s, %(fp3_time_m315)s, %(quali_date_m315)s, %(quali_time_m315)s, %(sprint_date_m315)s, %(sprint_time_m315)s), (%(race_id_m316)s, %(year_m316)s, %(round_m316)s, %(circuit_id_m316)s, %(name_m316)s, %(date_m316)s, %(race_time_m316)s, %(url_m316)s, %(fp1_date_m316)s, %(fp1_time_m316)s, %(fp2_date_m316)s, %(fp2_time_m316)s, %(fp3_date_m316)s, %(fp3_time_m316)s, %(quali_date_m316)s, %(quali_time_m316)s, %(sprint_date_m316)s, %(sprint_time_m316)s), (%(race_id_m317)s, %(year_m317)s, %(round_m317)s, %(circuit_id_m317)s, %(name_m317)s, %(date_m317)s, %(race_time_m317)s, %(url_m317)s, %(fp1_date_m317)s, %(fp1_time_m317)s, %(fp2_date_m317)s, %(fp2_time_m317)s, %(fp3_date_m317)s, %(fp3_time_m317)s, %(quali_date_m317)s, %(quali_time_m317)s, %(sprint_date_m317)s, %(sprint_time_m317)s), (%(race_id_m318)s, %(year_m318)s, %(round_m318)s, %(circuit_id_m318)s, %(name_m318)s, %(date_m318)s, %(race_time_m318)s, %(url_m318)s, %(fp1_date_m318)s, %(fp1_time_m318)s, %(fp2_date_m318)s, %(fp2_time_m318)s, %(fp3_date_m318)s, %(fp3_time_m318)s, %(quali_date_m318)s, %(quali_time_m318)s, %(sprint_date_m318)s, %(sprint_time_m318)s), (%(race_id_m319)s, %(year_m319)s, %(round_m319)s, %(circuit_id_m319)s, %(name_m319)s, %(date_m319)s, %(race_time_m319)s, %(url_m319)s, %(fp1_date_m319)s, %(fp1_time_m319)s, %(fp2_date_m319)s, %(fp2_time_m319)s, %(fp3_date_m319)s, %(fp3_time_m319)s, %(quali_date_m319)s, %(quali_time_m319)s, %(sprint_date_m319)s, %(sprint_time_m319)s), (%(race_id_m320)s, %(year_m320)s, %(round_m320)s, %(circuit_id_m320)s, %(name_m320)s, %(date_m320)s, %(race_time_m320)s, %(url_m320)s, %(fp1_date_m320)s, %(fp1_time_m320)s, %(fp2_date_m320)s, %(fp2_time_m320)s, %(fp3_date_m320)s, %(fp3_time_m320)s, %(quali_date_m320)s, %(quali_time_m320)s, %(sprint_date_m320)s, %(sprint_time_m320)s), (%(race_id_m321)s, %(year_m321)s, %(round_m321)s, %(circuit_id_m321)s, %(name_m321)s, %(date_m321)s, %(race_time_m321)s, %(url_m321)s, %(fp1_date_m321)s, %(fp1_time_m321)s, %(fp2_date_m321)s, %(fp2_time_m321)s, %(fp3_date_m321)s, %(fp3_time_m321)s, %(quali_date_m321)s, %(quali_time_m321)s, %(sprint_date_m321)s, %(sprint_time_m321)s), (%(race_id_m322)s, %(year_m322)s, %(round_m322)s, %(circuit_id_m322)s, %(name_m322)s, %(date_m322)s, %(race_time_m322)s, %(url_m322)s, %(fp1_date_m322)s, %(fp1_time_m322)s, %(fp2_date_m322)s, %(fp2_time_m322)s, %(fp3_date_m322)s, %(fp3_time_m322)s, %(quali_date_m322)s, %(quali_time_m322)s, %(sprint_date_m322)s, %(sprint_time_m322)s), (%(race_id_m323)s, %(year_m323)s, %(round_m323)s, %(circuit_id_m323)s, %(name_m323)s, %(date_m323)s, %(race_time_m323)s, %(url_m323)s, %(fp1_date_m323)s, %(fp1_time_m323)s, %(fp2_date_m323)s, %(fp2_time_m323)s, %(fp3_date_m323)s, %(fp3_time_m323)s, %(quali_date_m323)s, %(quali_time_m323)s, %(sprint_date_m323)s, %(sprint_time_m323)s), (%(race_id_m324)s, %(year_m324)s, %(round_m324)s, %(circuit_id_m324)s, %(name_m324)s, %(date_m324)s, %(race_time_m324)s, %(url_m324)s, %(fp1_date_m324)s, %(fp1_time_m324)s, %(fp2_date_m324)s, %(fp2_time_m324)s, %(fp3_date_m324)s, %(fp3_time_m324)s, %(quali_date_m324)s, %(quali_time_m324)s, %(sprint_date_m324)s, %(sprint_time_m324)s), (%(race_id_m325)s, %(year_m325)s, %(round_m325)s, %(circuit_id_m325)s, %(name_m325)s, %(date_m325)s, %(race_time_m325)s, %(url_m325)s, %(fp1_date_m325)s, %(fp1_time_m325)s, %(fp2_date_m325)s, %(fp2_time_m325)s, %(fp3_date_m325)s, %(fp3_time_m325)s, %(quali_date_m325)s, %(quali_time_m325)s, %(sprint_date_m325)s, %(sprint_time_m325)s), (%(race_id_m326)s, %(year_m326)s, %(round_m326)s, %(circuit_id_m326)s, %(name_m326)s, %(date_m326)s, %(race_time_m326)s, %(url_m326)s, %(fp1_date_m326)s, %(fp1_time_m326)s, %(fp2_date_m326)s, %(fp2_time_m326)s, %(fp3_date_m326)s, %(fp3_time_m326)s, %(quali_date_m326)s, %(quali_time_m326)s, %(sprint_date_m326)s, %(sprint_time_m326)s), (%(race_id_m327)s, %(year_m327)s, %(round_m327)s, %(circuit_id_m327)s, %(name_m327)s, %(date_m327)s, %(race_time_m327)s, %(url_m327)s, %(fp1_date_m327)s, %(fp1_time_m327)s, %(fp2_date_m327)s, %(fp2_time_m327)s, %(fp3_date_m327)s, %(fp3_time_m327)s, %(quali_date_m327)s, %(quali_time_m327)s, %(sprint_date_m327)s, %(sprint_time_m327)s), (%(race_id_m328)s, %(year_m328)s, %(round_m328)s, %(circuit_id_m328)s, %(name_m328)s, %(date_m328)s, %(race_time_m328)s, %(url_m328)s, %(fp1_date_m328)s, %(fp1_time_m328)s, %(fp2_date_m328)s, %(fp2_time_m328)s, %(fp3_date_m328)s, %(fp3_time_m328)s, %(quali_date_m328)s, %(quali_time_m328)s, %(sprint_date_m328)s, %(sprint_time_m328)s), (%(race_id_m329)s, %(year_m329)s, %(round_m329)s, %(circuit_id_m329)s, %(name_m329)s, %(date_m329)s, %(race_time_m329)s, %(url_m329)s, %(fp1_date_m329)s, %(fp1_time_m329)s, %(fp2_date_m329)s, %(fp2_time_m329)s, %(fp3_date_m329)s, %(fp3_time_m329)s, %(quali_date_m329)s, %(quali_time_m329)s, %(sprint_date_m329)s, %(sprint_time_m329)s), (%(race_id_m330)s, %(year_m330)s, %(round_m330)s, %(circuit_id_m330)s, %(name_m330)s, %(date_m330)s, %(race_time_m330)s, %(url_m330)s, %(fp1_date_m330)s, %(fp1_time_m330)s, %(fp2_date_m330)s, %(fp2_time_m330)s, %(fp3_date_m330)s, %(fp3_time_m330)s, %(quali_date_m330)s, %(quali_time_m330)s, %(sprint_date_m330)s, %(sprint_time_m330)s), (%(race_id_m331)s, %(year_m331)s, %(round_m331)s, %(circuit_id_m331)s, %(name_m331)s, %(date_m331)s, %(race_time_m331)s, %(url_m331)s, %(fp1_date_m331)s, %(fp1_time_m331)s, %(fp2_date_m331)s, %(fp2_time_m331)s, %(fp3_date_m331)s, %(fp3_time_m331)s, %(quali_date_m331)s, %(quali_time_m331)s, %(sprint_date_m331)s, %(sprint_time_m331)s), (%(race_id_m332)s, %(year_m332)s, %(round_m332)s, %(circuit_id_m332)s, %(name_m332)s, %(date_m332)s, %(race_time_m332)s, %(url_m332)s, %(fp1_date_m332)s, %(fp1_time_m332)s, %(fp2_date_m332)s, %(fp2_time_m332)s, %(fp3_date_m332)s, %(fp3_time_m332)s, %(quali_date_m332)s, %(quali_time_m332)s, %(sprint_date_m332)s, %(sprint_time_m332)s), (%(race_id_m333)s, %(year_m333)s, %(round_m333)s, %(circuit_id_m333)s, %(name_m333)s, %(date_m333)s, %(race_time_m333)s, %(url_m333)s, %(fp1_date_m333)s, %(fp1_time_m333)s, %(fp2_date_m333)s, %(fp2_time_m333)s, %(fp3_date_m333)s, %(fp3_time_m333)s, %(quali_date_m333)s, %(quali_time_m333)s, %(sprint_date_m333)s, %(sprint_time_m333)s), (%(race_id_m334)s, %(year_m334)s, %(round_m334)s, %(circuit_id_m334)s, %(name_m334)s, %(date_m334)s, %(race_time_m334)s, %(url_m334)s, %(fp1_date_m334)s, %(fp1_time_m334)s, %(fp2_date_m334)s, %(fp2_time_m334)s, %(fp3_date_m334)s, %(fp3_time_m334)s, %(quali_date_m334)s, %(quali_time_m334)s, %(sprint_date_m334)s, %(sprint_time_m334)s), (%(race_id_m335)s, %(year_m335)s, %(round_m335)s, %(circuit_id_m335)s, %(name_m335)s, %(date_m335)s, %(race_time_m335)s, %(url_m335)s, %(fp1_date_m335)s, %(fp1_time_m335)s, %(fp2_date_m335)s, %(fp2_time_m335)s, %(fp3_date_m335)s, %(fp3_time_m335)s, %(quali_date_m335)s, %(quali_time_m335)s, %(sprint_date_m335)s, %(sprint_time_m335)s), (%(race_id_m336)s, %(year_m336)s, %(round_m336)s, %(circuit_id_m336)s, %(name_m336)s, %(date_m336)s, %(race_time_m336)s, %(url_m336)s, %(fp1_date_m336)s, %(fp1_time_m336)s, %(fp2_date_m336)s, %(fp2_time_m336)s, %(fp3_date_m336)s, %(fp3_time_m336)s, %(quali_date_m336)s, %(quali_time_m336)s, %(sprint_date_m336)s, %(sprint_time_m336)s), (%(race_id_m337)s, %(year_m337)s, %(round_m337)s, %(circuit_id_m337)s, %(name_m337)s, %(date_m337)s, %(race_time_m337)s, %(url_m337)s, %(fp1_date_m337)s, %(fp1_time_m337)s, %(fp2_date_m337)s, %(fp2_time_m337)s, %(fp3_date_m337)s, %(fp3_time_m337)s, %(quali_date_m337)s, %(quali_time_m337)s, %(sprint_date_m337)s, %(sprint_time_m337)s), (%(race_id_m338)s, %(year_m338)s, %(round_m338)s, %(circuit_id_m338)s, %(name_m338)s, %(date_m338)s, %(race_time_m338)s, %(url_m338)s, %(fp1_date_m338)s, %(fp1_time_m338)s, %(fp2_date_m338)s, %(fp2_time_m338)s, %(fp3_date_m338)s, %(fp3_time_m338)s, %(quali_date_m338)s, %(quali_time_m338)s, %(sprint_date_m338)s, %(sprint_time_m338)s), (%(race_id_m339)s, %(year_m339)s, %(round_m339)s, %(circuit_id_m339)s, %(name_m339)s, %(date_m339)s, %(race_time_m339)s, %(url_m339)s, %(fp1_date_m339)s, %(fp1_time_m339)s, %(fp2_date_m339)s, %(fp2_time_m339)s, %(fp3_date_m339)s, %(fp3_time_m339)s, %(quali_date_m339)s, %(quali_time_m339)s, %(sprint_date_m339)s, %(sprint_time_m339)s), (%(race_id_m340)s, %(year_m340)s, %(round_m340)s, %(circuit_id_m340)s, %(name_m340)s, %(date_m340)s, %(race_time_m340)s, %(url_m340)s, %(fp1_date_m340)s, %(fp1_time_m340)s, %(fp2_date_m340)s, %(fp2_time_m340)s, %(fp3_date_m340)s, %(fp3_time_m340)s, %(quali_date_m340)s, %(quali_time_m340)s, %(sprint_date_m340)s, %(sprint_time_m340)s), (%(race_id_m341)s, %(year_m341)s, %(round_m341)s, %(circuit_id_m341)s, %(name_m341)s, %(date_m341)s, %(race_time_m341)s, %(url_m341)s, %(fp1_date_m341)s, %(fp1_time_m341)s, %(fp2_date_m341)s, %(fp2_time_m341)s, %(fp3_date_m341)s, %(fp3_time_m341)s, %(quali_date_m341)s, %(quali_time_m341)s, %(sprint_date_m341)s, %(sprint_time_m341)s), (%(race_id_m342)s, %(year_m342)s, %(round_m342)s, %(circuit_id_m342)s, %(name_m342)s, %(date_m342)s, %(race_time_m342)s, %(url_m342)s, %(fp1_date_m342)s, %(fp1_time_m342)s, %(fp2_date_m342)s, %(fp2_time_m342)s, %(fp3_date_m342)s, %(fp3_time_m342)s, %(quali_date_m342)s, %(quali_time_m342)s, %(sprint_date_m342)s, %(sprint_time_m342)s), (%(race_id_m343)s, %(year_m343)s, %(round_m343)s, %(circuit_id_m343)s, %(name_m343)s, %(date_m343)s, %(race_time_m343)s, %(url_m343)s, %(fp1_date_m343)s, %(fp1_time_m343)s, %(fp2_date_m343)s, %(fp2_time_m343)s, %(fp3_date_m343)s, %(fp3_time_m343)s, %(quali_date_m343)s, %(quali_time_m343)s, %(sprint_date_m343)s, %(sprint_time_m343)s), (%(race_id_m344)s, %(year_m344)s, %(round_m344)s, %(circuit_id_m344)s, %(name_m344)s, %(date_m344)s, %(race_time_m344)s, %(url_m344)s, %(fp1_date_m344)s, %(fp1_time_m344)s, %(fp2_date_m344)s, %(fp2_time_m344)s, %(fp3_date_m344)s, %(fp3_time_m344)s, %(quali_date_m344)s, %(quali_time_m344)s, %(sprint_date_m344)s, %(sprint_time_m344)s), (%(race_id_m345)s, %(year_m345)s, %(round_m345)s, %(circuit_id_m345)s, %(name_m345)s, %(date_m345)s, %(race_time_m345)s, %(url_m345)s, %(fp1_date_m345)s, %(fp1_time_m345)s, %(fp2_date_m345)s, %(fp2_time_m345)s, %(fp3_date_m345)s, %(fp3_time_m345)s, %(quali_date_m345)s, %(quali_time_m345)s, %(sprint_date_m345)s, %(sprint_time_m345)s), (%(race_id_m346)s, %(year_m346)s, %(round_m346)s, %(circuit_id_m346)s, %(name_m346)s, %(date_m346)s, %(race_time_m346)s, %(url_m346)s, %(fp1_date_m346)s, %(fp1_time_m346)s, %(fp2_date_m346)s, %(fp2_time_m346)s, %(fp3_date_m346)s, %(fp3_time_m346)s, %(quali_date_m346)s, %(quali_time_m346)s, %(sprint_date_m346)s, %(sprint_time_m346)s), (%(race_id_m347)s, %(year_m347)s, %(round_m347)s, %(circuit_id_m347)s, %(name_m347)s, %(date_m347)s, %(race_time_m347)s, %(url_m347)s, %(fp1_date_m347)s, %(fp1_time_m347)s, %(fp2_date_m347)s, %(fp2_time_m347)s, %(fp3_date_m347)s, %(fp3_time_m347)s, %(quali_date_m347)s, %(quali_time_m347)s, %(sprint_date_m347)s, %(sprint_time_m347)s), (%(race_id_m348)s, %(year_m348)s, %(round_m348)s, %(circuit_id_m348)s, %(name_m348)s, %(date_m348)s, %(race_time_m348)s, %(url_m348)s, %(fp1_date_m348)s, %(fp1_time_m348)s, %(fp2_date_m348)s, %(fp2_time_m348)s, %(fp3_date_m348)s, %(fp3_time_m348)s, %(quali_date_m348)s, %(quali_time_m348)s, %(sprint_date_m348)s, %(sprint_time_m348)s), (%(race_id_m349)s, %(year_m349)s, %(round_m349)s, %(circuit_id_m349)s, %(name_m349)s, %(date_m349)s, %(race_time_m349)s, %(url_m349)s, %(fp1_date_m349)s, %(fp1_time_m349)s, %(fp2_date_m349)s, %(fp2_time_m349)s, %(fp3_date_m349)s, %(fp3_time_m349)s, %(quali_date_m349)s, %(quali_time_m349)s, %(sprint_date_m349)s, %(sprint_time_m349)s), (%(race_id_m350)s, %(year_m350)s, %(round_m350)s, %(circuit_id_m350)s, %(name_m350)s, %(date_m350)s, %(race_time_m350)s, %(url_m350)s, %(fp1_date_m350)s, %(fp1_time_m350)s, %(fp2_date_m350)s, %(fp2_time_m350)s, %(fp3_date_m350)s, %(fp3_time_m350)s, %(quali_date_m350)s, %(quali_time_m350)s, %(sprint_date_m350)s, %(sprint_time_m350)s), (%(race_id_m351)s, %(year_m351)s, %(round_m351)s, %(circuit_id_m351)s, %(name_m351)s, %(date_m351)s, %(race_time_m351)s, %(url_m351)s, %(fp1_date_m351)s, %(fp1_time_m351)s, %(fp2_date_m351)s, %(fp2_time_m351)s, %(fp3_date_m351)s, %(fp3_time_m351)s, %(quali_date_m351)s, %(quali_time_m351)s, %(sprint_date_m351)s, %(sprint_time_m351)s), (%(race_id_m352)s, %(year_m352)s, %(round_m352)s, %(circuit_id_m352)s, %(name_m352)s, %(date_m352)s, %(race_time_m352)s, %(url_m352)s, %(fp1_date_m352)s, %(fp1_time_m352)s, %(fp2_date_m352)s, %(fp2_time_m352)s, %(fp3_date_m352)s, %(fp3_time_m352)s, %(quali_date_m352)s, %(quali_time_m352)s, %(sprint_date_m352)s, %(sprint_time_m352)s), (%(race_id_m353)s, %(year_m353)s, %(round_m353)s, %(circuit_id_m353)s, %(name_m353)s, %(date_m353)s, %(race_time_m353)s, %(url_m353)s, %(fp1_date_m353)s, %(fp1_time_m353)s, %(fp2_date_m353)s, %(fp2_time_m353)s, %(fp3_date_m353)s, %(fp3_time_m353)s, %(quali_date_m353)s, %(quali_time_m353)s, %(sprint_date_m353)s, %(sprint_time_m353)s), (%(race_id_m354)s, %(year_m354)s, %(round_m354)s, %(circuit_id_m354)s, %(name_m354)s, %(date_m354)s, %(race_time_m354)s, %(url_m354)s, %(fp1_date_m354)s, %(fp1_time_m354)s, %(fp2_date_m354)s, %(fp2_time_m354)s, %(fp3_date_m354)s, %(fp3_time_m354)s, %(quali_date_m354)s, %(quali_time_m354)s, %(sprint_date_m354)s, %(sprint_time_m354)s), (%(race_id_m355)s, %(year_m355)s, %(round_m355)s, %(circuit_id_m355)s, %(name_m355)s, %(date_m355)s, %(race_time_m355)s, %(url_m355)s, %(fp1_date_m355)s, %(fp1_time_m355)s, %(fp2_date_m355)s, %(fp2_time_m355)s, %(fp3_date_m355)s, %(fp3_time_m355)s, %(quali_date_m355)s, %(quali_time_m355)s, %(sprint_date_m355)s, %(sprint_time_m355)s), (%(race_id_m356)s, %(year_m356)s, %(round_m356)s, %(circuit_id_m356)s, %(name_m356)s, %(date_m356)s, %(race_time_m356)s, %(url_m356)s, %(fp1_date_m356)s, %(fp1_time_m356)s, %(fp2_date_m356)s, %(fp2_time_m356)s, %(fp3_date_m356)s, %(fp3_time_m356)s, %(quali_date_m356)s, %(quali_time_m356)s, %(sprint_date_m356)s, %(sprint_time_m356)s), (%(race_id_m357)s, %(year_m357)s, %(round_m357)s, %(circuit_id_m357)s, %(name_m357)s, %(date_m357)s, %(race_time_m357)s, %(url_m357)s, %(fp1_date_m357)s, %(fp1_time_m357)s, %(fp2_date_m357)s, %(fp2_time_m357)s, %(fp3_date_m357)s, %(fp3_time_m357)s, %(quali_date_m357)s, %(quali_time_m357)s, %(sprint_date_m357)s, %(sprint_time_m357)s), (%(race_id_m358)s, %(year_m358)s, %(round_m358)s, %(circuit_id_m358)s, %(name_m358)s, %(date_m358)s, %(race_time_m358)s, %(url_m358)s, %(fp1_date_m358)s, %(fp1_time_m358)s, %(fp2_date_m358)s, %(fp2_time_m358)s, %(fp3_date_m358)s, %(fp3_time_m358)s, %(quali_date_m358)s, %(quali_time_m358)s, %(sprint_date_m358)s, %(sprint_time_m358)s), (%(race_id_m359)s, %(year_m359)s, %(round_m359)s, %(circuit_id_m359)s, %(name_m359)s, %(date_m359)s, %(race_time_m359)s, %(url_m359)s, %(fp1_date_m359)s, %(fp1_time_m359)s, %(fp2_date_m359)s, %(fp2_time_m359)s, %(fp3_date_m359)s, %(fp3_time_m359)s, %(quali_date_m359)s, %(quali_time_m359)s, %(sprint_date_m359)s, %(sprint_time_m359)s), (%(race_id_m360)s, %(year_m360)s, %(round_m360)s, %(circuit_id_m360)s, %(name_m360)s, %(date_m360)s, %(race_time_m360)s, %(url_m360)s, %(fp1_date_m360)s, %(fp1_time_m360)s, %(fp2_date_m360)s, %(fp2_time_m360)s, %(fp3_date_m360)s, %(fp3_time_m360)s, %(quali_date_m360)s, %(quali_time_m360)s, %(sprint_date_m360)s, %(sprint_time_m360)s), (%(race_id_m361)s, %(year_m361)s, %(round_m361)s, %(circuit_id_m361)s, %(name_m361)s, %(date_m361)s, %(race_time_m361)s, %(url_m361)s, %(fp1_date_m361)s, %(fp1_time_m361)s, %(fp2_date_m361)s, %(fp2_time_m361)s, %(fp3_date_m361)s, %(fp3_time_m361)s, %(quali_date_m361)s, %(quali_time_m361)s, %(sprint_date_m361)s, %(sprint_time_m361)s), (%(race_id_m362)s, %(year_m362)s, %(round_m362)s, %(circuit_id_m362)s, %(name_m362)s, %(date_m362)s, %(race_time_m362)s, %(url_m362)s, %(fp1_date_m362)s, %(fp1_time_m362)s, %(fp2_date_m362)s, %(fp2_time_m362)s, %(fp3_date_m362)s, %(fp3_time_m362)s, %(quali_date_m362)s, %(quali_time_m362)s, %(sprint_date_m362)s, %(sprint_time_m362)s), (%(race_id_m363)s, %(year_m363)s, %(round_m363)s, %(circuit_id_m363)s, %(name_m363)s, %(date_m363)s, %(race_time_m363)s, %(url_m363)s, %(fp1_date_m363)s, %(fp1_time_m363)s, %(fp2_date_m363)s, %(fp2_time_m363)s, %(fp3_date_m363)s, %(fp3_time_m363)s, %(quali_date_m363)s, %(quali_time_m363)s, %(sprint_date_m363)s, %(sprint_time_m363)s), (%(race_id_m364)s, %(year_m364)s, %(round_m364)s, %(circuit_id_m364)s, %(name_m364)s, %(date_m364)s, %(race_time_m364)s, %(url_m364)s, %(fp1_date_m364)s, %(fp1_time_m364)s, %(fp2_date_m364)s, %(fp2_time_m364)s, %(fp3_date_m364)s, %(fp3_time_m364)s, %(quali_date_m364)s, %(quali_time_m364)s, %(sprint_date_m364)s, %(sprint_time_m364)s), (%(race_id_m365)s, %(year_m365)s, %(round_m365)s, %(circuit_id_m365)s, %(name_m365)s, %(date_m365)s, %(race_time_m365)s, %(url_m365)s, %(fp1_date_m365)s, %(fp1_time_m365)s, %(fp2_date_m365)s, %(fp2_time_m365)s, %(fp3_date_m365)s, %(fp3_time_m365)s, %(quali_date_m365)s, %(quali_time_m365)s, %(sprint_date_m365)s, %(sprint_time_m365)s), (%(race_id_m366)s, %(year_m366)s, %(round_m366)s, %(circuit_id_m366)s, %(name_m366)s, %(date_m366)s, %(race_time_m366)s, %(url_m366)s, %(fp1_date_m366)s, %(fp1_time_m366)s, %(fp2_date_m366)s, %(fp2_time_m366)s, %(fp3_date_m366)s, %(fp3_time_m366)s, %(quali_date_m366)s, %(quali_time_m366)s, %(sprint_date_m366)s, %(sprint_time_m366)s), (%(race_id_m367)s, %(year_m367)s, %(round_m367)s, %(circuit_id_m367)s, %(name_m367)s, %(date_m367)s, %(race_time_m367)s, %(url_m367)s, %(fp1_date_m367)s, %(fp1_time_m367)s, %(fp2_date_m367)s, %(fp2_time_m367)s, %(fp3_date_m367)s, %(fp3_time_m367)s, %(quali_date_m367)s, %(quali_time_m367)s, %(sprint_date_m367)s, %(sprint_time_m367)s), (%(race_id_m368)s, %(year_m368)s, %(round_m368)s, %(circuit_id_m368)s, %(name_m368)s, %(date_m368)s, %(race_time_m368)s, %(url_m368)s, %(fp1_date_m368)s, %(fp1_time_m368)s, %(fp2_date_m368)s, %(fp2_time_m368)s, %(fp3_date_m368)s, %(fp3_time_m368)s, %(quali_date_m368)s, %(quali_time_m368)s, %(sprint_date_m368)s, %(sprint_time_m368)s), (%(race_id_m369)s, %(year_m369)s, %(round_m369)s, %(circuit_id_m369)s, %(name_m369)s, %(date_m369)s, %(race_time_m369)s, %(url_m369)s, %(fp1_date_m369)s, %(fp1_time_m369)s, %(fp2_date_m369)s, %(fp2_time_m369)s, %(fp3_date_m369)s, %(fp3_time_m369)s, %(quali_date_m369)s, %(quali_time_m369)s, %(sprint_date_m369)s, %(sprint_time_m369)s), (%(race_id_m370)s, %(year_m370)s, %(round_m370)s, %(circuit_id_m370)s, %(name_m370)s, %(date_m370)s, %(race_time_m370)s, %(url_m370)s, %(fp1_date_m370)s, %(fp1_time_m370)s, %(fp2_date_m370)s, %(fp2_time_m370)s, %(fp3_date_m370)s, %(fp3_time_m370)s, %(quali_date_m370)s, %(quali_time_m370)s, %(sprint_date_m370)s, %(sprint_time_m370)s), (%(race_id_m371)s, %(year_m371)s, %(round_m371)s, %(circuit_id_m371)s, %(name_m371)s, %(date_m371)s, %(race_time_m371)s, %(url_m371)s, %(fp1_date_m371)s, %(fp1_time_m371)s, %(fp2_date_m371)s, %(fp2_time_m371)s, %(fp3_date_m371)s, %(fp3_time_m371)s, %(quali_date_m371)s, %(quali_time_m371)s, %(sprint_date_m371)s, %(sprint_time_m371)s), (%(race_id_m372)s, %(year_m372)s, %(round_m372)s, %(circuit_id_m372)s, %(name_m372)s, %(date_m372)s, %(race_time_m372)s, %(url_m372)s, %(fp1_date_m372)s, %(fp1_time_m372)s, %(fp2_date_m372)s, %(fp2_time_m372)s, %(fp3_date_m372)s, %(fp3_time_m372)s, %(quali_date_m372)s, %(quali_time_m372)s, %(sprint_date_m372)s, %(sprint_time_m372)s), (%(race_id_m373)s, %(year_m373)s, %(round_m373)s, %(circuit_id_m373)s, %(name_m373)s, %(date_m373)s, %(race_time_m373)s, %(url_m373)s, %(fp1_date_m373)s, %(fp1_time_m373)s, %(fp2_date_m373)s, %(fp2_time_m373)s, %(fp3_date_m373)s, %(fp3_time_m373)s, %(quali_date_m373)s, %(quali_time_m373)s, %(sprint_date_m373)s, %(sprint_time_m373)s), (%(race_id_m374)s, %(year_m374)s, %(round_m374)s, %(circuit_id_m374)s, %(name_m374)s, %(date_m374)s, %(race_time_m374)s, %(url_m374)s, %(fp1_date_m374)s, %(fp1_time_m374)s, %(fp2_date_m374)s, %(fp2_time_m374)s, %(fp3_date_m374)s, %(fp3_time_m374)s, %(quali_date_m374)s, %(quali_time_m374)s, %(sprint_date_m374)s, %(sprint_time_m374)s), (%(race_id_m375)s, %(year_m375)s, %(round_m375)s, %(circuit_id_m375)s, %(name_m375)s, %(date_m375)s, %(race_time_m375)s, %(url_m375)s, %(fp1_date_m375)s, %(fp1_time_m375)s, %(fp2_date_m375)s, %(fp2_time_m375)s, %(fp3_date_m375)s, %(fp3_time_m375)s, %(quali_date_m375)s, %(quali_time_m375)s, %(sprint_date_m375)s, %(sprint_time_m375)s), (%(race_id_m376)s, %(year_m376)s, %(round_m376)s, %(circuit_id_m376)s, %(name_m376)s, %(date_m376)s, %(race_time_m376)s, %(url_m376)s, %(fp1_date_m376)s, %(fp1_time_m376)s, %(fp2_date_m376)s, %(fp2_time_m376)s, %(fp3_date_m376)s, %(fp3_time_m376)s, %(quali_date_m376)s, %(quali_time_m376)s, %(sprint_date_m376)s, %(sprint_time_m376)s), (%(race_id_m377)s, %(year_m377)s, %(round_m377)s, %(circuit_id_m377)s, %(name_m377)s, %(date_m377)s, %(race_time_m377)s, %(url_m377)s, %(fp1_date_m377)s, %(fp1_time_m377)s, %(fp2_date_m377)s, %(fp2_time_m377)s, %(fp3_date_m377)s, %(fp3_time_m377)s, %(quali_date_m377)s, %(quali_time_m377)s, %(sprint_date_m377)s, %(sprint_time_m377)s), (%(race_id_m378)s, %(year_m378)s, %(round_m378)s, %(circuit_id_m378)s, %(name_m378)s, %(date_m378)s, %(race_time_m378)s, %(url_m378)s, %(fp1_date_m378)s, %(fp1_time_m378)s, %(fp2_date_m378)s, %(fp2_time_m378)s, %(fp3_date_m378)s, %(fp3_time_m378)s, %(quali_date_m378)s, %(quali_time_m378)s, %(sprint_date_m378)s, %(sprint_time_m378)s), (%(race_id_m379)s, %(year_m379)s, %(round_m379)s, %(circuit_id_m379)s, %(name_m379)s, %(date_m379)s, %(race_time_m379)s, %(url_m379)s, %(fp1_date_m379)s, %(fp1_time_m379)s, %(fp2_date_m379)s, %(fp2_time_m379)s, %(fp3_date_m379)s, %(fp3_time_m379)s, %(quali_date_m379)s, %(quali_time_m379)s, %(sprint_date_m379)s, %(sprint_time_m379)s), (%(race_id_m380)s, %(year_m380)s, %(round_m380)s, %(circuit_id_m380)s, %(name_m380)s, %(date_m380)s, %(race_time_m380)s, %(url_m380)s, %(fp1_date_m380)s, %(fp1_time_m380)s, %(fp2_date_m380)s, %(fp2_time_m380)s, %(fp3_date_m380)s, %(fp3_time_m380)s, %(quali_date_m380)s, %(quali_time_m380)s, %(sprint_date_m380)s, %(sprint_time_m380)s), (%(race_id_m381)s, %(year_m381)s, %(round_m381)s, %(circuit_id_m381)s, %(name_m381)s, %(date_m381)s, %(race_time_m381)s, %(url_m381)s, %(fp1_date_m381)s, %(fp1_time_m381)s, %(fp2_date_m381)s, %(fp2_time_m381)s, %(fp3_date_m381)s, %(fp3_time_m381)s, %(quali_date_m381)s, %(quali_time_m381)s, %(sprint_date_m381)s, %(sprint_time_m381)s), (%(race_id_m382)s, %(year_m382)s, %(round_m382)s, %(circuit_id_m382)s, %(name_m382)s, %(date_m382)s, %(race_time_m382)s, %(url_m382)s, %(fp1_date_m382)s, %(fp1_time_m382)s, %(fp2_date_m382)s, %(fp2_time_m382)s, %(fp3_date_m382)s, %(fp3_time_m382)s, %(quali_date_m382)s, %(quali_time_m382)s, %(sprint_date_m382)s, %(sprint_time_m382)s), (%(race_id_m383)s, %(year_m383)s, %(round_m383)s, %(circuit_id_m383)s, %(name_m383)s, %(date_m383)s, %(race_time_m383)s, %(url_m383)s, %(fp1_date_m383)s, %(fp1_time_m383)s, %(fp2_date_m383)s, %(fp2_time_m383)s, %(fp3_date_m383)s, %(fp3_time_m383)s, %(quali_date_m383)s, %(quali_time_m383)s, %(sprint_date_m383)s, %(sprint_time_m383)s), (%(race_id_m384)s, %(year_m384)s, %(round_m384)s, %(circuit_id_m384)s, %(name_m384)s, %(date_m384)s, %(race_time_m384)s, %(url_m384)s, %(fp1_date_m384)s, %(fp1_time_m384)s, %(fp2_date_m384)s, %(fp2_time_m384)s, %(fp3_date_m384)s, %(fp3_time_m384)s, %(quali_date_m384)s, %(quali_time_m384)s, %(sprint_date_m384)s, %(sprint_time_m384)s), (%(race_id_m385)s, %(year_m385)s, %(round_m385)s, %(circuit_id_m385)s, %(name_m385)s, %(date_m385)s, %(race_time_m385)s, %(url_m385)s, %(fp1_date_m385)s, %(fp1_time_m385)s, %(fp2_date_m385)s, %(fp2_time_m385)s, %(fp3_date_m385)s, %(fp3_time_m385)s, %(quali_date_m385)s, %(quali_time_m385)s, %(sprint_date_m385)s, %(sprint_time_m385)s), (%(race_id_m386)s, %(year_m386)s, %(round_m386)s, %(circuit_id_m386)s, %(name_m386)s, %(date_m386)s, %(race_time_m386)s, %(url_m386)s, %(fp1_date_m386)s, %(fp1_time_m386)s, %(fp2_date_m386)s, %(fp2_time_m386)s, %(fp3_date_m386)s, %(fp3_time_m386)s, %(quali_date_m386)s, %(quali_time_m386)s, %(sprint_date_m386)s, %(sprint_time_m386)s), (%(race_id_m387)s, %(year_m387)s, %(round_m387)s, %(circuit_id_m387)s, %(name_m387)s, %(date_m387)s, %(race_time_m387)s, %(url_m387)s, %(fp1_date_m387)s, %(fp1_time_m387)s, %(fp2_date_m387)s, %(fp2_time_m387)s, %(fp3_date_m387)s, %(fp3_time_m387)s, %(quali_date_m387)s, %(quali_time_m387)s, %(sprint_date_m387)s, %(sprint_time_m387)s), (%(race_id_m388)s, %(year_m388)s, %(round_m388)s, %(circuit_id_m388)s, %(name_m388)s, %(date_m388)s, %(race_time_m388)s, %(url_m388)s, %(fp1_date_m388)s, %(fp1_time_m388)s, %(fp2_date_m388)s, %(fp2_time_m388)s, %(fp3_date_m388)s, %(fp3_time_m388)s, %(quali_date_m388)s, %(quali_time_m388)s, %(sprint_date_m388)s, %(sprint_time_m388)s), (%(race_id_m389)s, %(year_m389)s, %(round_m389)s, %(circuit_id_m389)s, %(name_m389)s, %(date_m389)s, %(race_time_m389)s, %(url_m389)s, %(fp1_date_m389)s, %(fp1_time_m389)s, %(fp2_date_m389)s, %(fp2_time_m389)s, %(fp3_date_m389)s, %(fp3_time_m389)s, %(quali_date_m389)s, %(quali_time_m389)s, %(sprint_date_m389)s, %(sprint_time_m389)s), (%(race_id_m390)s, %(year_m390)s, %(round_m390)s, %(circuit_id_m390)s, %(name_m390)s, %(date_m390)s, %(race_time_m390)s, %(url_m390)s, %(fp1_date_m390)s, %(fp1_time_m390)s, %(fp2_date_m390)s, %(fp2_time_m390)s, %(fp3_date_m390)s, %(fp3_time_m390)s, %(quali_date_m390)s, %(quali_time_m390)s, %(sprint_date_m390)s, %(sprint_time_m390)s), (%(race_id_m391)s, %(year_m391)s, %(round_m391)s, %(circuit_id_m391)s, %(name_m391)s, %(date_m391)s, %(race_time_m391)s, %(url_m391)s, %(fp1_date_m391)s, %(fp1_time_m391)s, %(fp2_date_m391)s, %(fp2_time_m391)s, %(fp3_date_m391)s, %(fp3_time_m391)s, %(quali_date_m391)s, %(quali_time_m391)s, %(sprint_date_m391)s, %(sprint_time_m391)s), (%(race_id_m392)s, %(year_m392)s, %(round_m392)s, %(circuit_id_m392)s, %(name_m392)s, %(date_m392)s, %(race_time_m392)s, %(url_m392)s, %(fp1_date_m392)s, %(fp1_time_m392)s, %(fp2_date_m392)s, %(fp2_time_m392)s, %(fp3_date_m392)s, %(fp3_time_m392)s, %(quali_date_m392)s, %(quali_time_m392)s, %(sprint_date_m392)s, %(sprint_time_m392)s), (%(race_id_m393)s, %(year_m393)s, %(round_m393)s, %(circuit_id_m393)s, %(name_m393)s, %(date_m393)s, %(race_time_m393)s, %(url_m393)s, %(fp1_date_m393)s, %(fp1_time_m393)s, %(fp2_date_m393)s, %(fp2_time_m393)s, %(fp3_date_m393)s, %(fp3_time_m393)s, %(quali_date_m393)s, %(quali_time_m393)s, %(sprint_date_m393)s, %(sprint_time_m393)s), (%(race_id_m394)s, %(year_m394)s, %(round_m394)s, %(circuit_id_m394)s, %(name_m394)s, %(date_m394)s, %(race_time_m394)s, %(url_m394)s, %(fp1_date_m394)s, %(fp1_time_m394)s, %(fp2_date_m394)s, %(fp2_time_m394)s, %(fp3_date_m394)s, %(fp3_time_m394)s, %(quali_date_m394)s, %(quali_time_m394)s, %(sprint_date_m394)s, %(sprint_time_m394)s), (%(race_id_m395)s, %(year_m395)s, %(round_m395)s, %(circuit_id_m395)s, %(name_m395)s, %(date_m395)s, %(race_time_m395)s, %(url_m395)s, %(fp1_date_m395)s, %(fp1_time_m395)s, %(fp2_date_m395)s, %(fp2_time_m395)s, %(fp3_date_m395)s, %(fp3_time_m395)s, %(quali_date_m395)s, %(quali_time_m395)s, %(sprint_date_m395)s, %(sprint_time_m395)s), (%(race_id_m396)s, %(year_m396)s, %(round_m396)s, %(circuit_id_m396)s, %(name_m396)s, %(date_m396)s, %(race_time_m396)s, %(url_m396)s, %(fp1_date_m396)s, %(fp1_time_m396)s, %(fp2_date_m396)s, %(fp2_time_m396)s, %(fp3_date_m396)s, %(fp3_time_m396)s, %(quali_date_m396)s, %(quali_time_m396)s, %(sprint_date_m396)s, %(sprint_time_m396)s), (%(race_id_m397)s, %(year_m397)s, %(round_m397)s, %(circuit_id_m397)s, %(name_m397)s, %(date_m397)s, %(race_time_m397)s, %(url_m397)s, %(fp1_date_m397)s, %(fp1_time_m397)s, %(fp2_date_m397)s, %(fp2_time_m397)s, %(fp3_date_m397)s, %(fp3_time_m397)s, %(quali_date_m397)s, %(quali_time_m397)s, %(sprint_date_m397)s, %(sprint_time_m397)s), (%(race_id_m398)s, %(year_m398)s, %(round_m398)s, %(circuit_id_m398)s, %(name_m398)s, %(date_m398)s, %(race_time_m398)s, %(url_m398)s, %(fp1_date_m398)s, %(fp1_time_m398)s, %(fp2_date_m398)s, %(fp2_time_m398)s, %(fp3_date_m398)s, %(fp3_time_m398)s, %(quali_date_m398)s, %(quali_time_m398)s, %(sprint_date_m398)s, %(sprint_time_m398)s), (%(race_id_m399)s, %(year_m399)s, %(round_m399)s, %(circuit_id_m399)s, %(name_m399)s, %(date_m399)s, %(race_time_m399)s, %(url_m399)s, %(fp1_date_m399)s, %(fp1_time_m399)s, %(fp2_date_m399)s, %(fp2_time_m399)s, %(fp3_date_m399)s, %(fp3_time_m399)s, %(quali_date_m399)s, %(quali_time_m399)s, %(sprint_date_m399)s, %(sprint_time_m399)s), (%(race_id_m400)s, %(year_m400)s, %(round_m400)s, %(circuit_id_m400)s, %(name_m400)s, %(date_m400)s, %(race_time_m400)s, %(url_m400)s, %(fp1_date_m400)s, %(fp1_time_m400)s, %(fp2_date_m400)s, %(fp2_time_m400)s, %(fp3_date_m400)s, %(fp3_time_m400)s, %(quali_date_m400)s, %(quali_time_m400)s, %(sprint_date_m400)s, %(sprint_time_m400)s), (%(race_id_m401)s, %(year_m401)s, %(round_m401)s, %(circuit_id_m401)s, %(name_m401)s, %(date_m401)s, %(race_time_m401)s, %(url_m401)s, %(fp1_date_m401)s, %(fp1_time_m401)s, %(fp2_date_m401)s, %(fp2_time_m401)s, %(fp3_date_m401)s, %(fp3_time_m401)s, %(quali_date_m401)s, %(quali_time_m401)s, %(sprint_date_m401)s, %(sprint_time_m401)s), (%(race_id_m402)s, %(year_m402)s, %(round_m402)s, %(circuit_id_m402)s, %(name_m402)s, %(date_m402)s, %(race_time_m402)s, %(url_m402)s, %(fp1_date_m402)s, %(fp1_time_m402)s, %(fp2_date_m402)s, %(fp2_time_m402)s, %(fp3_date_m402)s, %(fp3_time_m402)s, %(quali_date_m402)s, %(quali_time_m402)s, %(sprint_date_m402)s, %(sprint_time_m402)s), (%(race_id_m403)s, %(year_m403)s, %(round_m403)s, %(circuit_id_m403)s, %(name_m403)s, %(date_m403)s, %(race_time_m403)s, %(url_m403)s, %(fp1_date_m403)s, %(fp1_time_m403)s, %(fp2_date_m403)s, %(fp2_time_m403)s, %(fp3_date_m403)s, %(fp3_time_m403)s, %(quali_date_m403)s, %(quali_time_m403)s, %(sprint_date_m403)s, %(sprint_time_m403)s), (%(race_id_m404)s, %(year_m404)s, %(round_m404)s, %(circuit_id_m404)s, %(name_m404)s, %(date_m404)s, %(race_time_m404)s, %(url_m404)s, %(fp1_date_m404)s, %(fp1_time_m404)s, %(fp2_date_m404)s, %(fp2_time_m404)s, %(fp3_date_m404)s, %(fp3_time_m404)s, %(quali_date_m404)s, %(quali_time_m404)s, %(sprint_date_m404)s, %(sprint_time_m404)s), (%(race_id_m405)s, %(year_m405)s, %(round_m405)s, %(circuit_id_m405)s, %(name_m405)s, %(date_m405)s, %(race_time_m405)s, %(url_m405)s, %(fp1_date_m405)s, %(fp1_time_m405)s, %(fp2_date_m405)s, %(fp2_time_m405)s, %(fp3_date_m405)s, %(fp3_time_m405)s, %(quali_date_m405)s, %(quali_time_m405)s, %(sprint_date_m405)s, %(sprint_time_m405)s), (%(race_id_m406)s, %(year_m406)s, %(round_m406)s, %(circuit_id_m406)s, %(name_m406)s, %(date_m406)s, %(race_time_m406)s, %(url_m406)s, %(fp1_date_m406)s, %(fp1_time_m406)s, %(fp2_date_m406)s, %(fp2_time_m406)s, %(fp3_date_m406)s, %(fp3_time_m406)s, %(quali_date_m406)s, %(quali_time_m406)s, %(sprint_date_m406)s, %(sprint_time_m406)s), (%(race_id_m407)s, %(year_m407)s, %(round_m407)s, %(circuit_id_m407)s, %(name_m407)s, %(date_m407)s, %(race_time_m407)s, %(url_m407)s, %(fp1_date_m407)s, %(fp1_time_m407)s, %(fp2_date_m407)s, %(fp2_time_m407)s, %(fp3_date_m407)s, %(fp3_time_m407)s, %(quali_date_m407)s, %(quali_time_m407)s, %(sprint_date_m407)s, %(sprint_time_m407)s), (%(race_id_m408)s, %(year_m408)s, %(round_m408)s, %(circuit_id_m408)s, %(name_m408)s, %(date_m408)s, %(race_time_m408)s, %(url_m408)s, %(fp1_date_m408)s, %(fp1_time_m408)s, %(fp2_date_m408)s, %(fp2_time_m408)s, %(fp3_date_m408)s, %(fp3_time_m408)s, %(quali_date_m408)s, %(quali_time_m408)s, %(sprint_date_m408)s, %(sprint_time_m408)s), (%(race_id_m409)s, %(year_m409)s, %(round_m409)s, %(circuit_id_m409)s, %(name_m409)s, %(date_m409)s, %(race_time_m409)s, %(url_m409)s, %(fp1_date_m409)s, %(fp1_time_m409)s, %(fp2_date_m409)s, %(fp2_time_m409)s, %(fp3_date_m409)s, %(fp3_time_m409)s, %(quali_date_m409)s, %(quali_time_m409)s, %(sprint_date_m409)s, %(sprint_time_m409)s), (%(race_id_m410)s, %(year_m410)s, %(round_m410)s, %(circuit_id_m410)s, %(name_m410)s, %(date_m410)s, %(race_time_m410)s, %(url_m410)s, %(fp1_date_m410)s, %(fp1_time_m410)s, %(fp2_date_m410)s, %(fp2_time_m410)s, %(fp3_date_m410)s, %(fp3_time_m410)s, %(quali_date_m410)s, %(quali_time_m410)s, %(sprint_date_m410)s, %(sprint_time_m410)s), (%(race_id_m411)s, %(year_m411)s, %(round_m411)s, %(circuit_id_m411)s, %(name_m411)s, %(date_m411)s, %(race_time_m411)s, %(url_m411)s, %(fp1_date_m411)s, %(fp1_time_m411)s, %(fp2_date_m411)s, %(fp2_time_m411)s, %(fp3_date_m411)s, %(fp3_time_m411)s, %(quali_date_m411)s, %(quali_time_m411)s, %(sprint_date_m411)s, %(sprint_time_m411)s), (%(race_id_m412)s, %(year_m412)s, %(round_m412)s, %(circuit_id_m412)s, %(name_m412)s, %(date_m412)s, %(race_time_m412)s, %(url_m412)s, %(fp1_date_m412)s, %(fp1_time_m412)s, %(fp2_date_m412)s, %(fp2_time_m412)s, %(fp3_date_m412)s, %(fp3_time_m412)s, %(quali_date_m412)s, %(quali_time_m412)s, %(sprint_date_m412)s, %(sprint_time_m412)s), (%(race_id_m413)s, %(year_m413)s, %(round_m413)s, %(circuit_id_m413)s, %(name_m413)s, %(date_m413)s, %(race_time_m413)s, %(url_m413)s, %(fp1_date_m413)s, %(fp1_time_m413)s, %(fp2_date_m413)s, %(fp2_time_m413)s, %(fp3_date_m413)s, %(fp3_time_m413)s, %(quali_date_m413)s, %(quali_time_m413)s, %(sprint_date_m413)s, %(sprint_time_m413)s), (%(race_id_m414)s, %(year_m414)s, %(round_m414)s, %(circuit_id_m414)s, %(name_m414)s, %(date_m414)s, %(race_time_m414)s, %(url_m414)s, %(fp1_date_m414)s, %(fp1_time_m414)s, %(fp2_date_m414)s, %(fp2_time_m414)s, %(fp3_date_m414)s, %(fp3_time_m414)s, %(quali_date_m414)s, %(quali_time_m414)s, %(sprint_date_m414)s, %(sprint_time_m414)s), (%(race_id_m415)s, %(year_m415)s, %(round_m415)s, %(circuit_id_m415)s, %(name_m415)s, %(date_m415)s, %(race_time_m415)s, %(url_m415)s, %(fp1_date_m415)s, %(fp1_time_m415)s, %(fp2_date_m415)s, %(fp2_time_m415)s, %(fp3_date_m415)s, %(fp3_time_m415)s, %(quali_date_m415)s, %(quali_time_m415)s, %(sprint_date_m415)s, %(sprint_time_m415)s), (%(race_id_m416)s, %(year_m416)s, %(round_m416)s, %(circuit_id_m416)s, %(name_m416)s, %(date_m416)s, %(race_time_m416)s, %(url_m416)s, %(fp1_date_m416)s, %(fp1_time_m416)s, %(fp2_date_m416)s, %(fp2_time_m416)s, %(fp3_date_m416)s, %(fp3_time_m416)s, %(quali_date_m416)s, %(quali_time_m416)s, %(sprint_date_m416)s, %(sprint_time_m416)s), (%(race_id_m417)s, %(year_m417)s, %(round_m417)s, %(circuit_id_m417)s, %(name_m417)s, %(date_m417)s, %(race_time_m417)s, %(url_m417)s, %(fp1_date_m417)s, %(fp1_time_m417)s, %(fp2_date_m417)s, %(fp2_time_m417)s, %(fp3_date_m417)s, %(fp3_time_m417)s, %(quali_date_m417)s, %(quali_time_m417)s, %(sprint_date_m417)s, %(sprint_time_m417)s), (%(race_id_m418)s, %(year_m418)s, %(round_m418)s, %(circuit_id_m418)s, %(name_m418)s, %(date_m418)s, %(race_time_m418)s, %(url_m418)s, %(fp1_date_m418)s, %(fp1_time_m418)s, %(fp2_date_m418)s, %(fp2_time_m418)s, %(fp3_date_m418)s, %(fp3_time_m418)s, %(quali_date_m418)s, %(quali_time_m418)s, %(sprint_date_m418)s, %(sprint_time_m418)s), (%(race_id_m419)s, %(year_m419)s, %(round_m419)s, %(circuit_id_m419)s, %(name_m419)s, %(date_m419)s, %(race_time_m419)s, %(url_m419)s, %(fp1_date_m419)s, %(fp1_time_m419)s, %(fp2_date_m419)s, %(fp2_time_m419)s, %(fp3_date_m419)s, %(fp3_time_m419)s, %(quali_date_m419)s, %(quali_time_m419)s, %(sprint_date_m419)s, %(sprint_time_m419)s), (%(race_id_m420)s, %(year_m420)s, %(round_m420)s, %(circuit_id_m420)s, %(name_m420)s, %(date_m420)s, %(race_time_m420)s, %(url_m420)s, %(fp1_date_m420)s, %(fp1_time_m420)s, %(fp2_date_m420)s, %(fp2_time_m420)s, %(fp3_date_m420)s, %(fp3_time_m420)s, %(quali_date_m420)s, %(quali_time_m420)s, %(sprint_date_m420)s, %(sprint_time_m420)s), (%(race_id_m421)s, %(year_m421)s, %(round_m421)s, %(circuit_id_m421)s, %(name_m421)s, %(date_m421)s, %(race_time_m421)s, %(url_m421)s, %(fp1_date_m421)s, %(fp1_time_m421)s, %(fp2_date_m421)s, %(fp2_time_m421)s, %(fp3_date_m421)s, %(fp3_time_m421)s, %(quali_date_m421)s, %(quali_time_m421)s, %(sprint_date_m421)s, %(sprint_time_m421)s), (%(race_id_m422)s, %(year_m422)s, %(round_m422)s, %(circuit_id_m422)s, %(name_m422)s, %(date_m422)s, %(race_time_m422)s, %(url_m422)s, %(fp1_date_m422)s, %(fp1_time_m422)s, %(fp2_date_m422)s, %(fp2_time_m422)s, %(fp3_date_m422)s, %(fp3_time_m422)s, %(quali_date_m422)s, %(quali_time_m422)s, %(sprint_date_m422)s, %(sprint_time_m422)s), (%(race_id_m423)s, %(year_m423)s, %(round_m423)s, %(circuit_id_m423)s, %(name_m423)s, %(date_m423)s, %(race_time_m423)s, %(url_m423)s, %(fp1_date_m423)s, %(fp1_time_m423)s, %(fp2_date_m423)s, %(fp2_time_m423)s, %(fp3_date_m423)s, %(fp3_time_m423)s, %(quali_date_m423)s, %(quali_time_m423)s, %(sprint_date_m423)s, %(sprint_time_m423)s), (%(race_id_m424)s, %(year_m424)s, %(round_m424)s, %(circuit_id_m424)s, %(name_m424)s, %(date_m424)s, %(race_time_m424)s, %(url_m424)s, %(fp1_date_m424)s, %(fp1_time_m424)s, %(fp2_date_m424)s, %(fp2_time_m424)s, %(fp3_date_m424)s, %(fp3_time_m424)s, %(quali_date_m424)s, %(quali_time_m424)s, %(sprint_date_m424)s, %(sprint_time_m424)s), (%(race_id_m425)s, %(year_m425)s, %(round_m425)s, %(circuit_id_m425)s, %(name_m425)s, %(date_m425)s, %(race_time_m425)s, %(url_m425)s, %(fp1_date_m425)s, %(fp1_time_m425)s, %(fp2_date_m425)s, %(fp2_time_m425)s, %(fp3_date_m425)s, %(fp3_time_m425)s, %(quali_date_m425)s, %(quali_time_m425)s, %(sprint_date_m425)s, %(sprint_time_m425)s), (%(race_id_m426)s, %(year_m426)s, %(round_m426)s, %(circuit_id_m426)s, %(name_m426)s, %(date_m426)s, %(race_time_m426)s, %(url_m426)s, %(fp1_date_m426)s, %(fp1_time_m426)s, %(fp2_date_m426)s, %(fp2_time_m426)s, %(fp3_date_m426)s, %(fp3_time_m426)s, %(quali_date_m426)s, %(quali_time_m426)s, %(sprint_date_m426)s, %(sprint_time_m426)s), (%(race_id_m427)s, %(year_m427)s, %(round_m427)s, %(circuit_id_m427)s, %(name_m427)s, %(date_m427)s, %(race_time_m427)s, %(url_m427)s, %(fp1_date_m427)s, %(fp1_time_m427)s, %(fp2_date_m427)s, %(fp2_time_m427)s, %(fp3_date_m427)s, %(fp3_time_m427)s, %(quali_date_m427)s, %(quali_time_m427)s, %(sprint_date_m427)s, %(sprint_time_m427)s), (%(race_id_m428)s, %(year_m428)s, %(round_m428)s, %(circuit_id_m428)s, %(name_m428)s, %(date_m428)s, %(race_time_m428)s, %(url_m428)s, %(fp1_date_m428)s, %(fp1_time_m428)s, %(fp2_date_m428)s, %(fp2_time_m428)s, %(fp3_date_m428)s, %(fp3_time_m428)s, %(quali_date_m428)s, %(quali_time_m428)s, %(sprint_date_m428)s, %(sprint_time_m428)s), (%(race_id_m429)s, %(year_m429)s, %(round_m429)s, %(circuit_id_m429)s, %(name_m429)s, %(date_m429)s, %(race_time_m429)s, %(url_m429)s, %(fp1_date_m429)s, %(fp1_time_m429)s, %(fp2_date_m429)s, %(fp2_time_m429)s, %(fp3_date_m429)s, %(fp3_time_m429)s, %(quali_date_m429)s, %(quali_time_m429)s, %(sprint_date_m429)s, %(sprint_time_m429)s), (%(race_id_m430)s, %(year_m430)s, %(round_m430)s, %(circuit_id_m430)s, %(name_m430)s, %(date_m430)s, %(race_time_m430)s, %(url_m430)s, %(fp1_date_m430)s, %(fp1_time_m430)s, %(fp2_date_m430)s, %(fp2_time_m430)s, %(fp3_date_m430)s, %(fp3_time_m430)s, %(quali_date_m430)s, %(quali_time_m430)s, %(sprint_date_m430)s, %(sprint_time_m430)s), (%(race_id_m431)s, %(year_m431)s, %(round_m431)s, %(circuit_id_m431)s, %(name_m431)s, %(date_m431)s, %(race_time_m431)s, %(url_m431)s, %(fp1_date_m431)s, %(fp1_time_m431)s, %(fp2_date_m431)s, %(fp2_time_m431)s, %(fp3_date_m431)s, %(fp3_time_m431)s, %(quali_date_m431)s, %(quali_time_m431)s, %(sprint_date_m431)s, %(sprint_time_m431)s), (%(race_id_m432)s, %(year_m432)s, %(round_m432)s, %(circuit_id_m432)s, %(name_m432)s, %(date_m432)s, %(race_time_m432)s, %(url_m432)s, %(fp1_date_m432)s, %(fp1_time_m432)s, %(fp2_date_m432)s, %(fp2_time_m432)s, %(fp3_date_m432)s, %(fp3_time_m432)s, %(quali_date_m432)s, %(quali_time_m432)s, %(sprint_date_m432)s, %(sprint_time_m432)s), (%(race_id_m433)s, %(year_m433)s, %(round_m433)s, %(circuit_id_m433)s, %(name_m433)s, %(date_m433)s, %(race_time_m433)s, %(url_m433)s, %(fp1_date_m433)s, %(fp1_time_m433)s, %(fp2_date_m433)s, %(fp2_time_m433)s, %(fp3_date_m433)s, %(fp3_time_m433)s, %(quali_date_m433)s, %(quali_time_m433)s, %(sprint_date_m433)s, %(sprint_time_m433)s), (%(race_id_m434)s, %(year_m434)s, %(round_m434)s, %(circuit_id_m434)s, %(name_m434)s, %(date_m434)s, %(race_time_m434)s, %(url_m434)s, %(fp1_date_m434)s, %(fp1_time_m434)s, %(fp2_date_m434)s, %(fp2_time_m434)s, %(fp3_date_m434)s, %(fp3_time_m434)s, %(quali_date_m434)s, %(quali_time_m434)s, %(sprint_date_m434)s, %(sprint_time_m434)s), (%(race_id_m435)s, %(year_m435)s, %(round_m435)s, %(circuit_id_m435)s, %(name_m435)s, %(date_m435)s, %(race_time_m435)s, %(url_m435)s, %(fp1_date_m435)s, %(fp1_time_m435)s, %(fp2_date_m435)s, %(fp2_time_m435)s, %(fp3_date_m435)s, %(fp3_time_m435)s, %(quali_date_m435)s, %(quali_time_m435)s, %(sprint_date_m435)s, %(sprint_time_m435)s), (%(race_id_m436)s, %(year_m436)s, %(round_m436)s, %(circuit_id_m436)s, %(name_m436)s, %(date_m436)s, %(race_time_m436)s, %(url_m436)s, %(fp1_date_m436)s, %(fp1_time_m436)s, %(fp2_date_m436)s, %(fp2_time_m436)s, %(fp3_date_m436)s, %(fp3_time_m436)s, %(quali_date_m436)s, %(quali_time_m436)s, %(sprint_date_m436)s, %(sprint_time_m436)s), (%(race_id_m437)s, %(year_m437)s, %(round_m437)s, %(circuit_id_m437)s, %(name_m437)s, %(date_m437)s, %(race_time_m437)s, %(url_m437)s, %(fp1_date_m437)s, %(fp1_time_m437)s, %(fp2_date_m437)s, %(fp2_time_m437)s, %(fp3_date_m437)s, %(fp3_time_m437)s, %(quali_date_m437)s, %(quali_time_m437)s, %(sprint_date_m437)s, %(sprint_time_m437)s), (%(race_id_m438)s, %(year_m438)s, %(round_m438)s, %(circuit_id_m438)s, %(name_m438)s, %(date_m438)s, %(race_time_m438)s, %(url_m438)s, %(fp1_date_m438)s, %(fp1_time_m438)s, %(fp2_date_m438)s, %(fp2_time_m438)s, %(fp3_date_m438)s, %(fp3_time_m438)s, %(quali_date_m438)s, %(quali_time_m438)s, %(sprint_date_m438)s, %(sprint_time_m438)s), (%(race_id_m439)s, %(year_m439)s, %(round_m439)s, %(circuit_id_m439)s, %(name_m439)s, %(date_m439)s, %(race_time_m439)s, %(url_m439)s, %(fp1_date_m439)s, %(fp1_time_m439)s, %(fp2_date_m439)s, %(fp2_time_m439)s, %(fp3_date_m439)s, %(fp3_time_m439)s, %(quali_date_m439)s, %(quali_time_m439)s, %(sprint_date_m439)s, %(sprint_time_m439)s), (%(race_id_m440)s, %(year_m440)s, %(round_m440)s, %(circuit_id_m440)s, %(name_m440)s, %(date_m440)s, %(race_time_m440)s, %(url_m440)s, %(fp1_date_m440)s, %(fp1_time_m440)s, %(fp2_date_m440)s, %(fp2_time_m440)s, %(fp3_date_m440)s, %(fp3_time_m440)s, %(quali_date_m440)s, %(quali_time_m440)s, %(sprint_date_m440)s, %(sprint_time_m440)s), (%(race_id_m441)s, %(year_m441)s, %(round_m441)s, %(circuit_id_m441)s, %(name_m441)s, %(date_m441)s, %(race_time_m441)s, %(url_m441)s, %(fp1_date_m441)s, %(fp1_time_m441)s, %(fp2_date_m441)s, %(fp2_time_m441)s, %(fp3_date_m441)s, %(fp3_time_m441)s, %(quali_date_m441)s, %(quali_time_m441)s, %(sprint_date_m441)s, %(sprint_time_m441)s), (%(race_id_m442)s, %(year_m442)s, %(round_m442)s, %(circuit_id_m442)s, %(name_m442)s, %(date_m442)s, %(race_time_m442)s, %(url_m442)s, %(fp1_date_m442)s, %(fp1_time_m442)s, %(fp2_date_m442)s, %(fp2_time_m442)s, %(fp3_date_m442)s, %(fp3_time_m442)s, %(quali_date_m442)s, %(quali_time_m442)s, %(sprint_date_m442)s, %(sprint_time_m442)s), (%(race_id_m443)s, %(year_m443)s, %(round_m443)s, %(circuit_id_m443)s, %(name_m443)s, %(date_m443)s, %(race_time_m443)s, %(url_m443)s, %(fp1_date_m443)s, %(fp1_time_m443)s, %(fp2_date_m443)s, %(fp2_time_m443)s, %(fp3_date_m443)s, %(fp3_time_m443)s, %(quali_date_m443)s, %(quali_time_m443)s, %(sprint_date_m443)s, %(sprint_time_m443)s), (%(race_id_m444)s, %(year_m444)s, %(round_m444)s, %(circuit_id_m444)s, %(name_m444)s, %(date_m444)s, %(race_time_m444)s, %(url_m444)s, %(fp1_date_m444)s, %(fp1_time_m444)s, %(fp2_date_m444)s, %(fp2_time_m444)s, %(fp3_date_m444)s, %(fp3_time_m444)s, %(quali_date_m444)s, %(quali_time_m444)s, %(sprint_date_m444)s, %(sprint_time_m444)s), (%(race_id_m445)s, %(year_m445)s, %(round_m445)s, %(circuit_id_m445)s, %(name_m445)s, %(date_m445)s, %(race_time_m445)s, %(url_m445)s, %(fp1_date_m445)s, %(fp1_time_m445)s, %(fp2_date_m445)s, %(fp2_time_m445)s, %(fp3_date_m445)s, %(fp3_time_m445)s, %(quali_date_m445)s, %(quali_time_m445)s, %(sprint_date_m445)s, %(sprint_time_m445)s), (%(race_id_m446)s, %(year_m446)s, %(round_m446)s, %(circuit_id_m446)s, %(name_m446)s, %(date_m446)s, %(race_time_m446)s, %(url_m446)s, %(fp1_date_m446)s, %(fp1_time_m446)s, %(fp2_date_m446)s, %(fp2_time_m446)s, %(fp3_date_m446)s, %(fp3_time_m446)s, %(quali_date_m446)s, %(quali_time_m446)s, %(sprint_date_m446)s, %(sprint_time_m446)s), (%(race_id_m447)s, %(year_m447)s, %(round_m447)s, %(circuit_id_m447)s, %(name_m447)s, %(date_m447)s, %(race_time_m447)s, %(url_m447)s, %(fp1_date_m447)s, %(fp1_time_m447)s, %(fp2_date_m447)s, %(fp2_time_m447)s, %(fp3_date_m447)s, %(fp3_time_m447)s, %(quali_date_m447)s, %(quali_time_m447)s, %(sprint_date_m447)s, %(sprint_time_m447)s), (%(race_id_m448)s, %(year_m448)s, %(round_m448)s, %(circuit_id_m448)s, %(name_m448)s, %(date_m448)s, %(race_time_m448)s, %(url_m448)s, %(fp1_date_m448)s, %(fp1_time_m448)s, %(fp2_date_m448)s, %(fp2_time_m448)s, %(fp3_date_m448)s, %(fp3_time_m448)s, %(quali_date_m448)s, %(quali_time_m448)s, %(sprint_date_m448)s, %(sprint_time_m448)s), (%(race_id_m449)s, %(year_m449)s, %(round_m449)s, %(circuit_id_m449)s, %(name_m449)s, %(date_m449)s, %(race_time_m449)s, %(url_m449)s, %(fp1_date_m449)s, %(fp1_time_m449)s, %(fp2_date_m449)s, %(fp2_time_m449)s, %(fp3_date_m449)s, %(fp3_time_m449)s, %(quali_date_m449)s, %(quali_time_m449)s, %(sprint_date_m449)s, %(sprint_time_m449)s), (%(race_id_m450)s, %(year_m450)s, %(round_m450)s, %(circuit_id_m450)s, %(name_m450)s, %(date_m450)s, %(race_time_m450)s, %(url_m450)s, %(fp1_date_m450)s, %(fp1_time_m450)s, %(fp2_date_m450)s, %(fp2_time_m450)s, %(fp3_date_m450)s, %(fp3_time_m450)s, %(quali_date_m450)s, %(quali_time_m450)s, %(sprint_date_m450)s, %(sprint_time_m450)s), (%(race_id_m451)s, %(year_m451)s, %(round_m451)s, %(circuit_id_m451)s, %(name_m451)s, %(date_m451)s, %(race_time_m451)s, %(url_m451)s, %(fp1_date_m451)s, %(fp1_time_m451)s, %(fp2_date_m451)s, %(fp2_time_m451)s, %(fp3_date_m451)s, %(fp3_time_m451)s, %(quali_date_m451)s, %(quali_time_m451)s, %(sprint_date_m451)s, %(sprint_time_m451)s), (%(race_id_m452)s, %(year_m452)s, %(round_m452)s, %(circuit_id_m452)s, %(name_m452)s, %(date_m452)s, %(race_time_m452)s, %(url_m452)s, %(fp1_date_m452)s, %(fp1_time_m452)s, %(fp2_date_m452)s, %(fp2_time_m452)s, %(fp3_date_m452)s, %(fp3_time_m452)s, %(quali_date_m452)s, %(quali_time_m452)s, %(sprint_date_m452)s, %(sprint_time_m452)s), (%(race_id_m453)s, %(year_m453)s, %(round_m453)s, %(circuit_id_m453)s, %(name_m453)s, %(date_m453)s, %(race_time_m453)s, %(url_m453)s, %(fp1_date_m453)s, %(fp1_time_m453)s, %(fp2_date_m453)s, %(fp2_time_m453)s, %(fp3_date_m453)s, %(fp3_time_m453)s, %(quali_date_m453)s, %(quali_time_m453)s, %(sprint_date_m453)s, %(sprint_time_m453)s), (%(race_id_m454)s, %(year_m454)s, %(round_m454)s, %(circuit_id_m454)s, %(name_m454)s, %(date_m454)s, %(race_time_m454)s, %(url_m454)s, %(fp1_date_m454)s, %(fp1_time_m454)s, %(fp2_date_m454)s, %(fp2_time_m454)s, %(fp3_date_m454)s, %(fp3_time_m454)s, %(quali_date_m454)s, %(quali_time_m454)s, %(sprint_date_m454)s, %(sprint_time_m454)s), (%(race_id_m455)s, %(year_m455)s, %(round_m455)s, %(circuit_id_m455)s, %(name_m455)s, %(date_m455)s, %(race_time_m455)s, %(url_m455)s, %(fp1_date_m455)s, %(fp1_time_m455)s, %(fp2_date_m455)s, %(fp2_time_m455)s, %(fp3_date_m455)s, %(fp3_time_m455)s, %(quali_date_m455)s, %(quali_time_m455)s, %(sprint_date_m455)s, %(sprint_time_m455)s), (%(race_id_m456)s, %(year_m456)s, %(round_m456)s, %(circuit_id_m456)s, %(name_m456)s, %(date_m456)s, %(race_time_m456)s, %(url_m456)s, %(fp1_date_m456)s, %(fp1_time_m456)s, %(fp2_date_m456)s, %(fp2_time_m456)s, %(fp3_date_m456)s, %(fp3_time_m456)s, %(quali_date_m456)s, %(quali_time_m456)s, %(sprint_date_m456)s, %(sprint_time_m456)s), (%(race_id_m457)s, %(year_m457)s, %(round_m457)s, %(circuit_id_m457)s, %(name_m457)s, %(date_m457)s, %(race_time_m457)s, %(url_m457)s, %(fp1_date_m457)s, %(fp1_time_m457)s, %(fp2_date_m457)s, %(fp2_time_m457)s, %(fp3_date_m457)s, %(fp3_time_m457)s, %(quali_date_m457)s, %(quali_time_m457)s, %(sprint_date_m457)s, %(sprint_time_m457)s), (%(race_id_m458)s, %(year_m458)s, %(round_m458)s, %(circuit_id_m458)s, %(name_m458)s, %(date_m458)s, %(race_time_m458)s, %(url_m458)s, %(fp1_date_m458)s, %(fp1_time_m458)s, %(fp2_date_m458)s, %(fp2_time_m458)s, %(fp3_date_m458)s, %(fp3_time_m458)s, %(quali_date_m458)s, %(quali_time_m458)s, %(sprint_date_m458)s, %(sprint_time_m458)s), (%(race_id_m459)s, %(year_m459)s, %(round_m459)s, %(circuit_id_m459)s, %(name_m459)s, %(date_m459)s, %(race_time_m459)s, %(url_m459)s, %(fp1_date_m459)s, %(fp1_time_m459)s, %(fp2_date_m459)s, %(fp2_time_m459)s, %(fp3_date_m459)s, %(fp3_time_m459)s, %(quali_date_m459)s, %(quali_time_m459)s, %(sprint_date_m459)s, %(sprint_time_m459)s), (%(race_id_m460)s, %(year_m460)s, %(round_m460)s, %(circuit_id_m460)s, %(name_m460)s, %(date_m460)s, %(race_time_m460)s, %(url_m460)s, %(fp1_date_m460)s, %(fp1_time_m460)s, %(fp2_date_m460)s, %(fp2_time_m460)s, %(fp3_date_m460)s, %(fp3_time_m460)s, %(quali_date_m460)s, %(quali_time_m460)s, %(sprint_date_m460)s, %(sprint_time_m460)s), (%(race_id_m461)s, %(year_m461)s, %(round_m461)s, %(circuit_id_m461)s, %(name_m461)s, %(date_m461)s, %(race_time_m461)s, %(url_m461)s, %(fp1_date_m461)s, %(fp1_time_m461)s, %(fp2_date_m461)s, %(fp2_time_m461)s, %(fp3_date_m461)s, %(fp3_time_m461)s, %(quali_date_m461)s, %(quali_time_m461)s, %(sprint_date_m461)s, %(sprint_time_m461)s), (%(race_id_m462)s, %(year_m462)s, %(round_m462)s, %(circuit_id_m462)s, %(name_m462)s, %(date_m462)s, %(race_time_m462)s, %(url_m462)s, %(fp1_date_m462)s, %(fp1_time_m462)s, %(fp2_date_m462)s, %(fp2_time_m462)s, %(fp3_date_m462)s, %(fp3_time_m462)s, %(quali_date_m462)s, %(quali_time_m462)s, %(sprint_date_m462)s, %(sprint_time_m462)s), (%(race_id_m463)s, %(year_m463)s, %(round_m463)s, %(circuit_id_m463)s, %(name_m463)s, %(date_m463)s, %(race_time_m463)s, %(url_m463)s, %(fp1_date_m463)s, %(fp1_time_m463)s, %(fp2_date_m463)s, %(fp2_time_m463)s, %(fp3_date_m463)s, %(fp3_time_m463)s, %(quali_date_m463)s, %(quali_time_m463)s, %(sprint_date_m463)s, %(sprint_time_m463)s), (%(race_id_m464)s, %(year_m464)s, %(round_m464)s, %(circuit_id_m464)s, %(name_m464)s, %(date_m464)s, %(race_time_m464)s, %(url_m464)s, %(fp1_date_m464)s, %(fp1_time_m464)s, %(fp2_date_m464)s, %(fp2_time_m464)s, %(fp3_date_m464)s, %(fp3_time_m464)s, %(quali_date_m464)s, %(quali_time_m464)s, %(sprint_date_m464)s, %(sprint_time_m464)s), (%(race_id_m465)s, %(year_m465)s, %(round_m465)s, %(circuit_id_m465)s, %(name_m465)s, %(date_m465)s, %(race_time_m465)s, %(url_m465)s, %(fp1_date_m465)s, %(fp1_time_m465)s, %(fp2_date_m465)s, %(fp2_time_m465)s, %(fp3_date_m465)s, %(fp3_time_m465)s, %(quali_date_m465)s, %(quali_time_m465)s, %(sprint_date_m465)s, %(sprint_time_m465)s), (%(race_id_m466)s, %(year_m466)s, %(round_m466)s, %(circuit_id_m466)s, %(name_m466)s, %(date_m466)s, %(race_time_m466)s, %(url_m466)s, %(fp1_date_m466)s, %(fp1_time_m466)s, %(fp2_date_m466)s, %(fp2_time_m466)s, %(fp3_date_m466)s, %(fp3_time_m466)s, %(quali_date_m466)s, %(quali_time_m466)s, %(sprint_date_m466)s, %(sprint_time_m466)s), (%(race_id_m467)s, %(year_m467)s, %(round_m467)s, %(circuit_id_m467)s, %(name_m467)s, %(date_m467)s, %(race_time_m467)s, %(url_m467)s, %(fp1_date_m467)s, %(fp1_time_m467)s, %(fp2_date_m467)s, %(fp2_time_m467)s, %(fp3_date_m467)s, %(fp3_time_m467)s, %(quali_date_m467)s, %(quali_time_m467)s, %(sprint_date_m467)s, %(sprint_time_m467)s), (%(race_id_m468)s, %(year_m468)s, %(round_m468)s, %(circuit_id_m468)s, %(name_m468)s, %(date_m468)s, %(race_time_m468)s, %(url_m468)s, %(fp1_date_m468)s, %(fp1_time_m468)s, %(fp2_date_m468)s, %(fp2_time_m468)s, %(fp3_date_m468)s, %(fp3_time_m468)s, %(quali_date_m468)s, %(quali_time_m468)s, %(sprint_date_m468)s, %(sprint_time_m468)s), (%(race_id_m469)s, %(year_m469)s, %(round_m469)s, %(circuit_id_m469)s, %(name_m469)s, %(date_m469)s, %(race_time_m469)s, %(url_m469)s, %(fp1_date_m469)s, %(fp1_time_m469)s, %(fp2_date_m469)s, %(fp2_time_m469)s, %(fp3_date_m469)s, %(fp3_time_m469)s, %(quali_date_m469)s, %(quali_time_m469)s, %(sprint_date_m469)s, %(sprint_time_m469)s), (%(race_id_m470)s, %(year_m470)s, %(round_m470)s, %(circuit_id_m470)s, %(name_m470)s, %(date_m470)s, %(race_time_m470)s, %(url_m470)s, %(fp1_date_m470)s, %(fp1_time_m470)s, %(fp2_date_m470)s, %(fp2_time_m470)s, %(fp3_date_m470)s, %(fp3_time_m470)s, %(quali_date_m470)s, %(quali_time_m470)s, %(sprint_date_m470)s, %(sprint_time_m470)s), (%(race_id_m471)s, %(year_m471)s, %(round_m471)s, %(circuit_id_m471)s, %(name_m471)s, %(date_m471)s, %(race_time_m471)s, %(url_m471)s, %(fp1_date_m471)s, %(fp1_time_m471)s, %(fp2_date_m471)s, %(fp2_time_m471)s, %(fp3_date_m471)s, %(fp3_time_m471)s, %(quali_date_m471)s, %(quali_time_m471)s, %(sprint_date_m471)s, %(sprint_time_m471)s), (%(race_id_m472)s, %(year_m472)s, %(round_m472)s, %(circuit_id_m472)s, %(name_m472)s, %(date_m472)s, %(race_time_m472)s, %(url_m472)s, %(fp1_date_m472)s, %(fp1_time_m472)s, %(fp2_date_m472)s, %(fp2_time_m472)s, %(fp3_date_m472)s, %(fp3_time_m472)s, %(quali_date_m472)s, %(quali_time_m472)s, %(sprint_date_m472)s, %(sprint_time_m472)s), (%(race_id_m473)s, %(year_m473)s, %(round_m473)s, %(circuit_id_m473)s, %(name_m473)s, %(date_m473)s, %(race_time_m473)s, %(url_m473)s, %(fp1_date_m473)s, %(fp1_time_m473)s, %(fp2_date_m473)s, %(fp2_time_m473)s, %(fp3_date_m473)s, %(fp3_time_m473)s, %(quali_date_m473)s, %(quali_time_m473)s, %(sprint_date_m473)s, %(sprint_time_m473)s), (%(race_id_m474)s, %(year_m474)s, %(round_m474)s, %(circuit_id_m474)s, %(name_m474)s, %(date_m474)s, %(race_time_m474)s, %(url_m474)s, %(fp1_date_m474)s, %(fp1_time_m474)s, %(fp2_date_m474)s, %(fp2_time_m474)s, %(fp3_date_m474)s, %(fp3_time_m474)s, %(quali_date_m474)s, %(quali_time_m474)s, %(sprint_date_m474)s, %(sprint_time_m474)s), (%(race_id_m475)s, %(year_m475)s, %(round_m475)s, %(circuit_id_m475)s, %(name_m475)s, %(date_m475)s, %(race_time_m475)s, %(url_m475)s, %(fp1_date_m475)s, %(fp1_time_m475)s, %(fp2_date_m475)s, %(fp2_time_m475)s, %(fp3_date_m475)s, %(fp3_time_m475)s, %(quali_date_m475)s, %(quali_time_m475)s, %(sprint_date_m475)s, %(sprint_time_m475)s), (%(race_id_m476)s, %(year_m476)s, %(round_m476)s, %(circuit_id_m476)s, %(name_m476)s, %(date_m476)s, %(race_time_m476)s, %(url_m476)s, %(fp1_date_m476)s, %(fp1_time_m476)s, %(fp2_date_m476)s, %(fp2_time_m476)s, %(fp3_date_m476)s, %(fp3_time_m476)s, %(quali_date_m476)s, %(quali_time_m476)s, %(sprint_date_m476)s, %(sprint_time_m476)s), (%(race_id_m477)s, %(year_m477)s, %(round_m477)s, %(circuit_id_m477)s, %(name_m477)s, %(date_m477)s, %(race_time_m477)s, %(url_m477)s, %(fp1_date_m477)s, %(fp1_time_m477)s, %(fp2_date_m477)s, %(fp2_time_m477)s, %(fp3_date_m477)s, %(fp3_time_m477)s, %(quali_date_m477)s, %(quali_time_m477)s, %(sprint_date_m477)s, %(sprint_time_m477)s), (%(race_id_m478)s, %(year_m478)s, %(round_m478)s, %(circuit_id_m478)s, %(name_m478)s, %(date_m478)s, %(race_time_m478)s, %(url_m478)s, %(fp1_date_m478)s, %(fp1_time_m478)s, %(fp2_date_m478)s, %(fp2_time_m478)s, %(fp3_date_m478)s, %(fp3_time_m478)s, %(quali_date_m478)s, %(quali_time_m478)s, %(sprint_date_m478)s, %(sprint_time_m478)s), (%(race_id_m479)s, %(year_m479)s, %(round_m479)s, %(circuit_id_m479)s, %(name_m479)s, %(date_m479)s, %(race_time_m479)s, %(url_m479)s, %(fp1_date_m479)s, %(fp1_time_m479)s, %(fp2_date_m479)s, %(fp2_time_m479)s, %(fp3_date_m479)s, %(fp3_time_m479)s, %(quali_date_m479)s, %(quali_time_m479)s, %(sprint_date_m479)s, %(sprint_time_m479)s), (%(race_id_m480)s, %(year_m480)s, %(round_m480)s, %(circuit_id_m480)s, %(name_m480)s, %(date_m480)s, %(race_time_m480)s, %(url_m480)s, %(fp1_date_m480)s, %(fp1_time_m480)s, %(fp2_date_m480)s, %(fp2_time_m480)s, %(fp3_date_m480)s, %(fp3_time_m480)s, %(quali_date_m480)s, %(quali_time_m480)s, %(sprint_date_m480)s, %(sprint_time_m480)s), (%(race_id_m481)s, %(year_m481)s, %(round_m481)s, %(circuit_id_m481)s, %(name_m481)s, %(date_m481)s, %(race_time_m481)s, %(url_m481)s, %(fp1_date_m481)s, %(fp1_time_m481)s, %(fp2_date_m481)s, %(fp2_time_m481)s, %(fp3_date_m481)s, %(fp3_time_m481)s, %(quali_date_m481)s, %(quali_time_m481)s, %(sprint_date_m481)s, %(sprint_time_m481)s), (%(race_id_m482)s, %(year_m482)s, %(round_m482)s, %(circuit_id_m482)s, %(name_m482)s, %(date_m482)s, %(race_time_m482)s, %(url_m482)s, %(fp1_date_m482)s, %(fp1_time_m482)s, %(fp2_date_m482)s, %(fp2_time_m482)s, %(fp3_date_m482)s, %(fp3_time_m482)s, %(quali_date_m482)s, %(quali_time_m482)s, %(sprint_date_m482)s, %(sprint_time_m482)s), (%(race_id_m483)s, %(year_m483)s, %(round_m483)s, %(circuit_id_m483)s, %(name_m483)s, %(date_m483)s, %(race_time_m483)s, %(url_m483)s, %(fp1_date_m483)s, %(fp1_time_m483)s, %(fp2_date_m483)s, %(fp2_time_m483)s, %(fp3_date_m483)s, %(fp3_time_m483)s, %(quali_date_m483)s, %(quali_time_m483)s, %(sprint_date_m483)s, %(sprint_time_m483)s), (%(race_id_m484)s, %(year_m484)s, %(round_m484)s, %(circuit_id_m484)s, %(name_m484)s, %(date_m484)s, %(race_time_m484)s, %(url_m484)s, %(fp1_date_m484)s, %(fp1_time_m484)s, %(fp2_date_m484)s, %(fp2_time_m484)s, %(fp3_date_m484)s, %(fp3_time_m484)s, %(quali_date_m484)s, %(quali_time_m484)s, %(sprint_date_m484)s, %(sprint_time_m484)s), (%(race_id_m485)s, %(year_m485)s, %(round_m485)s, %(circuit_id_m485)s, %(name_m485)s, %(date_m485)s, %(race_time_m485)s, %(url_m485)s, %(fp1_date_m485)s, %(fp1_time_m485)s, %(fp2_date_m485)s, %(fp2_time_m485)s, %(fp3_date_m485)s, %(fp3_time_m485)s, %(quali_date_m485)s, %(quali_time_m485)s, %(sprint_date_m485)s, %(sprint_time_m485)s), (%(race_id_m486)s, %(year_m486)s, %(round_m486)s, %(circuit_id_m486)s, %(name_m486)s, %(date_m486)s, %(race_time_m486)s, %(url_m486)s, %(fp1_date_m486)s, %(fp1_time_m486)s, %(fp2_date_m486)s, %(fp2_time_m486)s, %(fp3_date_m486)s, %(fp3_time_m486)s, %(quali_date_m486)s, %(quali_time_m486)s, %(sprint_date_m486)s, %(sprint_time_m486)s), (%(race_id_m487)s, %(year_m487)s, %(round_m487)s, %(circuit_id_m487)s, %(name_m487)s, %(date_m487)s, %(race_time_m487)s, %(url_m487)s, %(fp1_date_m487)s, %(fp1_time_m487)s, %(fp2_date_m487)s, %(fp2_time_m487)s, %(fp3_date_m487)s, %(fp3_time_m487)s, %(quali_date_m487)s, %(quali_time_m487)s, %(sprint_date_m487)s, %(sprint_time_m487)s), (%(race_id_m488)s, %(year_m488)s, %(round_m488)s, %(circuit_id_m488)s, %(name_m488)s, %(date_m488)s, %(race_time_m488)s, %(url_m488)s, %(fp1_date_m488)s, %(fp1_time_m488)s, %(fp2_date_m488)s, %(fp2_time_m488)s, %(fp3_date_m488)s, %(fp3_time_m488)s, %(quali_date_m488)s, %(quali_time_m488)s, %(sprint_date_m488)s, %(sprint_time_m488)s), (%(race_id_m489)s, %(year_m489)s, %(round_m489)s, %(circuit_id_m489)s, %(name_m489)s, %(date_m489)s, %(race_time_m489)s, %(url_m489)s, %(fp1_date_m489)s, %(fp1_time_m489)s, %(fp2_date_m489)s, %(fp2_time_m489)s, %(fp3_date_m489)s, %(fp3_time_m489)s, %(quali_date_m489)s, %(quali_time_m489)s, %(sprint_date_m489)s, %(sprint_time_m489)s), (%(race_id_m490)s, %(year_m490)s, %(round_m490)s, %(circuit_id_m490)s, %(name_m490)s, %(date_m490)s, %(race_time_m490)s, %(url_m490)s, %(fp1_date_m490)s, %(fp1_time_m490)s, %(fp2_date_m490)s, %(fp2_time_m490)s, %(fp3_date_m490)s, %(fp3_time_m490)s, %(quali_date_m490)s, %(quali_time_m490)s, %(sprint_date_m490)s, %(sprint_time_m490)s), (%(race_id_m491)s, %(year_m491)s, %(round_m491)s, %(circuit_id_m491)s, %(name_m491)s, %(date_m491)s, %(race_time_m491)s, %(url_m491)s, %(fp1_date_m491)s, %(fp1_time_m491)s, %(fp2_date_m491)s, %(fp2_time_m491)s, %(fp3_date_m491)s, %(fp3_time_m491)s, %(quali_date_m491)s, %(quali_time_m491)s, %(sprint_date_m491)s, %(sprint_time_m491)s), (%(race_id_m492)s, %(year_m492)s, %(round_m492)s, %(circuit_id_m492)s, %(name_m492)s, %(date_m492)s, %(race_time_m492)s, %(url_m492)s, %(fp1_date_m492)s, %(fp1_time_m492)s, %(fp2_date_m492)s, %(fp2_time_m492)s, %(fp3_date_m492)s, %(fp3_time_m492)s, %(quali_date_m492)s, %(quali_time_m492)s, %(sprint_date_m492)s, %(sprint_time_m492)s), (%(race_id_m493)s, %(year_m493)s, %(round_m493)s, %(circuit_id_m493)s, %(name_m493)s, %(date_m493)s, %(race_time_m493)s, %(url_m493)s, %(fp1_date_m493)s, %(fp1_time_m493)s, %(fp2_date_m493)s, %(fp2_time_m493)s, %(fp3_date_m493)s, %(fp3_time_m493)s, %(quali_date_m493)s, %(quali_time_m493)s, %(sprint_date_m493)s, %(sprint_time_m493)s), (%(race_id_m494)s, %(year_m494)s, %(round_m494)s, %(circuit_id_m494)s, %(name_m494)s, %(date_m494)s, %(race_time_m494)s, %(url_m494)s, %(fp1_date_m494)s, %(fp1_time_m494)s, %(fp2_date_m494)s, %(fp2_time_m494)s, %(fp3_date_m494)s, %(fp3_time_m494)s, %(quali_date_m494)s, %(quali_time_m494)s, %(sprint_date_m494)s, %(sprint_time_m494)s), (%(race_id_m495)s, %(year_m495)s, %(round_m495)s, %(circuit_id_m495)s, %(name_m495)s, %(date_m495)s, %(race_time_m495)s, %(url_m495)s, %(fp1_date_m495)s, %(fp1_time_m495)s, %(fp2_date_m495)s, %(fp2_time_m495)s, %(fp3_date_m495)s, %(fp3_time_m495)s, %(quali_date_m495)s, %(quali_time_m495)s, %(sprint_date_m495)s, %(sprint_time_m495)s), (%(race_id_m496)s, %(year_m496)s, %(round_m496)s, %(circuit_id_m496)s, %(name_m496)s, %(date_m496)s, %(race_time_m496)s, %(url_m496)s, %(fp1_date_m496)s, %(fp1_time_m496)s, %(fp2_date_m496)s, %(fp2_time_m496)s, %(fp3_date_m496)s, %(fp3_time_m496)s, %(quali_date_m496)s, %(quali_time_m496)s, %(sprint_date_m496)s, %(sprint_time_m496)s), (%(race_id_m497)s, %(year_m497)s, %(round_m497)s, %(circuit_id_m497)s, %(name_m497)s, %(date_m497)s, %(race_time_m497)s, %(url_m497)s, %(fp1_date_m497)s, %(fp1_time_m497)s, %(fp2_date_m497)s, %(fp2_time_m497)s, %(fp3_date_m497)s, %(fp3_time_m497)s, %(quali_date_m497)s, %(quali_time_m497)s, %(sprint_date_m497)s, %(sprint_time_m497)s), (%(race_id_m498)s, %(year_m498)s, %(round_m498)s, %(circuit_id_m498)s, %(name_m498)s, %(date_m498)s, %(race_time_m498)s, %(url_m498)s, %(fp1_date_m498)s, %(fp1_time_m498)s, %(fp2_date_m498)s, %(fp2_time_m498)s, %(fp3_date_m498)s, %(fp3_time_m498)s, %(quali_date_m498)s, %(quali_time_m498)s, %(sprint_date_m498)s, %(sprint_time_m498)s), (%(race_id_m499)s, %(year_m499)s, %(round_m499)s, %(circuit_id_m499)s, %(name_m499)s, %(date_m499)s, %(race_time_m499)s, %(url_m499)s, %(fp1_date_m499)s, %(fp1_time_m499)s, %(fp2_date_m499)s, %(fp2_time_m499)s, %(fp3_date_m499)s, %(fp3_time_m499)s, %(quali_date_m499)s, %(quali_time_m499)s, %(sprint_date_m499)s, %(sprint_time_m499)s), (%(race_id_m500)s, %(year_m500)s, %(round_m500)s, %(circuit_id_m500)s, %(name_m500)s, %(date_m500)s, %(race_time_m500)s, %(url_m500)s, %(fp1_date_m500)s, %(fp1_time_m500)s, %(fp2_date_m500)s, %(fp2_time_m500)s, %(fp3_date_m500)s, %(fp3_time_m500)s, %(quali_date_m500)s, %(quali_time_m500)s, %(sprint_date_m500)s, %(sprint_time_m500)s), (%(race_id_m501)s, %(year_m501)s, %(round_m501)s, %(circuit_id_m501)s, %(name_m501)s, %(date_m501)s, %(race_time_m501)s, %(url_m501)s, %(fp1_date_m501)s, %(fp1_time_m501)s, %(fp2_date_m501)s, %(fp2_time_m501)s, %(fp3_date_m501)s, %(fp3_time_m501)s, %(quali_date_m501)s, %(quali_time_m501)s, %(sprint_date_m501)s, %(sprint_time_m501)s), (%(race_id_m502)s, %(year_m502)s, %(round_m502)s, %(circuit_id_m502)s, %(name_m502)s, %(date_m502)s, %(race_time_m502)s, %(url_m502)s, %(fp1_date_m502)s, %(fp1_time_m502)s, %(fp2_date_m502)s, %(fp2_time_m502)s, %(fp3_date_m502)s, %(fp3_time_m502)s, %(quali_date_m502)s, %(quali_time_m502)s, %(sprint_date_m502)s, %(sprint_time_m502)s), (%(race_id_m503)s, %(year_m503)s, %(round_m503)s, %(circuit_id_m503)s, %(name_m503)s, %(date_m503)s, %(race_time_m503)s, %(url_m503)s, %(fp1_date_m503)s, %(fp1_time_m503)s, %(fp2_date_m503)s, %(fp2_time_m503)s, %(fp3_date_m503)s, %(fp3_time_m503)s, %(quali_date_m503)s, %(quali_time_m503)s, %(sprint_date_m503)s, %(sprint_time_m503)s), (%(race_id_m504)s, %(year_m504)s, %(round_m504)s, %(circuit_id_m504)s, %(name_m504)s, %(date_m504)s, %(race_time_m504)s, %(url_m504)s, %(fp1_date_m504)s, %(fp1_time_m504)s, %(fp2_date_m504)s, %(fp2_time_m504)s, %(fp3_date_m504)s, %(fp3_time_m504)s, %(quali_date_m504)s, %(quali_time_m504)s, %(sprint_date_m504)s, %(sprint_time_m504)s), (%(race_id_m505)s, %(year_m505)s, %(round_m505)s, %(circuit_id_m505)s, %(name_m505)s, %(date_m505)s, %(race_time_m505)s, %(url_m505)s, %(fp1_date_m505)s, %(fp1_time_m505)s, %(fp2_date_m505)s, %(fp2_time_m505)s, %(fp3_date_m505)s, %(fp3_time_m505)s, %(quali_date_m505)s, %(quali_time_m505)s, %(sprint_date_m505)s, %(sprint_time_m505)s), (%(race_id_m506)s, %(year_m506)s, %(round_m506)s, %(circuit_id_m506)s, %(name_m506)s, %(date_m506)s, %(race_time_m506)s, %(url_m506)s, %(fp1_date_m506)s, %(fp1_time_m506)s, %(fp2_date_m506)s, %(fp2_time_m506)s, %(fp3_date_m506)s, %(fp3_time_m506)s, %(quali_date_m506)s, %(quali_time_m506)s, %(sprint_date_m506)s, %(sprint_time_m506)s), (%(race_id_m507)s, %(year_m507)s, %(round_m507)s, %(circuit_id_m507)s, %(name_m507)s, %(date_m507)s, %(race_time_m507)s, %(url_m507)s, %(fp1_date_m507)s, %(fp1_time_m507)s, %(fp2_date_m507)s, %(fp2_time_m507)s, %(fp3_date_m507)s, %(fp3_time_m507)s, %(quali_date_m507)s, %(quali_time_m507)s, %(sprint_date_m507)s, %(sprint_time_m507)s), (%(race_id_m508)s, %(year_m508)s, %(round_m508)s, %(circuit_id_m508)s, %(name_m508)s, %(date_m508)s, %(race_time_m508)s, %(url_m508)s, %(fp1_date_m508)s, %(fp1_time_m508)s, %(fp2_date_m508)s, %(fp2_time_m508)s, %(fp3_date_m508)s, %(fp3_time_m508)s, %(quali_date_m508)s, %(quali_time_m508)s, %(sprint_date_m508)s, %(sprint_time_m508)s), (%(race_id_m509)s, %(year_m509)s, %(round_m509)s, %(circuit_id_m509)s, %(name_m509)s, %(date_m509)s, %(race_time_m509)s, %(url_m509)s, %(fp1_date_m509)s, %(fp1_time_m509)s, %(fp2_date_m509)s, %(fp2_time_m509)s, %(fp3_date_m509)s, %(fp3_time_m509)s, %(quali_date_m509)s, %(quali_time_m509)s, %(sprint_date_m509)s, %(sprint_time_m509)s), (%(race_id_m510)s, %(year_m510)s, %(round_m510)s, %(circuit_id_m510)s, %(name_m510)s, %(date_m510)s, %(race_time_m510)s, %(url_m510)s, %(fp1_date_m510)s, %(fp1_time_m510)s, %(fp2_date_m510)s, %(fp2_time_m510)s, %(fp3_date_m510)s, %(fp3_time_m510)s, %(quali_date_m510)s, %(quali_time_m510)s, %(sprint_date_m510)s, %(sprint_time_m510)s), (%(race_id_m511)s, %(year_m511)s, %(round_m511)s, %(circuit_id_m511)s, %(name_m511)s, %(date_m511)s, %(race_time_m511)s, %(url_m511)s, %(fp1_date_m511)s, %(fp1_time_m511)s, %(fp2_date_m511)s, %(fp2_time_m511)s, %(fp3_date_m511)s, %(fp3_time_m511)s, %(quali_date_m511)s, %(quali_time_m511)s, %(sprint_date_m511)s, %(sprint_time_m511)s), (%(race_id_m512)s, %(year_m512)s, %(round_m512)s, %(circuit_id_m512)s, %(name_m512)s, %(date_m512)s, %(race_time_m512)s, %(url_m512)s, %(fp1_date_m512)s, %(fp1_time_m512)s, %(fp2_date_m512)s, %(fp2_time_m512)s, %(fp3_date_m512)s, %(fp3_time_m512)s, %(quali_date_m512)s, %(quali_time_m512)s, %(sprint_date_m512)s, %(sprint_time_m512)s), (%(race_id_m513)s, %(year_m513)s, %(round_m513)s, %(circuit_id_m513)s, %(name_m513)s, %(date_m513)s, %(race_time_m513)s, %(url_m513)s, %(fp1_date_m513)s, %(fp1_time_m513)s, %(fp2_date_m513)s, %(fp2_time_m513)s, %(fp3_date_m513)s, %(fp3_time_m513)s, %(quali_date_m513)s, %(quali_time_m513)s, %(sprint_date_m513)s, %(sprint_time_m513)s), (%(race_id_m514)s, %(year_m514)s, %(round_m514)s, %(circuit_id_m514)s, %(name_m514)s, %(date_m514)s, %(race_time_m514)s, %(url_m514)s, %(fp1_date_m514)s, %(fp1_time_m514)s, %(fp2_date_m514)s, %(fp2_time_m514)s, %(fp3_date_m514)s, %(fp3_time_m514)s, %(quali_date_m514)s, %(quali_time_m514)s, %(sprint_date_m514)s, %(sprint_time_m514)s), (%(race_id_m515)s, %(year_m515)s, %(round_m515)s, %(circuit_id_m515)s, %(name_m515)s, %(date_m515)s, %(race_time_m515)s, %(url_m515)s, %(fp1_date_m515)s, %(fp1_time_m515)s, %(fp2_date_m515)s, %(fp2_time_m515)s, %(fp3_date_m515)s, %(fp3_time_m515)s, %(quali_date_m515)s, %(quali_time_m515)s, %(sprint_date_m515)s, %(sprint_time_m515)s), (%(race_id_m516)s, %(year_m516)s, %(round_m516)s, %(circuit_id_m516)s, %(name_m516)s, %(date_m516)s, %(race_time_m516)s, %(url_m516)s, %(fp1_date_m516)s, %(fp1_time_m516)s, %(fp2_date_m516)s, %(fp2_time_m516)s, %(fp3_date_m516)s, %(fp3_time_m516)s, %(quali_date_m516)s, %(quali_time_m516)s, %(sprint_date_m516)s, %(sprint_time_m516)s), (%(race_id_m517)s, %(year_m517)s, %(round_m517)s, %(circuit_id_m517)s, %(name_m517)s, %(date_m517)s, %(race_time_m517)s, %(url_m517)s, %(fp1_date_m517)s, %(fp1_time_m517)s, %(fp2_date_m517)s, %(fp2_time_m517)s, %(fp3_date_m517)s, %(fp3_time_m517)s, %(quali_date_m517)s, %(quali_time_m517)s, %(sprint_date_m517)s, %(sprint_time_m517)s), (%(race_id_m518)s, %(year_m518)s, %(round_m518)s, %(circuit_id_m518)s, %(name_m518)s, %(date_m518)s, %(race_time_m518)s, %(url_m518)s, %(fp1_date_m518)s, %(fp1_time_m518)s, %(fp2_date_m518)s, %(fp2_time_m518)s, %(fp3_date_m518)s, %(fp3_time_m518)s, %(quali_date_m518)s, %(quali_time_m518)s, %(sprint_date_m518)s, %(sprint_time_m518)s), (%(race_id_m519)s, %(year_m519)s, %(round_m519)s, %(circuit_id_m519)s, %(name_m519)s, %(date_m519)s, %(race_time_m519)s, %(url_m519)s, %(fp1_date_m519)s, %(fp1_time_m519)s, %(fp2_date_m519)s, %(fp2_time_m519)s, %(fp3_date_m519)s, %(fp3_time_m519)s, %(quali_date_m519)s, %(quali_time_m519)s, %(sprint_date_m519)s, %(sprint_time_m519)s), (%(race_id_m520)s, %(year_m520)s, %(round_m520)s, %(circuit_id_m520)s, %(name_m520)s, %(date_m520)s, %(race_time_m520)s, %(url_m520)s, %(fp1_date_m520)s, %(fp1_time_m520)s, %(fp2_date_m520)s, %(fp2_time_m520)s, %(fp3_date_m520)s, %(fp3_time_m520)s, %(quali_date_m520)s, %(quali_time_m520)s, %(sprint_date_m520)s, %(sprint_time_m520)s), (%(race_id_m521)s, %(year_m521)s, %(round_m521)s, %(circuit_id_m521)s, %(name_m521)s, %(date_m521)s, %(race_time_m521)s, %(url_m521)s, %(fp1_date_m521)s, %(fp1_time_m521)s, %(fp2_date_m521)s, %(fp2_time_m521)s, %(fp3_date_m521)s, %(fp3_time_m521)s, %(quali_date_m521)s, %(quali_time_m521)s, %(sprint_date_m521)s, %(sprint_time_m521)s), (%(race_id_m522)s, %(year_m522)s, %(round_m522)s, %(circuit_id_m522)s, %(name_m522)s, %(date_m522)s, %(race_time_m522)s, %(url_m522)s, %(fp1_date_m522)s, %(fp1_time_m522)s, %(fp2_date_m522)s, %(fp2_time_m522)s, %(fp3_date_m522)s, %(fp3_time_m522)s, %(quali_date_m522)s, %(quali_time_m522)s, %(sprint_date_m522)s, %(sprint_time_m522)s), (%(race_id_m523)s, %(year_m523)s, %(round_m523)s, %(circuit_id_m523)s, %(name_m523)s, %(date_m523)s, %(race_time_m523)s, %(url_m523)s, %(fp1_date_m523)s, %(fp1_time_m523)s, %(fp2_date_m523)s, %(fp2_time_m523)s, %(fp3_date_m523)s, %(fp3_time_m523)s, %(quali_date_m523)s, %(quali_time_m523)s, %(sprint_date_m523)s, %(sprint_time_m523)s), (%(race_id_m524)s, %(year_m524)s, %(round_m524)s, %(circuit_id_m524)s, %(name_m524)s, %(date_m524)s, %(race_time_m524)s, %(url_m524)s, %(fp1_date_m524)s, %(fp1_time_m524)s, %(fp2_date_m524)s, %(fp2_time_m524)s, %(fp3_date_m524)s, %(fp3_time_m524)s, %(quali_date_m524)s, %(quali_time_m524)s, %(sprint_date_m524)s, %(sprint_time_m524)s), (%(race_id_m525)s, %(year_m525)s, %(round_m525)s, %(circuit_id_m525)s, %(name_m525)s, %(date_m525)s, %(race_time_m525)s, %(url_m525)s, %(fp1_date_m525)s, %(fp1_time_m525)s, %(fp2_date_m525)s, %(fp2_time_m525)s, %(fp3_date_m525)s, %(fp3_time_m525)s, %(quali_date_m525)s, %(quali_time_m525)s, %(sprint_date_m525)s, %(sprint_time_m525)s), (%(race_id_m526)s, %(year_m526)s, %(round_m526)s, %(circuit_id_m526)s, %(name_m526)s, %(date_m526)s, %(race_time_m526)s, %(url_m526)s, %(fp1_date_m526)s, %(fp1_time_m526)s, %(fp2_date_m526)s, %(fp2_time_m526)s, %(fp3_date_m526)s, %(fp3_time_m526)s, %(quali_date_m526)s, %(quali_time_m526)s, %(sprint_date_m526)s, %(sprint_time_m526)s), (%(race_id_m527)s, %(year_m527)s, %(round_m527)s, %(circuit_id_m527)s, %(name_m527)s, %(date_m527)s, %(race_time_m527)s, %(url_m527)s, %(fp1_date_m527)s, %(fp1_time_m527)s, %(fp2_date_m527)s, %(fp2_time_m527)s, %(fp3_date_m527)s, %(fp3_time_m527)s, %(quali_date_m527)s, %(quali_time_m527)s, %(sprint_date_m527)s, %(sprint_time_m527)s), (%(race_id_m528)s, %(year_m528)s, %(round_m528)s, %(circuit_id_m528)s, %(name_m528)s, %(date_m528)s, %(race_time_m528)s, %(url_m528)s, %(fp1_date_m528)s, %(fp1_time_m528)s, %(fp2_date_m528)s, %(fp2_time_m528)s, %(fp3_date_m528)s, %(fp3_time_m528)s, %(quali_date_m528)s, %(quali_time_m528)s, %(sprint_date_m528)s, %(sprint_time_m528)s), (%(race_id_m529)s, %(year_m529)s, %(round_m529)s, %(circuit_id_m529)s, %(name_m529)s, %(date_m529)s, %(race_time_m529)s, %(url_m529)s, %(fp1_date_m529)s, %(fp1_time_m529)s, %(fp2_date_m529)s, %(fp2_time_m529)s, %(fp3_date_m529)s, %(fp3_time_m529)s, %(quali_date_m529)s, %(quali_time_m529)s, %(sprint_date_m529)s, %(sprint_time_m529)s), (%(race_id_m530)s, %(year_m530)s, %(round_m530)s, %(circuit_id_m530)s, %(name_m530)s, %(date_m530)s, %(race_time_m530)s, %(url_m530)s, %(fp1_date_m530)s, %(fp1_time_m530)s, %(fp2_date_m530)s, %(fp2_time_m530)s, %(fp3_date_m530)s, %(fp3_time_m530)s, %(quali_date_m530)s, %(quali_time_m530)s, %(sprint_date_m530)s, %(sprint_time_m530)s), (%(race_id_m531)s, %(year_m531)s, %(round_m531)s, %(circuit_id_m531)s, %(name_m531)s, %(date_m531)s, %(race_time_m531)s, %(url_m531)s, %(fp1_date_m531)s, %(fp1_time_m531)s, %(fp2_date_m531)s, %(fp2_time_m531)s, %(fp3_date_m531)s, %(fp3_time_m531)s, %(quali_date_m531)s, %(quali_time_m531)s, %(sprint_date_m531)s, %(sprint_time_m531)s), (%(race_id_m532)s, %(year_m532)s, %(round_m532)s, %(circuit_id_m532)s, %(name_m532)s, %(date_m532)s, %(race_time_m532)s, %(url_m532)s, %(fp1_date_m532)s, %(fp1_time_m532)s, %(fp2_date_m532)s, %(fp2_time_m532)s, %(fp3_date_m532)s, %(fp3_time_m532)s, %(quali_date_m532)s, %(quali_time_m532)s, %(sprint_date_m532)s, %(sprint_time_m532)s), (%(race_id_m533)s, %(year_m533)s, %(round_m533)s, %(circuit_id_m533)s, %(name_m533)s, %(date_m533)s, %(race_time_m533)s, %(url_m533)s, %(fp1_date_m533)s, %(fp1_time_m533)s, %(fp2_date_m533)s, %(fp2_time_m533)s, %(fp3_date_m533)s, %(fp3_time_m533)s, %(quali_date_m533)s, %(quali_time_m533)s, %(sprint_date_m533)s, %(sprint_time_m533)s), (%(race_id_m534)s, %(year_m534)s, %(round_m534)s, %(circuit_id_m534)s, %(name_m534)s, %(date_m534)s, %(race_time_m534)s, %(url_m534)s, %(fp1_date_m534)s, %(fp1_time_m534)s, %(fp2_date_m534)s, %(fp2_time_m534)s, %(fp3_date_m534)s, %(fp3_time_m534)s, %(quali_date_m534)s, %(quali_time_m534)s, %(sprint_date_m534)s, %(sprint_time_m534)s), (%(race_id_m535)s, %(year_m535)s, %(round_m535)s, %(circuit_id_m535)s, %(name_m535)s, %(date_m535)s, %(race_time_m535)s, %(url_m535)s, %(fp1_date_m535)s, %(fp1_time_m535)s, %(fp2_date_m535)s, %(fp2_time_m535)s, %(fp3_date_m535)s, %(fp3_time_m535)s, %(quali_date_m535)s, %(quali_time_m535)s, %(sprint_date_m535)s, %(sprint_time_m535)s), (%(race_id_m536)s, %(year_m536)s, %(round_m536)s, %(circuit_id_m536)s, %(name_m536)s, %(date_m536)s, %(race_time_m536)s, %(url_m536)s, %(fp1_date_m536)s, %(fp1_time_m536)s, %(fp2_date_m536)s, %(fp2_time_m536)s, %(fp3_date_m536)s, %(fp3_time_m536)s, %(quali_date_m536)s, %(quali_time_m536)s, %(sprint_date_m536)s, %(sprint_time_m536)s), (%(race_id_m537)s, %(year_m537)s, %(round_m537)s, %(circuit_id_m537)s, %(name_m537)s, %(date_m537)s, %(race_time_m537)s, %(url_m537)s, %(fp1_date_m537)s, %(fp1_time_m537)s, %(fp2_date_m537)s, %(fp2_time_m537)s, %(fp3_date_m537)s, %(fp3_time_m537)s, %(quali_date_m537)s, %(quali_time_m537)s, %(sprint_date_m537)s, %(sprint_time_m537)s), (%(race_id_m538)s, %(year_m538)s, %(round_m538)s, %(circuit_id_m538)s, %(name_m538)s, %(date_m538)s, %(race_time_m538)s, %(url_m538)s, %(fp1_date_m538)s, %(fp1_time_m538)s, %(fp2_date_m538)s, %(fp2_time_m538)s, %(fp3_date_m538)s, %(fp3_time_m538)s, %(quali_date_m538)s, %(quali_time_m538)s, %(sprint_date_m538)s, %(sprint_time_m538)s), (%(race_id_m539)s, %(year_m539)s, %(round_m539)s, %(circuit_id_m539)s, %(name_m539)s, %(date_m539)s, %(race_time_m539)s, %(url_m539)s, %(fp1_date_m539)s, %(fp1_time_m539)s, %(fp2_date_m539)s, %(fp2_time_m539)s, %(fp3_date_m539)s, %(fp3_time_m539)s, %(quali_date_m539)s, %(quali_time_m539)s, %(sprint_date_m539)s, %(sprint_time_m539)s), (%(race_id_m540)s, %(year_m540)s, %(round_m540)s, %(circuit_id_m540)s, %(name_m540)s, %(date_m540)s, %(race_time_m540)s, %(url_m540)s, %(fp1_date_m540)s, %(fp1_time_m540)s, %(fp2_date_m540)s, %(fp2_time_m540)s, %(fp3_date_m540)s, %(fp3_time_m540)s, %(quali_date_m540)s, %(quali_time_m540)s, %(sprint_date_m540)s, %(sprint_time_m540)s), (%(race_id_m541)s, %(year_m541)s, %(round_m541)s, %(circuit_id_m541)s, %(name_m541)s, %(date_m541)s, %(race_time_m541)s, %(url_m541)s, %(fp1_date_m541)s, %(fp1_time_m541)s, %(fp2_date_m541)s, %(fp2_time_m541)s, %(fp3_date_m541)s, %(fp3_time_m541)s, %(quali_date_m541)s, %(quali_time_m541)s, %(sprint_date_m541)s, %(sprint_time_m541)s), (%(race_id_m542)s, %(year_m542)s, %(round_m542)s, %(circuit_id_m542)s, %(name_m542)s, %(date_m542)s, %(race_time_m542)s, %(url_m542)s, %(fp1_date_m542)s, %(fp1_time_m542)s, %(fp2_date_m542)s, %(fp2_time_m542)s, %(fp3_date_m542)s, %(fp3_time_m542)s, %(quali_date_m542)s, %(quali_time_m542)s, %(sprint_date_m542)s, %(sprint_time_m542)s), (%(race_id_m543)s, %(year_m543)s, %(round_m543)s, %(circuit_id_m543)s, %(name_m543)s, %(date_m543)s, %(race_time_m543)s, %(url_m543)s, %(fp1_date_m543)s, %(fp1_time_m543)s, %(fp2_date_m543)s, %(fp2_time_m543)s, %(fp3_date_m543)s, %(fp3_time_m543)s, %(quali_date_m543)s, %(quali_time_m543)s, %(sprint_date_m543)s, %(sprint_time_m543)s), (%(race_id_m544)s, %(year_m544)s, %(round_m544)s, %(circuit_id_m544)s, %(name_m544)s, %(date_m544)s, %(race_time_m544)s, %(url_m544)s, %(fp1_date_m544)s, %(fp1_time_m544)s, %(fp2_date_m544)s, %(fp2_time_m544)s, %(fp3_date_m544)s, %(fp3_time_m544)s, %(quali_date_m544)s, %(quali_time_m544)s, %(sprint_date_m544)s, %(sprint_time_m544)s), (%(race_id_m545)s, %(year_m545)s, %(round_m545)s, %(circuit_id_m545)s, %(name_m545)s, %(date_m545)s, %(race_time_m545)s, %(url_m545)s, %(fp1_date_m545)s, %(fp1_time_m545)s, %(fp2_date_m545)s, %(fp2_time_m545)s, %(fp3_date_m545)s, %(fp3_time_m545)s, %(quali_date_m545)s, %(quali_time_m545)s, %(sprint_date_m545)s, %(sprint_time_m545)s), (%(race_id_m546)s, %(year_m546)s, %(round_m546)s, %(circuit_id_m546)s, %(name_m546)s, %(date_m546)s, %(race_time_m546)s, %(url_m546)s, %(fp1_date_m546)s, %(fp1_time_m546)s, %(fp2_date_m546)s, %(fp2_time_m546)s, %(fp3_date_m546)s, %(fp3_time_m546)s, %(quali_date_m546)s, %(quali_time_m546)s, %(sprint_date_m546)s, %(sprint_time_m546)s), (%(race_id_m547)s, %(year_m547)s, %(round_m547)s, %(circuit_id_m547)s, %(name_m547)s, %(date_m547)s, %(race_time_m547)s, %(url_m547)s, %(fp1_date_m547)s, %(fp1_time_m547)s, %(fp2_date_m547)s, %(fp2_time_m547)s, %(fp3_date_m547)s, %(fp3_time_m547)s, %(quali_date_m547)s, %(quali_time_m547)s, %(sprint_date_m547)s, %(sprint_time_m547)s), (%(race_id_m548)s, %(year_m548)s, %(round_m548)s, %(circuit_id_m548)s, %(name_m548)s, %(date_m548)s, %(race_time_m548)s, %(url_m548)s, %(fp1_date_m548)s, %(fp1_time_m548)s, %(fp2_date_m548)s, %(fp2_time_m548)s, %(fp3_date_m548)s, %(fp3_time_m548)s, %(quali_date_m548)s, %(quali_time_m548)s, %(sprint_date_m548)s, %(sprint_time_m548)s), (%(race_id_m549)s, %(year_m549)s, %(round_m549)s, %(circuit_id_m549)s, %(name_m549)s, %(date_m549)s, %(race_time_m549)s, %(url_m549)s, %(fp1_date_m549)s, %(fp1_time_m549)s, %(fp2_date_m549)s, %(fp2_time_m549)s, %(fp3_date_m549)s, %(fp3_time_m549)s, %(quali_date_m549)s, %(quali_time_m549)s, %(sprint_date_m549)s, %(sprint_time_m549)s), (%(race_id_m550)s, %(year_m550)s, %(round_m550)s, %(circuit_id_m550)s, %(name_m550)s, %(date_m550)s, %(race_time_m550)s, %(url_m550)s, %(fp1_date_m550)s, %(fp1_time_m550)s, %(fp2_date_m550)s, %(fp2_time_m550)s, %(fp3_date_m550)s, %(fp3_time_m550)s, %(quali_date_m550)s, %(quali_time_m550)s, %(sprint_date_m550)s, %(sprint_time_m550)s), (%(race_id_m551)s, %(year_m551)s, %(round_m551)s, %(circuit_id_m551)s, %(name_m551)s, %(date_m551)s, %(race_time_m551)s, %(url_m551)s, %(fp1_date_m551)s, %(fp1_time_m551)s, %(fp2_date_m551)s, %(fp2_time_m551)s, %(fp3_date_m551)s, %(fp3_time_m551)s, %(quali_date_m551)s, %(quali_time_m551)s, %(sprint_date_m551)s, %(sprint_time_m551)s), (%(race_id_m552)s, %(year_m552)s, %(round_m552)s, %(circuit_id_m552)s, %(name_m552)s, %(date_m552)s, %(race_time_m552)s, %(url_m552)s, %(fp1_date_m552)s, %(fp1_time_m552)s, %(fp2_date_m552)s, %(fp2_time_m552)s, %(fp3_date_m552)s, %(fp3_time_m552)s, %(quali_date_m552)s, %(quali_time_m552)s, %(sprint_date_m552)s, %(sprint_time_m552)s), (%(race_id_m553)s, %(year_m553)s, %(round_m553)s, %(circuit_id_m553)s, %(name_m553)s, %(date_m553)s, %(race_time_m553)s, %(url_m553)s, %(fp1_date_m553)s, %(fp1_time_m553)s, %(fp2_date_m553)s, %(fp2_time_m553)s, %(fp3_date_m553)s, %(fp3_time_m553)s, %(quali_date_m553)s, %(quali_time_m553)s, %(sprint_date_m553)s, %(sprint_time_m553)s), (%(race_id_m554)s, %(year_m554)s, %(round_m554)s, %(circuit_id_m554)s, %(name_m554)s, %(date_m554)s, %(race_time_m554)s, %(url_m554)s, %(fp1_date_m554)s, %(fp1_time_m554)s, %(fp2_date_m554)s, %(fp2_time_m554)s, %(fp3_date_m554)s, %(fp3_time_m554)s, %(quali_date_m554)s, %(quali_time_m554)s, %(sprint_date_m554)s, %(sprint_time_m554)s), (%(race_id_m555)s, %(year_m555)s, %(round_m555)s, %(circuit_id_m555)s, %(name_m555)s, %(date_m555)s, %(race_time_m555)s, %(url_m555)s, %(fp1_date_m555)s, %(fp1_time_m555)s, %(fp2_date_m555)s, %(fp2_time_m555)s, %(fp3_date_m555)s, %(fp3_time_m555)s, %(quali_date_m555)s, %(quali_time_m555)s, %(sprint_date_m555)s, %(sprint_time_m555)s), (%(race_id_m556)s, %(year_m556)s, %(round_m556)s, %(circuit_id_m556)s, %(name_m556)s, %(date_m556)s, %(race_time_m556)s, %(url_m556)s, %(fp1_date_m556)s, %(fp1_time_m556)s, %(fp2_date_m556)s, %(fp2_time_m556)s, %(fp3_date_m556)s, %(fp3_time_m556)s, %(quali_date_m556)s, %(quali_time_m556)s, %(sprint_date_m556)s, %(sprint_time_m556)s), (%(race_id_m557)s, %(year_m557)s, %(round_m557)s, %(circuit_id_m557)s, %(name_m557)s, %(date_m557)s, %(race_time_m557)s, %(url_m557)s, %(fp1_date_m557)s, %(fp1_time_m557)s, %(fp2_date_m557)s, %(fp2_time_m557)s, %(fp3_date_m557)s, %(fp3_time_m557)s, %(quali_date_m557)s, %(quali_time_m557)s, %(sprint_date_m557)s, %(sprint_time_m557)s), (%(race_id_m558)s, %(year_m558)s, %(round_m558)s, %(circuit_id_m558)s, %(name_m558)s, %(date_m558)s, %(race_time_m558)s, %(url_m558)s, %(fp1_date_m558)s, %(fp1_time_m558)s, %(fp2_date_m558)s, %(fp2_time_m558)s, %(fp3_date_m558)s, %(fp3_time_m558)s, %(quali_date_m558)s, %(quali_time_m558)s, %(sprint_date_m558)s, %(sprint_time_m558)s), (%(race_id_m559)s, %(year_m559)s, %(round_m559)s, %(circuit_id_m559)s, %(name_m559)s, %(date_m559)s, %(race_time_m559)s, %(url_m559)s, %(fp1_date_m559)s, %(fp1_time_m559)s, %(fp2_date_m559)s, %(fp2_time_m559)s, %(fp3_date_m559)s, %(fp3_time_m559)s, %(quali_date_m559)s, %(quali_time_m559)s, %(sprint_date_m559)s, %(sprint_time_m559)s), (%(race_id_m560)s, %(year_m560)s, %(round_m560)s, %(circuit_id_m560)s, %(name_m560)s, %(date_m560)s, %(race_time_m560)s, %(url_m560)s, %(fp1_date_m560)s, %(fp1_time_m560)s, %(fp2_date_m560)s, %(fp2_time_m560)s, %(fp3_date_m560)s, %(fp3_time_m560)s, %(quali_date_m560)s, %(quali_time_m560)s, %(sprint_date_m560)s, %(sprint_time_m560)s), (%(race_id_m561)s, %(year_m561)s, %(round_m561)s, %(circuit_id_m561)s, %(name_m561)s, %(date_m561)s, %(race_time_m561)s, %(url_m561)s, %(fp1_date_m561)s, %(fp1_time_m561)s, %(fp2_date_m561)s, %(fp2_time_m561)s, %(fp3_date_m561)s, %(fp3_time_m561)s, %(quali_date_m561)s, %(quali_time_m561)s, %(sprint_date_m561)s, %(sprint_time_m561)s), (%(race_id_m562)s, %(year_m562)s, %(round_m562)s, %(circuit_id_m562)s, %(name_m562)s, %(date_m562)s, %(race_time_m562)s, %(url_m562)s, %(fp1_date_m562)s, %(fp1_time_m562)s, %(fp2_date_m562)s, %(fp2_time_m562)s, %(fp3_date_m562)s, %(fp3_time_m562)s, %(quali_date_m562)s, %(quali_time_m562)s, %(sprint_date_m562)s, %(sprint_time_m562)s), (%(race_id_m563)s, %(year_m563)s, %(round_m563)s, %(circuit_id_m563)s, %(name_m563)s, %(date_m563)s, %(race_time_m563)s, %(url_m563)s, %(fp1_date_m563)s, %(fp1_time_m563)s, %(fp2_date_m563)s, %(fp2_time_m563)s, %(fp3_date_m563)s, %(fp3_time_m563)s, %(quali_date_m563)s, %(quali_time_m563)s, %(sprint_date_m563)s, %(sprint_time_m563)s), (%(race_id_m564)s, %(year_m564)s, %(round_m564)s, %(circuit_id_m564)s, %(name_m564)s, %(date_m564)s, %(race_time_m564)s, %(url_m564)s, %(fp1_date_m564)s, %(fp1_time_m564)s, %(fp2_date_m564)s, %(fp2_time_m564)s, %(fp3_date_m564)s, %(fp3_time_m564)s, %(quali_date_m564)s, %(quali_time_m564)s, %(sprint_date_m564)s, %(sprint_time_m564)s), (%(race_id_m565)s, %(year_m565)s, %(round_m565)s, %(circuit_id_m565)s, %(name_m565)s, %(date_m565)s, %(race_time_m565)s, %(url_m565)s, %(fp1_date_m565)s, %(fp1_time_m565)s, %(fp2_date_m565)s, %(fp2_time_m565)s, %(fp3_date_m565)s, %(fp3_time_m565)s, %(quali_date_m565)s, %(quali_time_m565)s, %(sprint_date_m565)s, %(sprint_time_m565)s), (%(race_id_m566)s, %(year_m566)s, %(round_m566)s, %(circuit_id_m566)s, %(name_m566)s, %(date_m566)s, %(race_time_m566)s, %(url_m566)s, %(fp1_date_m566)s, %(fp1_time_m566)s, %(fp2_date_m566)s, %(fp2_time_m566)s, %(fp3_date_m566)s, %(fp3_time_m566)s, %(quali_date_m566)s, %(quali_time_m566)s, %(sprint_date_m566)s, %(sprint_time_m566)s), (%(race_id_m567)s, %(year_m567)s, %(round_m567)s, %(circuit_id_m567)s, %(name_m567)s, %(date_m567)s, %(race_time_m567)s, %(url_m567)s, %(fp1_date_m567)s, %(fp1_time_m567)s, %(fp2_date_m567)s, %(fp2_time_m567)s, %(fp3_date_m567)s, %(fp3_time_m567)s, %(quali_date_m567)s, %(quali_time_m567)s, %(sprint_date_m567)s, %(sprint_time_m567)s), (%(race_id_m568)s, %(year_m568)s, %(round_m568)s, %(circuit_id_m568)s, %(name_m568)s, %(date_m568)s, %(race_time_m568)s, %(url_m568)s, %(fp1_date_m568)s, %(fp1_time_m568)s, %(fp2_date_m568)s, %(fp2_time_m568)s, %(fp3_date_m568)s, %(fp3_time_m568)s, %(quali_date_m568)s, %(quali_time_m568)s, %(sprint_date_m568)s, %(sprint_time_m568)s), (%(race_id_m569)s, %(year_m569)s, %(round_m569)s, %(circuit_id_m569)s, %(name_m569)s, %(date_m569)s, %(race_time_m569)s, %(url_m569)s, %(fp1_date_m569)s, %(fp1_time_m569)s, %(fp2_date_m569)s, %(fp2_time_m569)s, %(fp3_date_m569)s, %(fp3_time_m569)s, %(quali_date_m569)s, %(quali_time_m569)s, %(sprint_date_m569)s, %(sprint_time_m569)s), (%(race_id_m570)s, %(year_m570)s, %(round_m570)s, %(circuit_id_m570)s, %(name_m570)s, %(date_m570)s, %(race_time_m570)s, %(url_m570)s, %(fp1_date_m570)s, %(fp1_time_m570)s, %(fp2_date_m570)s, %(fp2_time_m570)s, %(fp3_date_m570)s, %(fp3_time_m570)s, %(quali_date_m570)s, %(quali_time_m570)s, %(sprint_date_m570)s, %(sprint_time_m570)s), (%(race_id_m571)s, %(year_m571)s, %(round_m571)s, %(circuit_id_m571)s, %(name_m571)s, %(date_m571)s, %(race_time_m571)s, %(url_m571)s, %(fp1_date_m571)s, %(fp1_time_m571)s, %(fp2_date_m571)s, %(fp2_time_m571)s, %(fp3_date_m571)s, %(fp3_time_m571)s, %(quali_date_m571)s, %(quali_time_m571)s, %(sprint_date_m571)s, %(sprint_time_m571)s), (%(race_id_m572)s, %(year_m572)s, %(round_m572)s, %(circuit_id_m572)s, %(name_m572)s, %(date_m572)s, %(race_time_m572)s, %(url_m572)s, %(fp1_date_m572)s, %(fp1_time_m572)s, %(fp2_date_m572)s, %(fp2_time_m572)s, %(fp3_date_m572)s, %(fp3_time_m572)s, %(quali_date_m572)s, %(quali_time_m572)s, %(sprint_date_m572)s, %(sprint_time_m572)s), (%(race_id_m573)s, %(year_m573)s, %(round_m573)s, %(circuit_id_m573)s, %(name_m573)s, %(date_m573)s, %(race_time_m573)s, %(url_m573)s, %(fp1_date_m573)s, %(fp1_time_m573)s, %(fp2_date_m573)s, %(fp2_time_m573)s, %(fp3_date_m573)s, %(fp3_time_m573)s, %(quali_date_m573)s, %(quali_time_m573)s, %(sprint_date_m573)s, %(sprint_time_m573)s), (%(race_id_m574)s, %(year_m574)s, %(round_m574)s, %(circuit_id_m574)s, %(name_m574)s, %(date_m574)s, %(race_time_m574)s, %(url_m574)s, %(fp1_date_m574)s, %(fp1_time_m574)s, %(fp2_date_m574)s, %(fp2_time_m574)s, %(fp3_date_m574)s, %(fp3_time_m574)s, %(quali_date_m574)s, %(quali_time_m574)s, %(sprint_date_m574)s, %(sprint_time_m574)s), (%(race_id_m575)s, %(year_m575)s, %(round_m575)s, %(circuit_id_m575)s, %(name_m575)s, %(date_m575)s, %(race_time_m575)s, %(url_m575)s, %(fp1_date_m575)s, %(fp1_time_m575)s, %(fp2_date_m575)s, %(fp2_time_m575)s, %(fp3_date_m575)s, %(fp3_time_m575)s, %(quali_date_m575)s, %(quali_time_m575)s, %(sprint_date_m575)s, %(sprint_time_m575)s), (%(race_id_m576)s, %(year_m576)s, %(round_m576)s, %(circuit_id_m576)s, %(name_m576)s, %(date_m576)s, %(race_time_m576)s, %(url_m576)s, %(fp1_date_m576)s, %(fp1_time_m576)s, %(fp2_date_m576)s, %(fp2_time_m576)s, %(fp3_date_m576)s, %(fp3_time_m576)s, %(quali_date_m576)s, %(quali_time_m576)s, %(sprint_date_m576)s, %(sprint_time_m576)s), (%(race_id_m577)s, %(year_m577)s, %(round_m577)s, %(circuit_id_m577)s, %(name_m577)s, %(date_m577)s, %(race_time_m577)s, %(url_m577)s, %(fp1_date_m577)s, %(fp1_time_m577)s, %(fp2_date_m577)s, %(fp2_time_m577)s, %(fp3_date_m577)s, %(fp3_time_m577)s, %(quali_date_m577)s, %(quali_time_m577)s, %(sprint_date_m577)s, %(sprint_time_m577)s), (%(race_id_m578)s, %(year_m578)s, %(round_m578)s, %(circuit_id_m578)s, %(name_m578)s, %(date_m578)s, %(race_time_m578)s, %(url_m578)s, %(fp1_date_m578)s, %(fp1_time_m578)s, %(fp2_date_m578)s, %(fp2_time_m578)s, %(fp3_date_m578)s, %(fp3_time_m578)s, %(quali_date_m578)s, %(quali_time_m578)s, %(sprint_date_m578)s, %(sprint_time_m578)s), (%(race_id_m579)s, %(year_m579)s, %(round_m579)s, %(circuit_id_m579)s, %(name_m579)s, %(date_m579)s, %(race_time_m579)s, %(url_m579)s, %(fp1_date_m579)s, %(fp1_time_m579)s, %(fp2_date_m579)s, %(fp2_time_m579)s, %(fp3_date_m579)s, %(fp3_time_m579)s, %(quali_date_m579)s, %(quali_time_m579)s, %(sprint_date_m579)s, %(sprint_time_m579)s), (%(race_id_m580)s, %(year_m580)s, %(round_m580)s, %(circuit_id_m580)s, %(name_m580)s, %(date_m580)s, %(race_time_m580)s, %(url_m580)s, %(fp1_date_m580)s, %(fp1_time_m580)s, %(fp2_date_m580)s, %(fp2_time_m580)s, %(fp3_date_m580)s, %(fp3_time_m580)s, %(quali_date_m580)s, %(quali_time_m580)s, %(sprint_date_m580)s, %(sprint_time_m580)s), (%(race_id_m581)s, %(year_m581)s, %(round_m581)s, %(circuit_id_m581)s, %(name_m581)s, %(date_m581)s, %(race_time_m581)s, %(url_m581)s, %(fp1_date_m581)s, %(fp1_time_m581)s, %(fp2_date_m581)s, %(fp2_time_m581)s, %(fp3_date_m581)s, %(fp3_time_m581)s, %(quali_date_m581)s, %(quali_time_m581)s, %(sprint_date_m581)s, %(sprint_time_m581)s), (%(race_id_m582)s, %(year_m582)s, %(round_m582)s, %(circuit_id_m582)s, %(name_m582)s, %(date_m582)s, %(race_time_m582)s, %(url_m582)s, %(fp1_date_m582)s, %(fp1_time_m582)s, %(fp2_date_m582)s, %(fp2_time_m582)s, %(fp3_date_m582)s, %(fp3_time_m582)s, %(quali_date_m582)s, %(quali_time_m582)s, %(sprint_date_m582)s, %(sprint_time_m582)s), (%(race_id_m583)s, %(year_m583)s, %(round_m583)s, %(circuit_id_m583)s, %(name_m583)s, %(date_m583)s, %(race_time_m583)s, %(url_m583)s, %(fp1_date_m583)s, %(fp1_time_m583)s, %(fp2_date_m583)s, %(fp2_time_m583)s, %(fp3_date_m583)s, %(fp3_time_m583)s, %(quali_date_m583)s, %(quali_time_m583)s, %(sprint_date_m583)s, %(sprint_time_m583)s), (%(race_id_m584)s, %(year_m584)s, %(round_m584)s, %(circuit_id_m584)s, %(name_m584)s, %(date_m584)s, %(race_time_m584)s, %(url_m584)s, %(fp1_date_m584)s, %(fp1_time_m584)s, %(fp2_date_m584)s, %(fp2_time_m584)s, %(fp3_date_m584)s, %(fp3_time_m584)s, %(quali_date_m584)s, %(quali_time_m584)s, %(sprint_date_m584)s, %(sprint_time_m584)s), (%(race_id_m585)s, %(year_m585)s, %(round_m585)s, %(circuit_id_m585)s, %(name_m585)s, %(date_m585)s, %(race_time_m585)s, %(url_m585)s, %(fp1_date_m585)s, %(fp1_time_m585)s, %(fp2_date_m585)s, %(fp2_time_m585)s, %(fp3_date_m585)s, %(fp3_time_m585)s, %(quali_date_m585)s, %(quali_time_m585)s, %(sprint_date_m585)s, %(sprint_time_m585)s), (%(race_id_m586)s, %(year_m586)s, %(round_m586)s, %(circuit_id_m586)s, %(name_m586)s, %(date_m586)s, %(race_time_m586)s, %(url_m586)s, %(fp1_date_m586)s, %(fp1_time_m586)s, %(fp2_date_m586)s, %(fp2_time_m586)s, %(fp3_date_m586)s, %(fp3_time_m586)s, %(quali_date_m586)s, %(quali_time_m586)s, %(sprint_date_m586)s, %(sprint_time_m586)s), (%(race_id_m587)s, %(year_m587)s, %(round_m587)s, %(circuit_id_m587)s, %(name_m587)s, %(date_m587)s, %(race_time_m587)s, %(url_m587)s, %(fp1_date_m587)s, %(fp1_time_m587)s, %(fp2_date_m587)s, %(fp2_time_m587)s, %(fp3_date_m587)s, %(fp3_time_m587)s, %(quali_date_m587)s, %(quali_time_m587)s, %(sprint_date_m587)s, %(sprint_time_m587)s), (%(race_id_m588)s, %(year_m588)s, %(round_m588)s, %(circuit_id_m588)s, %(name_m588)s, %(date_m588)s, %(race_time_m588)s, %(url_m588)s, %(fp1_date_m588)s, %(fp1_time_m588)s, %(fp2_date_m588)s, %(fp2_time_m588)s, %(fp3_date_m588)s, %(fp3_time_m588)s, %(quali_date_m588)s, %(quali_time_m588)s, %(sprint_date_m588)s, %(sprint_time_m588)s), (%(race_id_m589)s, %(year_m589)s, %(round_m589)s, %(circuit_id_m589)s, %(name_m589)s, %(date_m589)s, %(race_time_m589)s, %(url_m589)s, %(fp1_date_m589)s, %(fp1_time_m589)s, %(fp2_date_m589)s, %(fp2_time_m589)s, %(fp3_date_m589)s, %(fp3_time_m589)s, %(quali_date_m589)s, %(quali_time_m589)s, %(sprint_date_m589)s, %(sprint_time_m589)s), (%(race_id_m590)s, %(year_m590)s, %(round_m590)s, %(circuit_id_m590)s, %(name_m590)s, %(date_m590)s, %(race_time_m590)s, %(url_m590)s, %(fp1_date_m590)s, %(fp1_time_m590)s, %(fp2_date_m590)s, %(fp2_time_m590)s, %(fp3_date_m590)s, %(fp3_time_m590)s, %(quali_date_m590)s, %(quali_time_m590)s, %(sprint_date_m590)s, %(sprint_time_m590)s), (%(race_id_m591)s, %(year_m591)s, %(round_m591)s, %(circuit_id_m591)s, %(name_m591)s, %(date_m591)s, %(race_time_m591)s, %(url_m591)s, %(fp1_date_m591)s, %(fp1_time_m591)s, %(fp2_date_m591)s, %(fp2_time_m591)s, %(fp3_date_m591)s, %(fp3_time_m591)s, %(quali_date_m591)s, %(quali_time_m591)s, %(sprint_date_m591)s, %(sprint_time_m591)s), (%(race_id_m592)s, %(year_m592)s, %(round_m592)s, %(circuit_id_m592)s, %(name_m592)s, %(date_m592)s, %(race_time_m592)s, %(url_m592)s, %(fp1_date_m592)s, %(fp1_time_m592)s, %(fp2_date_m592)s, %(fp2_time_m592)s, %(fp3_date_m592)s, %(fp3_time_m592)s, %(quali_date_m592)s, %(quali_time_m592)s, %(sprint_date_m592)s, %(sprint_time_m592)s), (%(race_id_m593)s, %(year_m593)s, %(round_m593)s, %(circuit_id_m593)s, %(name_m593)s, %(date_m593)s, %(race_time_m593)s, %(url_m593)s, %(fp1_date_m593)s, %(fp1_time_m593)s, %(fp2_date_m593)s, %(fp2_time_m593)s, %(fp3_date_m593)s, %(fp3_time_m593)s, %(quali_date_m593)s, %(quali_time_m593)s, %(sprint_date_m593)s, %(sprint_time_m593)s), (%(race_id_m594)s, %(year_m594)s, %(round_m594)s, %(circuit_id_m594)s, %(name_m594)s, %(date_m594)s, %(race_time_m594)s, %(url_m594)s, %(fp1_date_m594)s, %(fp1_time_m594)s, %(fp2_date_m594)s, %(fp2_time_m594)s, %(fp3_date_m594)s, %(fp3_time_m594)s, %(quali_date_m594)s, %(quali_time_m594)s, %(sprint_date_m594)s, %(sprint_time_m594)s), (%(race_id_m595)s, %(year_m595)s, %(round_m595)s, %(circuit_id_m595)s, %(name_m595)s, %(date_m595)s, %(race_time_m595)s, %(url_m595)s, %(fp1_date_m595)s, %(fp1_time_m595)s, %(fp2_date_m595)s, %(fp2_time_m595)s, %(fp3_date_m595)s, %(fp3_time_m595)s, %(quali_date_m595)s, %(quali_time_m595)s, %(sprint_date_m595)s, %(sprint_time_m595)s), (%(race_id_m596)s, %(year_m596)s, %(round_m596)s, %(circuit_id_m596)s, %(name_m596)s, %(date_m596)s, %(race_time_m596)s, %(url_m596)s, %(fp1_date_m596)s, %(fp1_time_m596)s, %(fp2_date_m596)s, %(fp2_time_m596)s, %(fp3_date_m596)s, %(fp3_time_m596)s, %(quali_date_m596)s, %(quali_time_m596)s, %(sprint_date_m596)s, %(sprint_time_m596)s), (%(race_id_m597)s, %(year_m597)s, %(round_m597)s, %(circuit_id_m597)s, %(name_m597)s, %(date_m597)s, %(race_time_m597)s, %(url_m597)s, %(fp1_date_m597)s, %(fp1_time_m597)s, %(fp2_date_m597)s, %(fp2_time_m597)s, %(fp3_date_m597)s, %(fp3_time_m597)s, %(quali_date_m597)s, %(quali_time_m597)s, %(sprint_date_m597)s, %(sprint_time_m597)s), (%(race_id_m598)s, %(year_m598)s, %(round_m598)s, %(circuit_id_m598)s, %(name_m598)s, %(date_m598)s, %(race_time_m598)s, %(url_m598)s, %(fp1_date_m598)s, %(fp1_time_m598)s, %(fp2_date_m598)s, %(fp2_time_m598)s, %(fp3_date_m598)s, %(fp3_time_m598)s, %(quali_date_m598)s, %(quali_time_m598)s, %(sprint_date_m598)s, %(sprint_time_m598)s), (%(race_id_m599)s, %(year_m599)s, %(round_m599)s, %(circuit_id_m599)s, %(name_m599)s, %(date_m599)s, %(race_time_m599)s, %(url_m599)s, %(fp1_date_m599)s, %(fp1_time_m599)s, %(fp2_date_m599)s, %(fp2_time_m599)s, %(fp3_date_m599)s, %(fp3_time_m599)s, %(quali_date_m599)s, %(quali_time_m599)s, %(sprint_date_m599)s, %(sprint_time_m599)s), (%(race_id_m600)s, %(year_m600)s, %(round_m600)s, %(circuit_id_m600)s, %(name_m600)s, %(date_m600)s, %(race_time_m600)s, %(url_m600)s, %(fp1_date_m600)s, %(fp1_time_m600)s, %(fp2_date_m600)s, %(fp2_time_m600)s, %(fp3_date_m600)s, %(fp3_time_m600)s, %(quali_date_m600)s, %(quali_time_m600)s, %(sprint_date_m600)s, %(sprint_time_m600)s), (%(race_id_m601)s, %(year_m601)s, %(round_m601)s, %(circuit_id_m601)s, %(name_m601)s, %(date_m601)s, %(race_time_m601)s, %(url_m601)s, %(fp1_date_m601)s, %(fp1_time_m601)s, %(fp2_date_m601)s, %(fp2_time_m601)s, %(fp3_date_m601)s, %(fp3_time_m601)s, %(quali_date_m601)s, %(quali_time_m601)s, %(sprint_date_m601)s, %(sprint_time_m601)s), (%(race_id_m602)s, %(year_m602)s, %(round_m602)s, %(circuit_id_m602)s, %(name_m602)s, %(date_m602)s, %(race_time_m602)s, %(url_m602)s, %(fp1_date_m602)s, %(fp1_time_m602)s, %(fp2_date_m602)s, %(fp2_time_m602)s, %(fp3_date_m602)s, %(fp3_time_m602)s, %(quali_date_m602)s, %(quali_time_m602)s, %(sprint_date_m602)s, %(sprint_time_m602)s), (%(race_id_m603)s, %(year_m603)s, %(round_m603)s, %(circuit_id_m603)s, %(name_m603)s, %(date_m603)s, %(race_time_m603)s, %(url_m603)s, %(fp1_date_m603)s, %(fp1_time_m603)s, %(fp2_date_m603)s, %(fp2_time_m603)s, %(fp3_date_m603)s, %(fp3_time_m603)s, %(quali_date_m603)s, %(quali_time_m603)s, %(sprint_date_m603)s, %(sprint_time_m603)s), (%(race_id_m604)s, %(year_m604)s, %(round_m604)s, %(circuit_id_m604)s, %(name_m604)s, %(date_m604)s, %(race_time_m604)s, %(url_m604)s, %(fp1_date_m604)s, %(fp1_time_m604)s, %(fp2_date_m604)s, %(fp2_time_m604)s, %(fp3_date_m604)s, %(fp3_time_m604)s, %(quali_date_m604)s, %(quali_time_m604)s, %(sprint_date_m604)s, %(sprint_time_m604)s), (%(race_id_m605)s, %(year_m605)s, %(round_m605)s, %(circuit_id_m605)s, %(name_m605)s, %(date_m605)s, %(race_time_m605)s, %(url_m605)s, %(fp1_date_m605)s, %(fp1_time_m605)s, %(fp2_date_m605)s, %(fp2_time_m605)s, %(fp3_date_m605)s, %(fp3_time_m605)s, %(quali_date_m605)s, %(quali_time_m605)s, %(sprint_date_m605)s, %(sprint_time_m605)s), (%(race_id_m606)s, %(year_m606)s, %(round_m606)s, %(circuit_id_m606)s, %(name_m606)s, %(date_m606)s, %(race_time_m606)s, %(url_m606)s, %(fp1_date_m606)s, %(fp1_time_m606)s, %(fp2_date_m606)s, %(fp2_time_m606)s, %(fp3_date_m606)s, %(fp3_time_m606)s, %(quali_date_m606)s, %(quali_time_m606)s, %(sprint_date_m606)s, %(sprint_time_m606)s), (%(race_id_m607)s, %(year_m607)s, %(round_m607)s, %(circuit_id_m607)s, %(name_m607)s, %(date_m607)s, %(race_time_m607)s, %(url_m607)s, %(fp1_date_m607)s, %(fp1_time_m607)s, %(fp2_date_m607)s, %(fp2_time_m607)s, %(fp3_date_m607)s, %(fp3_time_m607)s, %(quali_date_m607)s, %(quali_time_m607)s, %(sprint_date_m607)s, %(sprint_time_m607)s), (%(race_id_m608)s, %(year_m608)s, %(round_m608)s, %(circuit_id_m608)s, %(name_m608)s, %(date_m608)s, %(race_time_m608)s, %(url_m608)s, %(fp1_date_m608)s, %(fp1_time_m608)s, %(fp2_date_m608)s, %(fp2_time_m608)s, %(fp3_date_m608)s, %(fp3_time_m608)s, %(quali_date_m608)s, %(quali_time_m608)s, %(sprint_date_m608)s, %(sprint_time_m608)s), (%(race_id_m609)s, %(year_m609)s, %(round_m609)s, %(circuit_id_m609)s, %(name_m609)s, %(date_m609)s, %(race_time_m609)s, %(url_m609)s, %(fp1_date_m609)s, %(fp1_time_m609)s, %(fp2_date_m609)s, %(fp2_time_m609)s, %(fp3_date_m609)s, %(fp3_time_m609)s, %(quali_date_m609)s, %(quali_time_m609)s, %(sprint_date_m609)s, %(sprint_time_m609)s), (%(race_id_m610)s, %(year_m610)s, %(round_m610)s, %(circuit_id_m610)s, %(name_m610)s, %(date_m610)s, %(race_time_m610)s, %(url_m610)s, %(fp1_date_m610)s, %(fp1_time_m610)s, %(fp2_date_m610)s, %(fp2_time_m610)s, %(fp3_date_m610)s, %(fp3_time_m610)s, %(quali_date_m610)s, %(quali_time_m610)s, %(sprint_date_m610)s, %(sprint_time_m610)s), (%(race_id_m611)s, %(year_m611)s, %(round_m611)s, %(circuit_id_m611)s, %(name_m611)s, %(date_m611)s, %(race_time_m611)s, %(url_m611)s, %(fp1_date_m611)s, %(fp1_time_m611)s, %(fp2_date_m611)s, %(fp2_time_m611)s, %(fp3_date_m611)s, %(fp3_time_m611)s, %(quali_date_m611)s, %(quali_time_m611)s, %(sprint_date_m611)s, %(sprint_time_m611)s), (%(race_id_m612)s, %(year_m612)s, %(round_m612)s, %(circuit_id_m612)s, %(name_m612)s, %(date_m612)s, %(race_time_m612)s, %(url_m612)s, %(fp1_date_m612)s, %(fp1_time_m612)s, %(fp2_date_m612)s, %(fp2_time_m612)s, %(fp3_date_m612)s, %(fp3_time_m612)s, %(quali_date_m612)s, %(quali_time_m612)s, %(sprint_date_m612)s, %(sprint_time_m612)s), (%(race_id_m613)s, %(year_m613)s, %(round_m613)s, %(circuit_id_m613)s, %(name_m613)s, %(date_m613)s, %(race_time_m613)s, %(url_m613)s, %(fp1_date_m613)s, %(fp1_time_m613)s, %(fp2_date_m613)s, %(fp2_time_m613)s, %(fp3_date_m613)s, %(fp3_time_m613)s, %(quali_date_m613)s, %(quali_time_m613)s, %(sprint_date_m613)s, %(sprint_time_m613)s), (%(race_id_m614)s, %(year_m614)s, %(round_m614)s, %(circuit_id_m614)s, %(name_m614)s, %(date_m614)s, %(race_time_m614)s, %(url_m614)s, %(fp1_date_m614)s, %(fp1_time_m614)s, %(fp2_date_m614)s, %(fp2_time_m614)s, %(fp3_date_m614)s, %(fp3_time_m614)s, %(quali_date_m614)s, %(quali_time_m614)s, %(sprint_date_m614)s, %(sprint_time_m614)s), (%(race_id_m615)s, %(year_m615)s, %(round_m615)s, %(circuit_id_m615)s, %(name_m615)s, %(date_m615)s, %(race_time_m615)s, %(url_m615)s, %(fp1_date_m615)s, %(fp1_time_m615)s, %(fp2_date_m615)s, %(fp2_time_m615)s, %(fp3_date_m615)s, %(fp3_time_m615)s, %(quali_date_m615)s, %(quali_time_m615)s, %(sprint_date_m615)s, %(sprint_time_m615)s), (%(race_id_m616)s, %(year_m616)s, %(round_m616)s, %(circuit_id_m616)s, %(name_m616)s, %(date_m616)s, %(race_time_m616)s, %(url_m616)s, %(fp1_date_m616)s, %(fp1_time_m616)s, %(fp2_date_m616)s, %(fp2_time_m616)s, %(fp3_date_m616)s, %(fp3_time_m616)s, %(quali_date_m616)s, %(quali_time_m616)s, %(sprint_date_m616)s, %(sprint_time_m616)s), (%(race_id_m617)s, %(year_m617)s, %(round_m617)s, %(circuit_id_m617)s, %(name_m617)s, %(date_m617)s, %(race_time_m617)s, %(url_m617)s, %(fp1_date_m617)s, %(fp1_time_m617)s, %(fp2_date_m617)s, %(fp2_time_m617)s, %(fp3_date_m617)s, %(fp3_time_m617)s, %(quali_date_m617)s, %(quali_time_m617)s, %(sprint_date_m617)s, %(sprint_time_m617)s), (%(race_id_m618)s, %(year_m618)s, %(round_m618)s, %(circuit_id_m618)s, %(name_m618)s, %(date_m618)s, %(race_time_m618)s, %(url_m618)s, %(fp1_date_m618)s, %(fp1_time_m618)s, %(fp2_date_m618)s, %(fp2_time_m618)s, %(fp3_date_m618)s, %(fp3_time_m618)s, %(quali_date_m618)s, %(quali_time_m618)s, %(sprint_date_m618)s, %(sprint_time_m618)s), (%(race_id_m619)s, %(year_m619)s, %(round_m619)s, %(circuit_id_m619)s, %(name_m619)s, %(date_m619)s, %(race_time_m619)s, %(url_m619)s, %(fp1_date_m619)s, %(fp1_time_m619)s, %(fp2_date_m619)s, %(fp2_time_m619)s, %(fp3_date_m619)s, %(fp3_time_m619)s, %(quali_date_m619)s, %(quali_time_m619)s, %(sprint_date_m619)s, %(sprint_time_m619)s), (%(race_id_m620)s, %(year_m620)s, %(round_m620)s, %(circuit_id_m620)s, %(name_m620)s, %(date_m620)s, %(race_time_m620)s, %(url_m620)s, %(fp1_date_m620)s, %(fp1_time_m620)s, %(fp2_date_m620)s, %(fp2_time_m620)s, %(fp3_date_m620)s, %(fp3_time_m620)s, %(quali_date_m620)s, %(quali_time_m620)s, %(sprint_date_m620)s, %(sprint_time_m620)s), (%(race_id_m621)s, %(year_m621)s, %(round_m621)s, %(circuit_id_m621)s, %(name_m621)s, %(date_m621)s, %(race_time_m621)s, %(url_m621)s, %(fp1_date_m621)s, %(fp1_time_m621)s, %(fp2_date_m621)s, %(fp2_time_m621)s, %(fp3_date_m621)s, %(fp3_time_m621)s, %(quali_date_m621)s, %(quali_time_m621)s, %(sprint_date_m621)s, %(sprint_time_m621)s), (%(race_id_m622)s, %(year_m622)s, %(round_m622)s, %(circuit_id_m622)s, %(name_m622)s, %(date_m622)s, %(race_time_m622)s, %(url_m622)s, %(fp1_date_m622)s, %(fp1_time_m622)s, %(fp2_date_m622)s, %(fp2_time_m622)s, %(fp3_date_m622)s, %(fp3_time_m622)s, %(quali_date_m622)s, %(quali_time_m622)s, %(sprint_date_m622)s, %(sprint_time_m622)s), (%(race_id_m623)s, %(year_m623)s, %(round_m623)s, %(circuit_id_m623)s, %(name_m623)s, %(date_m623)s, %(race_time_m623)s, %(url_m623)s, %(fp1_date_m623)s, %(fp1_time_m623)s, %(fp2_date_m623)s, %(fp2_time_m623)s, %(fp3_date_m623)s, %(fp3_time_m623)s, %(quali_date_m623)s, %(quali_time_m623)s, %(sprint_date_m623)s, %(sprint_time_m623)s), (%(race_id_m624)s, %(year_m624)s, %(round_m624)s, %(circuit_id_m624)s, %(name_m624)s, %(date_m624)s, %(race_time_m624)s, %(url_m624)s, %(fp1_date_m624)s, %(fp1_time_m624)s, %(fp2_date_m624)s, %(fp2_time_m624)s, %(fp3_date_m624)s, %(fp3_time_m624)s, %(quali_date_m624)s, %(quali_time_m624)s, %(sprint_date_m624)s, %(sprint_time_m624)s), (%(race_id_m625)s, %(year_m625)s, %(round_m625)s, %(circuit_id_m625)s, %(name_m625)s, %(date_m625)s, %(race_time_m625)s, %(url_m625)s, %(fp1_date_m625)s, %(fp1_time_m625)s, %(fp2_date_m625)s, %(fp2_time_m625)s, %(fp3_date_m625)s, %(fp3_time_m625)s, %(quali_date_m625)s, %(quali_time_m625)s, %(sprint_date_m625)s, %(sprint_time_m625)s), (%(race_id_m626)s, %(year_m626)s, %(round_m626)s, %(circuit_id_m626)s, %(name_m626)s, %(date_m626)s, %(race_time_m626)s, %(url_m626)s, %(fp1_date_m626)s, %(fp1_time_m626)s, %(fp2_date_m626)s, %(fp2_time_m626)s, %(fp3_date_m626)s, %(fp3_time_m626)s, %(quali_date_m626)s, %(quali_time_m626)s, %(sprint_date_m626)s, %(sprint_time_m626)s), (%(race_id_m627)s, %(year_m627)s, %(round_m627)s, %(circuit_id_m627)s, %(name_m627)s, %(date_m627)s, %(race_time_m627)s, %(url_m627)s, %(fp1_date_m627)s, %(fp1_time_m627)s, %(fp2_date_m627)s, %(fp2_time_m627)s, %(fp3_date_m627)s, %(fp3_time_m627)s, %(quali_date_m627)s, %(quali_time_m627)s, %(sprint_date_m627)s, %(sprint_time_m627)s), (%(race_id_m628)s, %(year_m628)s, %(round_m628)s, %(circuit_id_m628)s, %(name_m628)s, %(date_m628)s, %(race_time_m628)s, %(url_m628)s, %(fp1_date_m628)s, %(fp1_time_m628)s, %(fp2_date_m628)s, %(fp2_time_m628)s, %(fp3_date_m628)s, %(fp3_time_m628)s, %(quali_date_m628)s, %(quali_time_m628)s, %(sprint_date_m628)s, %(sprint_time_m628)s), (%(race_id_m629)s, %(year_m629)s, %(round_m629)s, %(circuit_id_m629)s, %(name_m629)s, %(date_m629)s, %(race_time_m629)s, %(url_m629)s, %(fp1_date_m629)s, %(fp1_time_m629)s, %(fp2_date_m629)s, %(fp2_time_m629)s, %(fp3_date_m629)s, %(fp3_time_m629)s, %(quali_date_m629)s, %(quali_time_m629)s, %(sprint_date_m629)s, %(sprint_time_m629)s), (%(race_id_m630)s, %(year_m630)s, %(round_m630)s, %(circuit_id_m630)s, %(name_m630)s, %(date_m630)s, %(race_time_m630)s, %(url_m630)s, %(fp1_date_m630)s, %(fp1_time_m630)s, %(fp2_date_m630)s, %(fp2_time_m630)s, %(fp3_date_m630)s, %(fp3_time_m630)s, %(quali_date_m630)s, %(quali_time_m630)s, %(sprint_date_m630)s, %(sprint_time_m630)s), (%(race_id_m631)s, %(year_m631)s, %(round_m631)s, %(circuit_id_m631)s, %(name_m631)s, %(date_m631)s, %(race_time_m631)s, %(url_m631)s, %(fp1_date_m631)s, %(fp1_time_m631)s, %(fp2_date_m631)s, %(fp2_time_m631)s, %(fp3_date_m631)s, %(fp3_time_m631)s, %(quali_date_m631)s, %(quali_time_m631)s, %(sprint_date_m631)s, %(sprint_time_m631)s), (%(race_id_m632)s, %(year_m632)s, %(round_m632)s, %(circuit_id_m632)s, %(name_m632)s, %(date_m632)s, %(race_time_m632)s, %(url_m632)s, %(fp1_date_m632)s, %(fp1_time_m632)s, %(fp2_date_m632)s, %(fp2_time_m632)s, %(fp3_date_m632)s, %(fp3_time_m632)s, %(quali_date_m632)s, %(quali_time_m632)s, %(sprint_date_m632)s, %(sprint_time_m632)s), (%(race_id_m633)s, %(year_m633)s, %(round_m633)s, %(circuit_id_m633)s, %(name_m633)s, %(date_m633)s, %(race_time_m633)s, %(url_m633)s, %(fp1_date_m633)s, %(fp1_time_m633)s, %(fp2_date_m633)s, %(fp2_time_m633)s, %(fp3_date_m633)s, %(fp3_time_m633)s, %(quali_date_m633)s, %(quali_time_m633)s, %(sprint_date_m633)s, %(sprint_time_m633)s), (%(race_id_m634)s, %(year_m634)s, %(round_m634)s, %(circuit_id_m634)s, %(name_m634)s, %(date_m634)s, %(race_time_m634)s, %(url_m634)s, %(fp1_date_m634)s, %(fp1_time_m634)s, %(fp2_date_m634)s, %(fp2_time_m634)s, %(fp3_date_m634)s, %(fp3_time_m634)s, %(quali_date_m634)s, %(quali_time_m634)s, %(sprint_date_m634)s, %(sprint_time_m634)s), (%(race_id_m635)s, %(year_m635)s, %(round_m635)s, %(circuit_id_m635)s, %(name_m635)s, %(date_m635)s, %(race_time_m635)s, %(url_m635)s, %(fp1_date_m635)s, %(fp1_time_m635)s, %(fp2_date_m635)s, %(fp2_time_m635)s, %(fp3_date_m635)s, %(fp3_time_m635)s, %(quali_date_m635)s, %(quali_time_m635)s, %(sprint_date_m635)s, %(sprint_time_m635)s), (%(race_id_m636)s, %(year_m636)s, %(round_m636)s, %(circuit_id_m636)s, %(name_m636)s, %(date_m636)s, %(race_time_m636)s, %(url_m636)s, %(fp1_date_m636)s, %(fp1_time_m636)s, %(fp2_date_m636)s, %(fp2_time_m636)s, %(fp3_date_m636)s, %(fp3_time_m636)s, %(quali_date_m636)s, %(quali_time_m636)s, %(sprint_date_m636)s, %(sprint_time_m636)s), (%(race_id_m637)s, %(year_m637)s, %(round_m637)s, %(circuit_id_m637)s, %(name_m637)s, %(date_m637)s, %(race_time_m637)s, %(url_m637)s, %(fp1_date_m637)s, %(fp1_time_m637)s, %(fp2_date_m637)s, %(fp2_time_m637)s, %(fp3_date_m637)s, %(fp3_time_m637)s, %(quali_date_m637)s, %(quali_time_m637)s, %(sprint_date_m637)s, %(sprint_time_m637)s), (%(race_id_m638)s, %(year_m638)s, %(round_m638)s, %(circuit_id_m638)s, %(name_m638)s, %(date_m638)s, %(race_time_m638)s, %(url_m638)s, %(fp1_date_m638)s, %(fp1_time_m638)s, %(fp2_date_m638)s, %(fp2_time_m638)s, %(fp3_date_m638)s, %(fp3_time_m638)s, %(quali_date_m638)s, %(quali_time_m638)s, %(sprint_date_m638)s, %(sprint_time_m638)s), (%(race_id_m639)s, %(year_m639)s, %(round_m639)s, %(circuit_id_m639)s, %(name_m639)s, %(date_m639)s, %(race_time_m639)s, %(url_m639)s, %(fp1_date_m639)s, %(fp1_time_m639)s, %(fp2_date_m639)s, %(fp2_time_m639)s, %(fp3_date_m639)s, %(fp3_time_m639)s, %(quali_date_m639)s, %(quali_time_m639)s, %(sprint_date_m639)s, %(sprint_time_m639)s), (%(race_id_m640)s, %(year_m640)s, %(round_m640)s, %(circuit_id_m640)s, %(name_m640)s, %(date_m640)s, %(race_time_m640)s, %(url_m640)s, %(fp1_date_m640)s, %(fp1_time_m640)s, %(fp2_date_m640)s, %(fp2_time_m640)s, %(fp3_date_m640)s, %(fp3_time_m640)s, %(quali_date_m640)s, %(quali_time_m640)s, %(sprint_date_m640)s, %(sprint_time_m640)s), (%(race_id_m641)s, %(year_m641)s, %(round_m641)s, %(circuit_id_m641)s, %(name_m641)s, %(date_m641)s, %(race_time_m641)s, %(url_m641)s, %(fp1_date_m641)s, %(fp1_time_m641)s, %(fp2_date_m641)s, %(fp2_time_m641)s, %(fp3_date_m641)s, %(fp3_time_m641)s, %(quali_date_m641)s, %(quali_time_m641)s, %(sprint_date_m641)s, %(sprint_time_m641)s), (%(race_id_m642)s, %(year_m642)s, %(round_m642)s, %(circuit_id_m642)s, %(name_m642)s, %(date_m642)s, %(race_time_m642)s, %(url_m642)s, %(fp1_date_m642)s, %(fp1_time_m642)s, %(fp2_date_m642)s, %(fp2_time_m642)s, %(fp3_date_m642)s, %(fp3_time_m642)s, %(quali_date_m642)s, %(quali_time_m642)s, %(sprint_date_m642)s, %(sprint_time_m642)s), (%(race_id_m643)s, %(year_m643)s, %(round_m643)s, %(circuit_id_m643)s, %(name_m643)s, %(date_m643)s, %(race_time_m643)s, %(url_m643)s, %(fp1_date_m643)s, %(fp1_time_m643)s, %(fp2_date_m643)s, %(fp2_time_m643)s, %(fp3_date_m643)s, %(fp3_time_m643)s, %(quali_date_m643)s, %(quali_time_m643)s, %(sprint_date_m643)s, %(sprint_time_m643)s), (%(race_id_m644)s, %(year_m644)s, %(round_m644)s, %(circuit_id_m644)s, %(name_m644)s, %(date_m644)s, %(race_time_m644)s, %(url_m644)s, %(fp1_date_m644)s, %(fp1_time_m644)s, %(fp2_date_m644)s, %(fp2_time_m644)s, %(fp3_date_m644)s, %(fp3_time_m644)s, %(quali_date_m644)s, %(quali_time_m644)s, %(sprint_date_m644)s, %(sprint_time_m644)s), (%(race_id_m645)s, %(year_m645)s, %(round_m645)s, %(circuit_id_m645)s, %(name_m645)s, %(date_m645)s, %(race_time_m645)s, %(url_m645)s, %(fp1_date_m645)s, %(fp1_time_m645)s, %(fp2_date_m645)s, %(fp2_time_m645)s, %(fp3_date_m645)s, %(fp3_time_m645)s, %(quali_date_m645)s, %(quali_time_m645)s, %(sprint_date_m645)s, %(sprint_time_m645)s), (%(race_id_m646)s, %(year_m646)s, %(round_m646)s, %(circuit_id_m646)s, %(name_m646)s, %(date_m646)s, %(race_time_m646)s, %(url_m646)s, %(fp1_date_m646)s, %(fp1_time_m646)s, %(fp2_date_m646)s, %(fp2_time_m646)s, %(fp3_date_m646)s, %(fp3_time_m646)s, %(quali_date_m646)s, %(quali_time_m646)s, %(sprint_date_m646)s, %(sprint_time_m646)s), (%(race_id_m647)s, %(year_m647)s, %(round_m647)s, %(circuit_id_m647)s, %(name_m647)s, %(date_m647)s, %(race_time_m647)s, %(url_m647)s, %(fp1_date_m647)s, %(fp1_time_m647)s, %(fp2_date_m647)s, %(fp2_time_m647)s, %(fp3_date_m647)s, %(fp3_time_m647)s, %(quali_date_m647)s, %(quali_time_m647)s, %(sprint_date_m647)s, %(sprint_time_m647)s), (%(race_id_m648)s, %(year_m648)s, %(round_m648)s, %(circuit_id_m648)s, %(name_m648)s, %(date_m648)s, %(race_time_m648)s, %(url_m648)s, %(fp1_date_m648)s, %(fp1_time_m648)s, %(fp2_date_m648)s, %(fp2_time_m648)s, %(fp3_date_m648)s, %(fp3_time_m648)s, %(quali_date_m648)s, %(quali_time_m648)s, %(sprint_date_m648)s, %(sprint_time_m648)s), (%(race_id_m649)s, %(year_m649)s, %(round_m649)s, %(circuit_id_m649)s, %(name_m649)s, %(date_m649)s, %(race_time_m649)s, %(url_m649)s, %(fp1_date_m649)s, %(fp1_time_m649)s, %(fp2_date_m649)s, %(fp2_time_m649)s, %(fp3_date_m649)s, %(fp3_time_m649)s, %(quali_date_m649)s, %(quali_time_m649)s, %(sprint_date_m649)s, %(sprint_time_m649)s), (%(race_id_m650)s, %(year_m650)s, %(round_m650)s, %(circuit_id_m650)s, %(name_m650)s, %(date_m650)s, %(race_time_m650)s, %(url_m650)s, %(fp1_date_m650)s, %(fp1_time_m650)s, %(fp2_date_m650)s, %(fp2_time_m650)s, %(fp3_date_m650)s, %(fp3_time_m650)s, %(quali_date_m650)s, %(quali_time_m650)s, %(sprint_date_m650)s, %(sprint_time_m650)s), (%(race_id_m651)s, %(year_m651)s, %(round_m651)s, %(circuit_id_m651)s, %(name_m651)s, %(date_m651)s, %(race_time_m651)s, %(url_m651)s, %(fp1_date_m651)s, %(fp1_time_m651)s, %(fp2_date_m651)s, %(fp2_time_m651)s, %(fp3_date_m651)s, %(fp3_time_m651)s, %(quali_date_m651)s, %(quali_time_m651)s, %(sprint_date_m651)s, %(sprint_time_m651)s), (%(race_id_m652)s, %(year_m652)s, %(round_m652)s, %(circuit_id_m652)s, %(name_m652)s, %(date_m652)s, %(race_time_m652)s, %(url_m652)s, %(fp1_date_m652)s, %(fp1_time_m652)s, %(fp2_date_m652)s, %(fp2_time_m652)s, %(fp3_date_m652)s, %(fp3_time_m652)s, %(quali_date_m652)s, %(quali_time_m652)s, %(sprint_date_m652)s, %(sprint_time_m652)s), (%(race_id_m653)s, %(year_m653)s, %(round_m653)s, %(circuit_id_m653)s, %(name_m653)s, %(date_m653)s, %(race_time_m653)s, %(url_m653)s, %(fp1_date_m653)s, %(fp1_time_m653)s, %(fp2_date_m653)s, %(fp2_time_m653)s, %(fp3_date_m653)s, %(fp3_time_m653)s, %(quali_date_m653)s, %(quali_time_m653)s, %(sprint_date_m653)s, %(sprint_time_m653)s), (%(race_id_m654)s, %(year_m654)s, %(round_m654)s, %(circuit_id_m654)s, %(name_m654)s, %(date_m654)s, %(race_time_m654)s, %(url_m654)s, %(fp1_date_m654)s, %(fp1_time_m654)s, %(fp2_date_m654)s, %(fp2_time_m654)s, %(fp3_date_m654)s, %(fp3_time_m654)s, %(quali_date_m654)s, %(quali_time_m654)s, %(sprint_date_m654)s, %(sprint_time_m654)s), (%(race_id_m655)s, %(year_m655)s, %(round_m655)s, %(circuit_id_m655)s, %(name_m655)s, %(date_m655)s, %(race_time_m655)s, %(url_m655)s, %(fp1_date_m655)s, %(fp1_time_m655)s, %(fp2_date_m655)s, %(fp2_time_m655)s, %(fp3_date_m655)s, %(fp3_time_m655)s, %(quali_date_m655)s, %(quali_time_m655)s, %(sprint_date_m655)s, %(sprint_time_m655)s), (%(race_id_m656)s, %(year_m656)s, %(round_m656)s, %(circuit_id_m656)s, %(name_m656)s, %(date_m656)s, %(race_time_m656)s, %(url_m656)s, %(fp1_date_m656)s, %(fp1_time_m656)s, %(fp2_date_m656)s, %(fp2_time_m656)s, %(fp3_date_m656)s, %(fp3_time_m656)s, %(quali_date_m656)s, %(quali_time_m656)s, %(sprint_date_m656)s, %(sprint_time_m656)s), (%(race_id_m657)s, %(year_m657)s, %(round_m657)s, %(circuit_id_m657)s, %(name_m657)s, %(date_m657)s, %(race_time_m657)s, %(url_m657)s, %(fp1_date_m657)s, %(fp1_time_m657)s, %(fp2_date_m657)s, %(fp2_time_m657)s, %(fp3_date_m657)s, %(fp3_time_m657)s, %(quali_date_m657)s, %(quali_time_m657)s, %(sprint_date_m657)s, %(sprint_time_m657)s), (%(race_id_m658)s, %(year_m658)s, %(round_m658)s, %(circuit_id_m658)s, %(name_m658)s, %(date_m658)s, %(race_time_m658)s, %(url_m658)s, %(fp1_date_m658)s, %(fp1_time_m658)s, %(fp2_date_m658)s, %(fp2_time_m658)s, %(fp3_date_m658)s, %(fp3_time_m658)s, %(quali_date_m658)s, %(quali_time_m658)s, %(sprint_date_m658)s, %(sprint_time_m658)s), (%(race_id_m659)s, %(year_m659)s, %(round_m659)s, %(circuit_id_m659)s, %(name_m659)s, %(date_m659)s, %(race_time_m659)s, %(url_m659)s, %(fp1_date_m659)s, %(fp1_time_m659)s, %(fp2_date_m659)s, %(fp2_time_m659)s, %(fp3_date_m659)s, %(fp3_time_m659)s, %(quali_date_m659)s, %(quali_time_m659)s, %(sprint_date_m659)s, %(sprint_time_m659)s), (%(race_id_m660)s, %(year_m660)s, %(round_m660)s, %(circuit_id_m660)s, %(name_m660)s, %(date_m660)s, %(race_time_m660)s, %(url_m660)s, %(fp1_date_m660)s, %(fp1_time_m660)s, %(fp2_date_m660)s, %(fp2_time_m660)s, %(fp3_date_m660)s, %(fp3_time_m660)s, %(quali_date_m660)s, %(quali_time_m660)s, %(sprint_date_m660)s, %(sprint_time_m660)s), (%(race_id_m661)s, %(year_m661)s, %(round_m661)s, %(circuit_id_m661)s, %(name_m661)s, %(date_m661)s, %(race_time_m661)s, %(url_m661)s, %(fp1_date_m661)s, %(fp1_time_m661)s, %(fp2_date_m661)s, %(fp2_time_m661)s, %(fp3_date_m661)s, %(fp3_time_m661)s, %(quali_date_m661)s, %(quali_time_m661)s, %(sprint_date_m661)s, %(sprint_time_m661)s), (%(race_id_m662)s, %(year_m662)s, %(round_m662)s, %(circuit_id_m662)s, %(name_m662)s, %(date_m662)s, %(race_time_m662)s, %(url_m662)s, %(fp1_date_m662)s, %(fp1_time_m662)s, %(fp2_date_m662)s, %(fp2_time_m662)s, %(fp3_date_m662)s, %(fp3_time_m662)s, %(quali_date_m662)s, %(quali_time_m662)s, %(sprint_date_m662)s, %(sprint_time_m662)s), (%(race_id_m663)s, %(year_m663)s, %(round_m663)s, %(circuit_id_m663)s, %(name_m663)s, %(date_m663)s, %(race_time_m663)s, %(url_m663)s, %(fp1_date_m663)s, %(fp1_time_m663)s, %(fp2_date_m663)s, %(fp2_time_m663)s, %(fp3_date_m663)s, %(fp3_time_m663)s, %(quali_date_m663)s, %(quali_time_m663)s, %(sprint_date_m663)s, %(sprint_time_m663)s), (%(race_id_m664)s, %(year_m664)s, %(round_m664)s, %(circuit_id_m664)s, %(name_m664)s, %(date_m664)s, %(race_time_m664)s, %(url_m664)s, %(fp1_date_m664)s, %(fp1_time_m664)s, %(fp2_date_m664)s, %(fp2_time_m664)s, %(fp3_date_m664)s, %(fp3_time_m664)s, %(quali_date_m664)s, %(quali_time_m664)s, %(sprint_date_m664)s, %(sprint_time_m664)s), (%(race_id_m665)s, %(year_m665)s, %(round_m665)s, %(circuit_id_m665)s, %(name_m665)s, %(date_m665)s, %(race_time_m665)s, %(url_m665)s, %(fp1_date_m665)s, %(fp1_time_m665)s, %(fp2_date_m665)s, %(fp2_time_m665)s, %(fp3_date_m665)s, %(fp3_time_m665)s, %(quali_date_m665)s, %(quali_time_m665)s, %(sprint_date_m665)s, %(sprint_time_m665)s), (%(race_id_m666)s, %(year_m666)s, %(round_m666)s, %(circuit_id_m666)s, %(name_m666)s, %(date_m666)s, %(race_time_m666)s, %(url_m666)s, %(fp1_date_m666)s, %(fp1_time_m666)s, %(fp2_date_m666)s, %(fp2_time_m666)s, %(fp3_date_m666)s, %(fp3_time_m666)s, %(quali_date_m666)s, %(quali_time_m666)s, %(sprint_date_m666)s, %(sprint_time_m666)s), (%(race_id_m667)s, %(year_m667)s, %(round_m667)s, %(circuit_id_m667)s, %(name_m667)s, %(date_m667)s, %(race_time_m667)s, %(url_m667)s, %(fp1_date_m667)s, %(fp1_time_m667)s, %(fp2_date_m667)s, %(fp2_time_m667)s, %(fp3_date_m667)s, %(fp3_time_m667)s, %(quali_date_m667)s, %(quali_time_m667)s, %(sprint_date_m667)s, %(sprint_time_m667)s), (%(race_id_m668)s, %(year_m668)s, %(round_m668)s, %(circuit_id_m668)s, %(name_m668)s, %(date_m668)s, %(race_time_m668)s, %(url_m668)s, %(fp1_date_m668)s, %(fp1_time_m668)s, %(fp2_date_m668)s, %(fp2_time_m668)s, %(fp3_date_m668)s, %(fp3_time_m668)s, %(quali_date_m668)s, %(quali_time_m668)s, %(sprint_date_m668)s, %(sprint_time_m668)s), (%(race_id_m669)s, %(year_m669)s, %(round_m669)s, %(circuit_id_m669)s, %(name_m669)s, %(date_m669)s, %(race_time_m669)s, %(url_m669)s, %(fp1_date_m669)s, %(fp1_time_m669)s, %(fp2_date_m669)s, %(fp2_time_m669)s, %(fp3_date_m669)s, %(fp3_time_m669)s, %(quali_date_m669)s, %(quali_time_m669)s, %(sprint_date_m669)s, %(sprint_time_m669)s), (%(race_id_m670)s, %(year_m670)s, %(round_m670)s, %(circuit_id_m670)s, %(name_m670)s, %(date_m670)s, %(race_time_m670)s, %(url_m670)s, %(fp1_date_m670)s, %(fp1_time_m670)s, %(fp2_date_m670)s, %(fp2_time_m670)s, %(fp3_date_m670)s, %(fp3_time_m670)s, %(quali_date_m670)s, %(quali_time_m670)s, %(sprint_date_m670)s, %(sprint_time_m670)s), (%(race_id_m671)s, %(year_m671)s, %(round_m671)s, %(circuit_id_m671)s, %(name_m671)s, %(date_m671)s, %(race_time_m671)s, %(url_m671)s, %(fp1_date_m671)s, %(fp1_time_m671)s, %(fp2_date_m671)s, %(fp2_time_m671)s, %(fp3_date_m671)s, %(fp3_time_m671)s, %(quali_date_m671)s, %(quali_time_m671)s, %(sprint_date_m671)s, %(sprint_time_m671)s), (%(race_id_m672)s, %(year_m672)s, %(round_m672)s, %(circuit_id_m672)s, %(name_m672)s, %(date_m672)s, %(race_time_m672)s, %(url_m672)s, %(fp1_date_m672)s, %(fp1_time_m672)s, %(fp2_date_m672)s, %(fp2_time_m672)s, %(fp3_date_m672)s, %(fp3_time_m672)s, %(quali_date_m672)s, %(quali_time_m672)s, %(sprint_date_m672)s, %(sprint_time_m672)s), (%(race_id_m673)s, %(year_m673)s, %(round_m673)s, %(circuit_id_m673)s, %(name_m673)s, %(date_m673)s, %(race_time_m673)s, %(url_m673)s, %(fp1_date_m673)s, %(fp1_time_m673)s, %(fp2_date_m673)s, %(fp2_time_m673)s, %(fp3_date_m673)s, %(fp3_time_m673)s, %(quali_date_m673)s, %(quali_time_m673)s, %(sprint_date_m673)s, %(sprint_time_m673)s), (%(race_id_m674)s, %(year_m674)s, %(round_m674)s, %(circuit_id_m674)s, %(name_m674)s, %(date_m674)s, %(race_time_m674)s, %(url_m674)s, %(fp1_date_m674)s, %(fp1_time_m674)s, %(fp2_date_m674)s, %(fp2_time_m674)s, %(fp3_date_m674)s, %(fp3_time_m674)s, %(quali_date_m674)s, %(quali_time_m674)s, %(sprint_date_m674)s, %(sprint_time_m674)s), (%(race_id_m675)s, %(year_m675)s, %(round_m675)s, %(circuit_id_m675)s, %(name_m675)s, %(date_m675)s, %(race_time_m675)s, %(url_m675)s, %(fp1_date_m675)s, %(fp1_time_m675)s, %(fp2_date_m675)s, %(fp2_time_m675)s, %(fp3_date_m675)s, %(fp3_time_m675)s, %(quali_date_m675)s, %(quali_time_m675)s, %(sprint_date_m675)s, %(sprint_time_m675)s), (%(race_id_m676)s, %(year_m676)s, %(round_m676)s, %(circuit_id_m676)s, %(name_m676)s, %(date_m676)s, %(race_time_m676)s, %(url_m676)s, %(fp1_date_m676)s, %(fp1_time_m676)s, %(fp2_date_m676)s, %(fp2_time_m676)s, %(fp3_date_m676)s, %(fp3_time_m676)s, %(quali_date_m676)s, %(quali_time_m676)s, %(sprint_date_m676)s, %(sprint_time_m676)s), (%(race_id_m677)s, %(year_m677)s, %(round_m677)s, %(circuit_id_m677)s, %(name_m677)s, %(date_m677)s, %(race_time_m677)s, %(url_m677)s, %(fp1_date_m677)s, %(fp1_time_m677)s, %(fp2_date_m677)s, %(fp2_time_m677)s, %(fp3_date_m677)s, %(fp3_time_m677)s, %(quali_date_m677)s, %(quali_time_m677)s, %(sprint_date_m677)s, %(sprint_time_m677)s), (%(race_id_m678)s, %(year_m678)s, %(round_m678)s, %(circuit_id_m678)s, %(name_m678)s, %(date_m678)s, %(race_time_m678)s, %(url_m678)s, %(fp1_date_m678)s, %(fp1_time_m678)s, %(fp2_date_m678)s, %(fp2_time_m678)s, %(fp3_date_m678)s, %(fp3_time_m678)s, %(quali_date_m678)s, %(quali_time_m678)s, %(sprint_date_m678)s, %(sprint_time_m678)s), (%(race_id_m679)s, %(year_m679)s, %(round_m679)s, %(circuit_id_m679)s, %(name_m679)s, %(date_m679)s, %(race_time_m679)s, %(url_m679)s, %(fp1_date_m679)s, %(fp1_time_m679)s, %(fp2_date_m679)s, %(fp2_time_m679)s, %(fp3_date_m679)s, %(fp3_time_m679)s, %(quali_date_m679)s, %(quali_time_m679)s, %(sprint_date_m679)s, %(sprint_time_m679)s), (%(race_id_m680)s, %(year_m680)s, %(round_m680)s, %(circuit_id_m680)s, %(name_m680)s, %(date_m680)s, %(race_time_m680)s, %(url_m680)s, %(fp1_date_m680)s, %(fp1_time_m680)s, %(fp2_date_m680)s, %(fp2_time_m680)s, %(fp3_date_m680)s, %(fp3_time_m680)s, %(quali_date_m680)s, %(quali_time_m680)s, %(sprint_date_m680)s, %(sprint_time_m680)s), (%(race_id_m681)s, %(year_m681)s, %(round_m681)s, %(circuit_id_m681)s, %(name_m681)s, %(date_m681)s, %(race_time_m681)s, %(url_m681)s, %(fp1_date_m681)s, %(fp1_time_m681)s, %(fp2_date_m681)s, %(fp2_time_m681)s, %(fp3_date_m681)s, %(fp3_time_m681)s, %(quali_date_m681)s, %(quali_time_m681)s, %(sprint_date_m681)s, %(sprint_time_m681)s), (%(race_id_m682)s, %(year_m682)s, %(round_m682)s, %(circuit_id_m682)s, %(name_m682)s, %(date_m682)s, %(race_time_m682)s, %(url_m682)s, %(fp1_date_m682)s, %(fp1_time_m682)s, %(fp2_date_m682)s, %(fp2_time_m682)s, %(fp3_date_m682)s, %(fp3_time_m682)s, %(quali_date_m682)s, %(quali_time_m682)s, %(sprint_date_m682)s, %(sprint_time_m682)s), (%(race_id_m683)s, %(year_m683)s, %(round_m683)s, %(circuit_id_m683)s, %(name_m683)s, %(date_m683)s, %(race_time_m683)s, %(url_m683)s, %(fp1_date_m683)s, %(fp1_time_m683)s, %(fp2_date_m683)s, %(fp2_time_m683)s, %(fp3_date_m683)s, %(fp3_time_m683)s, %(quali_date_m683)s, %(quali_time_m683)s, %(sprint_date_m683)s, %(sprint_time_m683)s), (%(race_id_m684)s, %(year_m684)s, %(round_m684)s, %(circuit_id_m684)s, %(name_m684)s, %(date_m684)s, %(race_time_m684)s, %(url_m684)s, %(fp1_date_m684)s, %(fp1_time_m684)s, %(fp2_date_m684)s, %(fp2_time_m684)s, %(fp3_date_m684)s, %(fp3_time_m684)s, %(quali_date_m684)s, %(quali_time_m684)s, %(sprint_date_m684)s, %(sprint_time_m684)s), (%(race_id_m685)s, %(year_m685)s, %(round_m685)s, %(circuit_id_m685)s, %(name_m685)s, %(date_m685)s, %(race_time_m685)s, %(url_m685)s, %(fp1_date_m685)s, %(fp1_time_m685)s, %(fp2_date_m685)s, %(fp2_time_m685)s, %(fp3_date_m685)s, %(fp3_time_m685)s, %(quali_date_m685)s, %(quali_time_m685)s, %(sprint_date_m685)s, %(sprint_time_m685)s), (%(race_id_m686)s, %(year_m686)s, %(round_m686)s, %(circuit_id_m686)s, %(name_m686)s, %(date_m686)s, %(race_time_m686)s, %(url_m686)s, %(fp1_date_m686)s, %(fp1_time_m686)s, %(fp2_date_m686)s, %(fp2_time_m686)s, %(fp3_date_m686)s, %(fp3_time_m686)s, %(quali_date_m686)s, %(quali_time_m686)s, %(sprint_date_m686)s, %(sprint_time_m686)s), (%(race_id_m687)s, %(year_m687)s, %(round_m687)s, %(circuit_id_m687)s, %(name_m687)s, %(date_m687)s, %(race_time_m687)s, %(url_m687)s, %(fp1_date_m687)s, %(fp1_time_m687)s, %(fp2_date_m687)s, %(fp2_time_m687)s, %(fp3_date_m687)s, %(fp3_time_m687)s, %(quali_date_m687)s, %(quali_time_m687)s, %(sprint_date_m687)s, %(sprint_time_m687)s), (%(race_id_m688)s, %(year_m688)s, %(round_m688)s, %(circuit_id_m688)s, %(name_m688)s, %(date_m688)s, %(race_time_m688)s, %(url_m688)s, %(fp1_date_m688)s, %(fp1_time_m688)s, %(fp2_date_m688)s, %(fp2_time_m688)s, %(fp3_date_m688)s, %(fp3_time_m688)s, %(quali_date_m688)s, %(quali_time_m688)s, %(sprint_date_m688)s, %(sprint_time_m688)s), (%(race_id_m689)s, %(year_m689)s, %(round_m689)s, %(circuit_id_m689)s, %(name_m689)s, %(date_m689)s, %(race_time_m689)s, %(url_m689)s, %(fp1_date_m689)s, %(fp1_time_m689)s, %(fp2_date_m689)s, %(fp2_time_m689)s, %(fp3_date_m689)s, %(fp3_time_m689)s, %(quali_date_m689)s, %(quali_time_m689)s, %(sprint_date_m689)s, %(sprint_time_m689)s), (%(race_id_m690)s, %(year_m690)s, %(round_m690)s, %(circuit_id_m690)s, %(name_m690)s, %(date_m690)s, %(race_time_m690)s, %(url_m690)s, %(fp1_date_m690)s, %(fp1_time_m690)s, %(fp2_date_m690)s, %(fp2_time_m690)s, %(fp3_date_m690)s, %(fp3_time_m690)s, %(quali_date_m690)s, %(quali_time_m690)s, %(sprint_date_m690)s, %(sprint_time_m690)s), (%(race_id_m691)s, %(year_m691)s, %(round_m691)s, %(circuit_id_m691)s, %(name_m691)s, %(date_m691)s, %(race_time_m691)s, %(url_m691)s, %(fp1_date_m691)s, %(fp1_time_m691)s, %(fp2_date_m691)s, %(fp2_time_m691)s, %(fp3_date_m691)s, %(fp3_time_m691)s, %(quali_date_m691)s, %(quali_time_m691)s, %(sprint_date_m691)s, %(sprint_time_m691)s), (%(race_id_m692)s, %(year_m692)s, %(round_m692)s, %(circuit_id_m692)s, %(name_m692)s, %(date_m692)s, %(race_time_m692)s, %(url_m692)s, %(fp1_date_m692)s, %(fp1_time_m692)s, %(fp2_date_m692)s, %(fp2_time_m692)s, %(fp3_date_m692)s, %(fp3_time_m692)s, %(quali_date_m692)s, %(quali_time_m692)s, %(sprint_date_m692)s, %(sprint_time_m692)s), (%(race_id_m693)s, %(year_m693)s, %(round_m693)s, %(circuit_id_m693)s, %(name_m693)s, %(date_m693)s, %(race_time_m693)s, %(url_m693)s, %(fp1_date_m693)s, %(fp1_time_m693)s, %(fp2_date_m693)s, %(fp2_time_m693)s, %(fp3_date_m693)s, %(fp3_time_m693)s, %(quali_date_m693)s, %(quali_time_m693)s, %(sprint_date_m693)s, %(sprint_time_m693)s), (%(race_id_m694)s, %(year_m694)s, %(round_m694)s, %(circuit_id_m694)s, %(name_m694)s, %(date_m694)s, %(race_time_m694)s, %(url_m694)s, %(fp1_date_m694)s, %(fp1_time_m694)s, %(fp2_date_m694)s, %(fp2_time_m694)s, %(fp3_date_m694)s, %(fp3_time_m694)s, %(quali_date_m694)s, %(quali_time_m694)s, %(sprint_date_m694)s, %(sprint_time_m694)s), (%(race_id_m695)s, %(year_m695)s, %(round_m695)s, %(circuit_id_m695)s, %(name_m695)s, %(date_m695)s, %(race_time_m695)s, %(url_m695)s, %(fp1_date_m695)s, %(fp1_time_m695)s, %(fp2_date_m695)s, %(fp2_time_m695)s, %(fp3_date_m695)s, %(fp3_time_m695)s, %(quali_date_m695)s, %(quali_time_m695)s, %(sprint_date_m695)s, %(sprint_time_m695)s), (%(race_id_m696)s, %(year_m696)s, %(round_m696)s, %(circuit_id_m696)s, %(name_m696)s, %(date_m696)s, %(race_time_m696)s, %(url_m696)s, %(fp1_date_m696)s, %(fp1_time_m696)s, %(fp2_date_m696)s, %(fp2_time_m696)s, %(fp3_date_m696)s, %(fp3_time_m696)s, %(quali_date_m696)s, %(quali_time_m696)s, %(sprint_date_m696)s, %(sprint_time_m696)s), (%(race_id_m697)s, %(year_m697)s, %(round_m697)s, %(circuit_id_m697)s, %(name_m697)s, %(date_m697)s, %(race_time_m697)s, %(url_m697)s, %(fp1_date_m697)s, %(fp1_time_m697)s, %(fp2_date_m697)s, %(fp2_time_m697)s, %(fp3_date_m697)s, %(fp3_time_m697)s, %(quali_date_m697)s, %(quali_time_m697)s, %(sprint_date_m697)s, %(sprint_time_m697)s), (%(race_id_m698)s, %(year_m698)s, %(round_m698)s, %(circuit_id_m698)s, %(name_m698)s, %(date_m698)s, %(race_time_m698)s, %(url_m698)s, %(fp1_date_m698)s, %(fp1_time_m698)s, %(fp2_date_m698)s, %(fp2_time_m698)s, %(fp3_date_m698)s, %(fp3_time_m698)s, %(quali_date_m698)s, %(quali_time_m698)s, %(sprint_date_m698)s, %(sprint_time_m698)s), (%(race_id_m699)s, %(year_m699)s, %(round_m699)s, %(circuit_id_m699)s, %(name_m699)s, %(date_m699)s, %(race_time_m699)s, %(url_m699)s, %(fp1_date_m699)s, %(fp1_time_m699)s, %(fp2_date_m699)s, %(fp2_time_m699)s, %(fp3_date_m699)s, %(fp3_time_m699)s, %(quali_date_m699)s, %(quali_time_m699)s, %(sprint_date_m699)s, %(sprint_time_m699)s), (%(race_id_m700)s, %(year_m700)s, %(round_m700)s, %(circuit_id_m700)s, %(name_m700)s, %(date_m700)s, %(race_time_m700)s, %(url_m700)s, %(fp1_date_m700)s, %(fp1_time_m700)s, %(fp2_date_m700)s, %(fp2_time_m700)s, %(fp3_date_m700)s, %(fp3_time_m700)s, %(quali_date_m700)s, %(quali_time_m700)s, %(sprint_date_m700)s, %(sprint_time_m700)s), (%(race_id_m701)s, %(year_m701)s, %(round_m701)s, %(circuit_id_m701)s, %(name_m701)s, %(date_m701)s, %(race_time_m701)s, %(url_m701)s, %(fp1_date_m701)s, %(fp1_time_m701)s, %(fp2_date_m701)s, %(fp2_time_m701)s, %(fp3_date_m701)s, %(fp3_time_m701)s, %(quali_date_m701)s, %(quali_time_m701)s, %(sprint_date_m701)s, %(sprint_time_m701)s), (%(race_id_m702)s, %(year_m702)s, %(round_m702)s, %(circuit_id_m702)s, %(name_m702)s, %(date_m702)s, %(race_time_m702)s, %(url_m702)s, %(fp1_date_m702)s, %(fp1_time_m702)s, %(fp2_date_m702)s, %(fp2_time_m702)s, %(fp3_date_m702)s, %(fp3_time_m702)s, %(quali_date_m702)s, %(quali_time_m702)s, %(sprint_date_m702)s, %(sprint_time_m702)s), (%(race_id_m703)s, %(year_m703)s, %(round_m703)s, %(circuit_id_m703)s, %(name_m703)s, %(date_m703)s, %(race_time_m703)s, %(url_m703)s, %(fp1_date_m703)s, %(fp1_time_m703)s, %(fp2_date_m703)s, %(fp2_time_m703)s, %(fp3_date_m703)s, %(fp3_time_m703)s, %(quali_date_m703)s, %(quali_time_m703)s, %(sprint_date_m703)s, %(sprint_time_m703)s), (%(race_id_m704)s, %(year_m704)s, %(round_m704)s, %(circuit_id_m704)s, %(name_m704)s, %(date_m704)s, %(race_time_m704)s, %(url_m704)s, %(fp1_date_m704)s, %(fp1_time_m704)s, %(fp2_date_m704)s, %(fp2_time_m704)s, %(fp3_date_m704)s, %(fp3_time_m704)s, %(quali_date_m704)s, %(quali_time_m704)s, %(sprint_date_m704)s, %(sprint_time_m704)s), (%(race_id_m705)s, %(year_m705)s, %(round_m705)s, %(circuit_id_m705)s, %(name_m705)s, %(date_m705)s, %(race_time_m705)s, %(url_m705)s, %(fp1_date_m705)s, %(fp1_time_m705)s, %(fp2_date_m705)s, %(fp2_time_m705)s, %(fp3_date_m705)s, %(fp3_time_m705)s, %(quali_date_m705)s, %(quali_time_m705)s, %(sprint_date_m705)s, %(sprint_time_m705)s), (%(race_id_m706)s, %(year_m706)s, %(round_m706)s, %(circuit_id_m706)s, %(name_m706)s, %(date_m706)s, %(race_time_m706)s, %(url_m706)s, %(fp1_date_m706)s, %(fp1_time_m706)s, %(fp2_date_m706)s, %(fp2_time_m706)s, %(fp3_date_m706)s, %(fp3_time_m706)s, %(quali_date_m706)s, %(quali_time_m706)s, %(sprint_date_m706)s, %(sprint_time_m706)s), (%(race_id_m707)s, %(year_m707)s, %(round_m707)s, %(circuit_id_m707)s, %(name_m707)s, %(date_m707)s, %(race_time_m707)s, %(url_m707)s, %(fp1_date_m707)s, %(fp1_time_m707)s, %(fp2_date_m707)s, %(fp2_time_m707)s, %(fp3_date_m707)s, %(fp3_time_m707)s, %(quali_date_m707)s, %(quali_time_m707)s, %(sprint_date_m707)s, %(sprint_time_m707)s), (%(race_id_m708)s, %(year_m708)s, %(round_m708)s, %(circuit_id_m708)s, %(name_m708)s, %(date_m708)s, %(race_time_m708)s, %(url_m708)s, %(fp1_date_m708)s, %(fp1_time_m708)s, %(fp2_date_m708)s, %(fp2_time_m708)s, %(fp3_date_m708)s, %(fp3_time_m708)s, %(quali_date_m708)s, %(quali_time_m708)s, %(sprint_date_m708)s, %(sprint_time_m708)s), (%(race_id_m709)s, %(year_m709)s, %(round_m709)s, %(circuit_id_m709)s, %(name_m709)s, %(date_m709)s, %(race_time_m709)s, %(url_m709)s, %(fp1_date_m709)s, %(fp1_time_m709)s, %(fp2_date_m709)s, %(fp2_time_m709)s, %(fp3_date_m709)s, %(fp3_time_m709)s, %(quali_date_m709)s, %(quali_time_m709)s, %(sprint_date_m709)s, %(sprint_time_m709)s), (%(race_id_m710)s, %(year_m710)s, %(round_m710)s, %(circuit_id_m710)s, %(name_m710)s, %(date_m710)s, %(race_time_m710)s, %(url_m710)s, %(fp1_date_m710)s, %(fp1_time_m710)s, %(fp2_date_m710)s, %(fp2_time_m710)s, %(fp3_date_m710)s, %(fp3_time_m710)s, %(quali_date_m710)s, %(quali_time_m710)s, %(sprint_date_m710)s, %(sprint_time_m710)s), (%(race_id_m711)s, %(year_m711)s, %(round_m711)s, %(circuit_id_m711)s, %(name_m711)s, %(date_m711)s, %(race_time_m711)s, %(url_m711)s, %(fp1_date_m711)s, %(fp1_time_m711)s, %(fp2_date_m711)s, %(fp2_time_m711)s, %(fp3_date_m711)s, %(fp3_time_m711)s, %(quali_date_m711)s, %(quali_time_m711)s, %(sprint_date_m711)s, %(sprint_time_m711)s), (%(race_id_m712)s, %(year_m712)s, %(round_m712)s, %(circuit_id_m712)s, %(name_m712)s, %(date_m712)s, %(race_time_m712)s, %(url_m712)s, %(fp1_date_m712)s, %(fp1_time_m712)s, %(fp2_date_m712)s, %(fp2_time_m712)s, %(fp3_date_m712)s, %(fp3_time_m712)s, %(quali_date_m712)s, %(quali_time_m712)s, %(sprint_date_m712)s, %(sprint_time_m712)s), (%(race_id_m713)s, %(year_m713)s, %(round_m713)s, %(circuit_id_m713)s, %(name_m713)s, %(date_m713)s, %(race_time_m713)s, %(url_m713)s, %(fp1_date_m713)s, %(fp1_time_m713)s, %(fp2_date_m713)s, %(fp2_time_m713)s, %(fp3_date_m713)s, %(fp3_time_m713)s, %(quali_date_m713)s, %(quali_time_m713)s, %(sprint_date_m713)s, %(sprint_time_m713)s), (%(race_id_m714)s, %(year_m714)s, %(round_m714)s, %(circuit_id_m714)s, %(name_m714)s, %(date_m714)s, %(race_time_m714)s, %(url_m714)s, %(fp1_date_m714)s, %(fp1_time_m714)s, %(fp2_date_m714)s, %(fp2_time_m714)s, %(fp3_date_m714)s, %(fp3_time_m714)s, %(quali_date_m714)s, %(quali_time_m714)s, %(sprint_date_m714)s, %(sprint_time_m714)s), (%(race_id_m715)s, %(year_m715)s, %(round_m715)s, %(circuit_id_m715)s, %(name_m715)s, %(date_m715)s, %(race_time_m715)s, %(url_m715)s, %(fp1_date_m715)s, %(fp1_time_m715)s, %(fp2_date_m715)s, %(fp2_time_m715)s, %(fp3_date_m715)s, %(fp3_time_m715)s, %(quali_date_m715)s, %(quali_time_m715)s, %(sprint_date_m715)s, %(sprint_time_m715)s), (%(race_id_m716)s, %(year_m716)s, %(round_m716)s, %(circuit_id_m716)s, %(name_m716)s, %(date_m716)s, %(race_time_m716)s, %(url_m716)s, %(fp1_date_m716)s, %(fp1_time_m716)s, %(fp2_date_m716)s, %(fp2_time_m716)s, %(fp3_date_m716)s, %(fp3_time_m716)s, %(quali_date_m716)s, %(quali_time_m716)s, %(sprint_date_m716)s, %(sprint_time_m716)s), (%(race_id_m717)s, %(year_m717)s, %(round_m717)s, %(circuit_id_m717)s, %(name_m717)s, %(date_m717)s, %(race_time_m717)s, %(url_m717)s, %(fp1_date_m717)s, %(fp1_time_m717)s, %(fp2_date_m717)s, %(fp2_time_m717)s, %(fp3_date_m717)s, %(fp3_time_m717)s, %(quali_date_m717)s, %(quali_time_m717)s, %(sprint_date_m717)s, %(sprint_time_m717)s), (%(race_id_m718)s, %(year_m718)s, %(round_m718)s, %(circuit_id_m718)s, %(name_m718)s, %(date_m718)s, %(race_time_m718)s, %(url_m718)s, %(fp1_date_m718)s, %(fp1_time_m718)s, %(fp2_date_m718)s, %(fp2_time_m718)s, %(fp3_date_m718)s, %(fp3_time_m718)s, %(quali_date_m718)s, %(quali_time_m718)s, %(sprint_date_m718)s, %(sprint_time_m718)s), (%(race_id_m719)s, %(year_m719)s, %(round_m719)s, %(circuit_id_m719)s, %(name_m719)s, %(date_m719)s, %(race_time_m719)s, %(url_m719)s, %(fp1_date_m719)s, %(fp1_time_m719)s, %(fp2_date_m719)s, %(fp2_time_m719)s, %(fp3_date_m719)s, %(fp3_time_m719)s, %(quali_date_m719)s, %(quali_time_m719)s, %(sprint_date_m719)s, %(sprint_time_m719)s), (%(race_id_m720)s, %(year_m720)s, %(round_m720)s, %(circuit_id_m720)s, %(name_m720)s, %(date_m720)s, %(race_time_m720)s, %(url_m720)s, %(fp1_date_m720)s, %(fp1_time_m720)s, %(fp2_date_m720)s, %(fp2_time_m720)s, %(fp3_date_m720)s, %(fp3_time_m720)s, %(quali_date_m720)s, %(quali_time_m720)s, %(sprint_date_m720)s, %(sprint_time_m720)s), (%(race_id_m721)s, %(year_m721)s, %(round_m721)s, %(circuit_id_m721)s, %(name_m721)s, %(date_m721)s, %(race_time_m721)s, %(url_m721)s, %(fp1_date_m721)s, %(fp1_time_m721)s, %(fp2_date_m721)s, %(fp2_time_m721)s, %(fp3_date_m721)s, %(fp3_time_m721)s, %(quali_date_m721)s, %(quali_time_m721)s, %(sprint_date_m721)s, %(sprint_time_m721)s), (%(race_id_m722)s, %(year_m722)s, %(round_m722)s, %(circuit_id_m722)s, %(name_m722)s, %(date_m722)s, %(race_time_m722)s, %(url_m722)s, %(fp1_date_m722)s, %(fp1_time_m722)s, %(fp2_date_m722)s, %(fp2_time_m722)s, %(fp3_date_m722)s, %(fp3_time_m722)s, %(quali_date_m722)s, %(quali_time_m722)s, %(sprint_date_m722)s, %(sprint_time_m722)s), (%(race_id_m723)s, %(year_m723)s, %(round_m723)s, %(circuit_id_m723)s, %(name_m723)s, %(date_m723)s, %(race_time_m723)s, %(url_m723)s, %(fp1_date_m723)s, %(fp1_time_m723)s, %(fp2_date_m723)s, %(fp2_time_m723)s, %(fp3_date_m723)s, %(fp3_time_m723)s, %(quali_date_m723)s, %(quali_time_m723)s, %(sprint_date_m723)s, %(sprint_time_m723)s), (%(race_id_m724)s, %(year_m724)s, %(round_m724)s, %(circuit_id_m724)s, %(name_m724)s, %(date_m724)s, %(race_time_m724)s, %(url_m724)s, %(fp1_date_m724)s, %(fp1_time_m724)s, %(fp2_date_m724)s, %(fp2_time_m724)s, %(fp3_date_m724)s, %(fp3_time_m724)s, %(quali_date_m724)s, %(quali_time_m724)s, %(sprint_date_m724)s, %(sprint_time_m724)s), (%(race_id_m725)s, %(year_m725)s, %(round_m725)s, %(circuit_id_m725)s, %(name_m725)s, %(date_m725)s, %(race_time_m725)s, %(url_m725)s, %(fp1_date_m725)s, %(fp1_time_m725)s, %(fp2_date_m725)s, %(fp2_time_m725)s, %(fp3_date_m725)s, %(fp3_time_m725)s, %(quali_date_m725)s, %(quali_time_m725)s, %(sprint_date_m725)s, %(sprint_time_m725)s), (%(race_id_m726)s, %(year_m726)s, %(round_m726)s, %(circuit_id_m726)s, %(name_m726)s, %(date_m726)s, %(race_time_m726)s, %(url_m726)s, %(fp1_date_m726)s, %(fp1_time_m726)s, %(fp2_date_m726)s, %(fp2_time_m726)s, %(fp3_date_m726)s, %(fp3_time_m726)s, %(quali_date_m726)s, %(quali_time_m726)s, %(sprint_date_m726)s, %(sprint_time_m726)s), (%(race_id_m727)s, %(year_m727)s, %(round_m727)s, %(circuit_id_m727)s, %(name_m727)s, %(date_m727)s, %(race_time_m727)s, %(url_m727)s, %(fp1_date_m727)s, %(fp1_time_m727)s, %(fp2_date_m727)s, %(fp2_time_m727)s, %(fp3_date_m727)s, %(fp3_time_m727)s, %(quali_date_m727)s, %(quali_time_m727)s, %(sprint_date_m727)s, %(sprint_time_m727)s), (%(race_id_m728)s, %(year_m728)s, %(round_m728)s, %(circuit_id_m728)s, %(name_m728)s, %(date_m728)s, %(race_time_m728)s, %(url_m728)s, %(fp1_date_m728)s, %(fp1_time_m728)s, %(fp2_date_m728)s, %(fp2_time_m728)s, %(fp3_date_m728)s, %(fp3_time_m728)s, %(quali_date_m728)s, %(quali_time_m728)s, %(sprint_date_m728)s, %(sprint_time_m728)s), (%(race_id_m729)s, %(year_m729)s, %(round_m729)s, %(circuit_id_m729)s, %(name_m729)s, %(date_m729)s, %(race_time_m729)s, %(url_m729)s, %(fp1_date_m729)s, %(fp1_time_m729)s, %(fp2_date_m729)s, %(fp2_time_m729)s, %(fp3_date_m729)s, %(fp3_time_m729)s, %(quali_date_m729)s, %(quali_time_m729)s, %(sprint_date_m729)s, %(sprint_time_m729)s), (%(race_id_m730)s, %(year_m730)s, %(round_m730)s, %(circuit_id_m730)s, %(name_m730)s, %(date_m730)s, %(race_time_m730)s, %(url_m730)s, %(fp1_date_m730)s, %(fp1_time_m730)s, %(fp2_date_m730)s, %(fp2_time_m730)s, %(fp3_date_m730)s, %(fp3_time_m730)s, %(quali_date_m730)s, %(quali_time_m730)s, %(sprint_date_m730)s, %(sprint_time_m730)s), (%(race_id_m731)s, %(year_m731)s, %(round_m731)s, %(circuit_id_m731)s, %(name_m731)s, %(date_m731)s, %(race_time_m731)s, %(url_m731)s, %(fp1_date_m731)s, %(fp1_time_m731)s, %(fp2_date_m731)s, %(fp2_time_m731)s, %(fp3_date_m731)s, %(fp3_time_m731)s, %(quali_date_m731)s, %(quali_time_m731)s, %(sprint_date_m731)s, %(sprint_time_m731)s), (%(race_id_m732)s, %(year_m732)s, %(round_m732)s, %(circuit_id_m732)s, %(name_m732)s, %(date_m732)s, %(race_time_m732)s, %(url_m732)s, %(fp1_date_m732)s, %(fp1_time_m732)s, %(fp2_date_m732)s, %(fp2_time_m732)s, %(fp3_date_m732)s, %(fp3_time_m732)s, %(quali_date_m732)s, %(quali_time_m732)s, %(sprint_date_m732)s, %(sprint_time_m732)s), (%(race_id_m733)s, %(year_m733)s, %(round_m733)s, %(circuit_id_m733)s, %(name_m733)s, %(date_m733)s, %(race_time_m733)s, %(url_m733)s, %(fp1_date_m733)s, %(fp1_time_m733)s, %(fp2_date_m733)s, %(fp2_time_m733)s, %(fp3_date_m733)s, %(fp3_time_m733)s, %(quali_date_m733)s, %(quali_time_m733)s, %(sprint_date_m733)s, %(sprint_time_m733)s), (%(race_id_m734)s, %(year_m734)s, %(round_m734)s, %(circuit_id_m734)s, %(name_m734)s, %(date_m734)s, %(race_time_m734)s, %(url_m734)s, %(fp1_date_m734)s, %(fp1_time_m734)s, %(fp2_date_m734)s, %(fp2_time_m734)s, %(fp3_date_m734)s, %(fp3_time_m734)s, %(quali_date_m734)s, %(quali_time_m734)s, %(sprint_date_m734)s, %(sprint_time_m734)s), (%(race_id_m735)s, %(year_m735)s, %(round_m735)s, %(circuit_id_m735)s, %(name_m735)s, %(date_m735)s, %(race_time_m735)s, %(url_m735)s, %(fp1_date_m735)s, %(fp1_time_m735)s, %(fp2_date_m735)s, %(fp2_time_m735)s, %(fp3_date_m735)s, %(fp3_time_m735)s, %(quali_date_m735)s, %(quali_time_m735)s, %(sprint_date_m735)s, %(sprint_time_m735)s), (%(race_id_m736)s, %(year_m736)s, %(round_m736)s, %(circuit_id_m736)s, %(name_m736)s, %(date_m736)s, %(race_time_m736)s, %(url_m736)s, %(fp1_date_m736)s, %(fp1_time_m736)s, %(fp2_date_m736)s, %(fp2_time_m736)s, %(fp3_date_m736)s, %(fp3_time_m736)s, %(quali_date_m736)s, %(quali_time_m736)s, %(sprint_date_m736)s, %(sprint_time_m736)s), (%(race_id_m737)s, %(year_m737)s, %(round_m737)s, %(circuit_id_m737)s, %(name_m737)s, %(date_m737)s, %(race_time_m737)s, %(url_m737)s, %(fp1_date_m737)s, %(fp1_time_m737)s, %(fp2_date_m737)s, %(fp2_time_m737)s, %(fp3_date_m737)s, %(fp3_time_m737)s, %(quali_date_m737)s, %(quali_time_m737)s, %(sprint_date_m737)s, %(sprint_time_m737)s), (%(race_id_m738)s, %(year_m738)s, %(round_m738)s, %(circuit_id_m738)s, %(name_m738)s, %(date_m738)s, %(race_time_m738)s, %(url_m738)s, %(fp1_date_m738)s, %(fp1_time_m738)s, %(fp2_date_m738)s, %(fp2_time_m738)s, %(fp3_date_m738)s, %(fp3_time_m738)s, %(quali_date_m738)s, %(quali_time_m738)s, %(sprint_date_m738)s, %(sprint_time_m738)s), (%(race_id_m739)s, %(year_m739)s, %(round_m739)s, %(circuit_id_m739)s, %(name_m739)s, %(date_m739)s, %(race_time_m739)s, %(url_m739)s, %(fp1_date_m739)s, %(fp1_time_m739)s, %(fp2_date_m739)s, %(fp2_time_m739)s, %(fp3_date_m739)s, %(fp3_time_m739)s, %(quali_date_m739)s, %(quali_time_m739)s, %(sprint_date_m739)s, %(sprint_time_m739)s), (%(race_id_m740)s, %(year_m740)s, %(round_m740)s, %(circuit_id_m740)s, %(name_m740)s, %(date_m740)s, %(race_time_m740)s, %(url_m740)s, %(fp1_date_m740)s, %(fp1_time_m740)s, %(fp2_date_m740)s, %(fp2_time_m740)s, %(fp3_date_m740)s, %(fp3_time_m740)s, %(quali_date_m740)s, %(quali_time_m740)s, %(sprint_date_m740)s, %(sprint_time_m740)s), (%(race_id_m741)s, %(year_m741)s, %(round_m741)s, %(circuit_id_m741)s, %(name_m741)s, %(date_m741)s, %(race_time_m741)s, %(url_m741)s, %(fp1_date_m741)s, %(fp1_time_m741)s, %(fp2_date_m741)s, %(fp2_time_m741)s, %(fp3_date_m741)s, %(fp3_time_m741)s, %(quali_date_m741)s, %(quali_time_m741)s, %(sprint_date_m741)s, %(sprint_time_m741)s), (%(race_id_m742)s, %(year_m742)s, %(round_m742)s, %(circuit_id_m742)s, %(name_m742)s, %(date_m742)s, %(race_time_m742)s, %(url_m742)s, %(fp1_date_m742)s, %(fp1_time_m742)s, %(fp2_date_m742)s, %(fp2_time_m742)s, %(fp3_date_m742)s, %(fp3_time_m742)s, %(quali_date_m742)s, %(quali_time_m742)s, %(sprint_date_m742)s, %(sprint_time_m742)s), (%(race_id_m743)s, %(year_m743)s, %(round_m743)s, %(circuit_id_m743)s, %(name_m743)s, %(date_m743)s, %(race_time_m743)s, %(url_m743)s, %(fp1_date_m743)s, %(fp1_time_m743)s, %(fp2_date_m743)s, %(fp2_time_m743)s, %(fp3_date_m743)s, %(fp3_time_m743)s, %(quali_date_m743)s, %(quali_time_m743)s, %(sprint_date_m743)s, %(sprint_time_m743)s), (%(race_id_m744)s, %(year_m744)s, %(round_m744)s, %(circuit_id_m744)s, %(name_m744)s, %(date_m744)s, %(race_time_m744)s, %(url_m744)s, %(fp1_date_m744)s, %(fp1_time_m744)s, %(fp2_date_m744)s, %(fp2_time_m744)s, %(fp3_date_m744)s, %(fp3_time_m744)s, %(quali_date_m744)s, %(quali_time_m744)s, %(sprint_date_m744)s, %(sprint_time_m744)s), (%(race_id_m745)s, %(year_m745)s, %(round_m745)s, %(circuit_id_m745)s, %(name_m745)s, %(date_m745)s, %(race_time_m745)s, %(url_m745)s, %(fp1_date_m745)s, %(fp1_time_m745)s, %(fp2_date_m745)s, %(fp2_time_m745)s, %(fp3_date_m745)s, %(fp3_time_m745)s, %(quali_date_m745)s, %(quali_time_m745)s, %(sprint_date_m745)s, %(sprint_time_m745)s), (%(race_id_m746)s, %(year_m746)s, %(round_m746)s, %(circuit_id_m746)s, %(name_m746)s, %(date_m746)s, %(race_time_m746)s, %(url_m746)s, %(fp1_date_m746)s, %(fp1_time_m746)s, %(fp2_date_m746)s, %(fp2_time_m746)s, %(fp3_date_m746)s, %(fp3_time_m746)s, %(quali_date_m746)s, %(quali_time_m746)s, %(sprint_date_m746)s, %(sprint_time_m746)s), (%(race_id_m747)s, %(year_m747)s, %(round_m747)s, %(circuit_id_m747)s, %(name_m747)s, %(date_m747)s, %(race_time_m747)s, %(url_m747)s, %(fp1_date_m747)s, %(fp1_time_m747)s, %(fp2_date_m747)s, %(fp2_time_m747)s, %(fp3_date_m747)s, %(fp3_time_m747)s, %(quali_date_m747)s, %(quali_time_m747)s, %(sprint_date_m747)s, %(sprint_time_m747)s), (%(race_id_m748)s, %(year_m748)s, %(round_m748)s, %(circuit_id_m748)s, %(name_m748)s, %(date_m748)s, %(race_time_m748)s, %(url_m748)s, %(fp1_date_m748)s, %(fp1_time_m748)s, %(fp2_date_m748)s, %(fp2_time_m748)s, %(fp3_date_m748)s, %(fp3_time_m748)s, %(quali_date_m748)s, %(quali_time_m748)s, %(sprint_date_m748)s, %(sprint_time_m748)s), (%(race_id_m749)s, %(year_m749)s, %(round_m749)s, %(circuit_id_m749)s, %(name_m749)s, %(date_m749)s, %(race_time_m749)s, %(url_m749)s, %(fp1_date_m749)s, %(fp1_time_m749)s, %(fp2_date_m749)s, %(fp2_time_m749)s, %(fp3_date_m749)s, %(fp3_time_m749)s, %(quali_date_m749)s, %(quali_time_m749)s, %(sprint_date_m749)s, %(sprint_time_m749)s), (%(race_id_m750)s, %(year_m750)s, %(round_m750)s, %(circuit_id_m750)s, %(name_m750)s, %(date_m750)s, %(race_time_m750)s, %(url_m750)s, %(fp1_date_m750)s, %(fp1_time_m750)s, %(fp2_date_m750)s, %(fp2_time_m750)s, %(fp3_date_m750)s, %(fp3_time_m750)s, %(quali_date_m750)s, %(quali_time_m750)s, %(sprint_date_m750)s, %(sprint_time_m750)s), (%(race_id_m751)s, %(year_m751)s, %(round_m751)s, %(circuit_id_m751)s, %(name_m751)s, %(date_m751)s, %(race_time_m751)s, %(url_m751)s, %(fp1_date_m751)s, %(fp1_time_m751)s, %(fp2_date_m751)s, %(fp2_time_m751)s, %(fp3_date_m751)s, %(fp3_time_m751)s, %(quali_date_m751)s, %(quali_time_m751)s, %(sprint_date_m751)s, %(sprint_time_m751)s), (%(race_id_m752)s, %(year_m752)s, %(round_m752)s, %(circuit_id_m752)s, %(name_m752)s, %(date_m752)s, %(race_time_m752)s, %(url_m752)s, %(fp1_date_m752)s, %(fp1_time_m752)s, %(fp2_date_m752)s, %(fp2_time_m752)s, %(fp3_date_m752)s, %(fp3_time_m752)s, %(quali_date_m752)s, %(quali_time_m752)s, %(sprint_date_m752)s, %(sprint_time_m752)s), (%(race_id_m753)s, %(year_m753)s, %(round_m753)s, %(circuit_id_m753)s, %(name_m753)s, %(date_m753)s, %(race_time_m753)s, %(url_m753)s, %(fp1_date_m753)s, %(fp1_time_m753)s, %(fp2_date_m753)s, %(fp2_time_m753)s, %(fp3_date_m753)s, %(fp3_time_m753)s, %(quali_date_m753)s, %(quali_time_m753)s, %(sprint_date_m753)s, %(sprint_time_m753)s), (%(race_id_m754)s, %(year_m754)s, %(round_m754)s, %(circuit_id_m754)s, %(name_m754)s, %(date_m754)s, %(race_time_m754)s, %(url_m754)s, %(fp1_date_m754)s, %(fp1_time_m754)s, %(fp2_date_m754)s, %(fp2_time_m754)s, %(fp3_date_m754)s, %(fp3_time_m754)s, %(quali_date_m754)s, %(quali_time_m754)s, %(sprint_date_m754)s, %(sprint_time_m754)s), (%(race_id_m755)s, %(year_m755)s, %(round_m755)s, %(circuit_id_m755)s, %(name_m755)s, %(date_m755)s, %(race_time_m755)s, %(url_m755)s, %(fp1_date_m755)s, %(fp1_time_m755)s, %(fp2_date_m755)s, %(fp2_time_m755)s, %(fp3_date_m755)s, %(fp3_time_m755)s, %(quali_date_m755)s, %(quali_time_m755)s, %(sprint_date_m755)s, %(sprint_time_m755)s), (%(race_id_m756)s, %(year_m756)s, %(round_m756)s, %(circuit_id_m756)s, %(name_m756)s, %(date_m756)s, %(race_time_m756)s, %(url_m756)s, %(fp1_date_m756)s, %(fp1_time_m756)s, %(fp2_date_m756)s, %(fp2_time_m756)s, %(fp3_date_m756)s, %(fp3_time_m756)s, %(quali_date_m756)s, %(quali_time_m756)s, %(sprint_date_m756)s, %(sprint_time_m756)s), (%(race_id_m757)s, %(year_m757)s, %(round_m757)s, %(circuit_id_m757)s, %(name_m757)s, %(date_m757)s, %(race_time_m757)s, %(url_m757)s, %(fp1_date_m757)s, %(fp1_time_m757)s, %(fp2_date_m757)s, %(fp2_time_m757)s, %(fp3_date_m757)s, %(fp3_time_m757)s, %(quali_date_m757)s, %(quali_time_m757)s, %(sprint_date_m757)s, %(sprint_time_m757)s), (%(race_id_m758)s, %(year_m758)s, %(round_m758)s, %(circuit_id_m758)s, %(name_m758)s, %(date_m758)s, %(race_time_m758)s, %(url_m758)s, %(fp1_date_m758)s, %(fp1_time_m758)s, %(fp2_date_m758)s, %(fp2_time_m758)s, %(fp3_date_m758)s, %(fp3_time_m758)s, %(quali_date_m758)s, %(quali_time_m758)s, %(sprint_date_m758)s, %(sprint_time_m758)s), (%(race_id_m759)s, %(year_m759)s, %(round_m759)s, %(circuit_id_m759)s, %(name_m759)s, %(date_m759)s, %(race_time_m759)s, %(url_m759)s, %(fp1_date_m759)s, %(fp1_time_m759)s, %(fp2_date_m759)s, %(fp2_time_m759)s, %(fp3_date_m759)s, %(fp3_time_m759)s, %(quali_date_m759)s, %(quali_time_m759)s, %(sprint_date_m759)s, %(sprint_time_m759)s), (%(race_id_m760)s, %(year_m760)s, %(round_m760)s, %(circuit_id_m760)s, %(name_m760)s, %(date_m760)s, %(race_time_m760)s, %(url_m760)s, %(fp1_date_m760)s, %(fp1_time_m760)s, %(fp2_date_m760)s, %(fp2_time_m760)s, %(fp3_date_m760)s, %(fp3_time_m760)s, %(quali_date_m760)s, %(quali_time_m760)s, %(sprint_date_m760)s, %(sprint_time_m760)s), (%(race_id_m761)s, %(year_m761)s, %(round_m761)s, %(circuit_id_m761)s, %(name_m761)s, %(date_m761)s, %(race_time_m761)s, %(url_m761)s, %(fp1_date_m761)s, %(fp1_time_m761)s, %(fp2_date_m761)s, %(fp2_time_m761)s, %(fp3_date_m761)s, %(fp3_time_m761)s, %(quali_date_m761)s, %(quali_time_m761)s, %(sprint_date_m761)s, %(sprint_time_m761)s), (%(race_id_m762)s, %(year_m762)s, %(round_m762)s, %(circuit_id_m762)s, %(name_m762)s, %(date_m762)s, %(race_time_m762)s, %(url_m762)s, %(fp1_date_m762)s, %(fp1_time_m762)s, %(fp2_date_m762)s, %(fp2_time_m762)s, %(fp3_date_m762)s, %(fp3_time_m762)s, %(quali_date_m762)s, %(quali_time_m762)s, %(sprint_date_m762)s, %(sprint_time_m762)s), (%(race_id_m763)s, %(year_m763)s, %(round_m763)s, %(circuit_id_m763)s, %(name_m763)s, %(date_m763)s, %(race_time_m763)s, %(url_m763)s, %(fp1_date_m763)s, %(fp1_time_m763)s, %(fp2_date_m763)s, %(fp2_time_m763)s, %(fp3_date_m763)s, %(fp3_time_m763)s, %(quali_date_m763)s, %(quali_time_m763)s, %(sprint_date_m763)s, %(sprint_time_m763)s), (%(race_id_m764)s, %(year_m764)s, %(round_m764)s, %(circuit_id_m764)s, %(name_m764)s, %(date_m764)s, %(race_time_m764)s, %(url_m764)s, %(fp1_date_m764)s, %(fp1_time_m764)s, %(fp2_date_m764)s, %(fp2_time_m764)s, %(fp3_date_m764)s, %(fp3_time_m764)s, %(quali_date_m764)s, %(quali_time_m764)s, %(sprint_date_m764)s, %(sprint_time_m764)s), (%(race_id_m765)s, %(year_m765)s, %(round_m765)s, %(circuit_id_m765)s, %(name_m765)s, %(date_m765)s, %(race_time_m765)s, %(url_m765)s, %(fp1_date_m765)s, %(fp1_time_m765)s, %(fp2_date_m765)s, %(fp2_time_m765)s, %(fp3_date_m765)s, %(fp3_time_m765)s, %(quali_date_m765)s, %(quali_time_m765)s, %(sprint_date_m765)s, %(sprint_time_m765)s), (%(race_id_m766)s, %(year_m766)s, %(round_m766)s, %(circuit_id_m766)s, %(name_m766)s, %(date_m766)s, %(race_time_m766)s, %(url_m766)s, %(fp1_date_m766)s, %(fp1_time_m766)s, %(fp2_date_m766)s, %(fp2_time_m766)s, %(fp3_date_m766)s, %(fp3_time_m766)s, %(quali_date_m766)s, %(quali_time_m766)s, %(sprint_date_m766)s, %(sprint_time_m766)s), (%(race_id_m767)s, %(year_m767)s, %(round_m767)s, %(circuit_id_m767)s, %(name_m767)s, %(date_m767)s, %(race_time_m767)s, %(url_m767)s, %(fp1_date_m767)s, %(fp1_time_m767)s, %(fp2_date_m767)s, %(fp2_time_m767)s, %(fp3_date_m767)s, %(fp3_time_m767)s, %(quali_date_m767)s, %(quali_time_m767)s, %(sprint_date_m767)s, %(sprint_time_m767)s), (%(race_id_m768)s, %(year_m768)s, %(round_m768)s, %(circuit_id_m768)s, %(name_m768)s, %(date_m768)s, %(race_time_m768)s, %(url_m768)s, %(fp1_date_m768)s, %(fp1_time_m768)s, %(fp2_date_m768)s, %(fp2_time_m768)s, %(fp3_date_m768)s, %(fp3_time_m768)s, %(quali_date_m768)s, %(quali_time_m768)s, %(sprint_date_m768)s, %(sprint_time_m768)s), (%(race_id_m769)s, %(year_m769)s, %(round_m769)s, %(circuit_id_m769)s, %(name_m769)s, %(date_m769)s, %(race_time_m769)s, %(url_m769)s, %(fp1_date_m769)s, %(fp1_time_m769)s, %(fp2_date_m769)s, %(fp2_time_m769)s, %(fp3_date_m769)s, %(fp3_time_m769)s, %(quali_date_m769)s, %(quali_time_m769)s, %(sprint_date_m769)s, %(sprint_time_m769)s), (%(race_id_m770)s, %(year_m770)s, %(round_m770)s, %(circuit_id_m770)s, %(name_m770)s, %(date_m770)s, %(race_time_m770)s, %(url_m770)s, %(fp1_date_m770)s, %(fp1_time_m770)s, %(fp2_date_m770)s, %(fp2_time_m770)s, %(fp3_date_m770)s, %(fp3_time_m770)s, %(quali_date_m770)s, %(quali_time_m770)s, %(sprint_date_m770)s, %(sprint_time_m770)s), (%(race_id_m771)s, %(year_m771)s, %(round_m771)s, %(circuit_id_m771)s, %(name_m771)s, %(date_m771)s, %(race_time_m771)s, %(url_m771)s, %(fp1_date_m771)s, %(fp1_time_m771)s, %(fp2_date_m771)s, %(fp2_time_m771)s, %(fp3_date_m771)s, %(fp3_time_m771)s, %(quali_date_m771)s, %(quali_time_m771)s, %(sprint_date_m771)s, %(sprint_time_m771)s), (%(race_id_m772)s, %(year_m772)s, %(round_m772)s, %(circuit_id_m772)s, %(name_m772)s, %(date_m772)s, %(race_time_m772)s, %(url_m772)s, %(fp1_date_m772)s, %(fp1_time_m772)s, %(fp2_date_m772)s, %(fp2_time_m772)s, %(fp3_date_m772)s, %(fp3_time_m772)s, %(quali_date_m772)s, %(quali_time_m772)s, %(sprint_date_m772)s, %(sprint_time_m772)s), (%(race_id_m773)s, %(year_m773)s, %(round_m773)s, %(circuit_id_m773)s, %(name_m773)s, %(date_m773)s, %(race_time_m773)s, %(url_m773)s, %(fp1_date_m773)s, %(fp1_time_m773)s, %(fp2_date_m773)s, %(fp2_time_m773)s, %(fp3_date_m773)s, %(fp3_time_m773)s, %(quali_date_m773)s, %(quali_time_m773)s, %(sprint_date_m773)s, %(sprint_time_m773)s), (%(race_id_m774)s, %(year_m774)s, %(round_m774)s, %(circuit_id_m774)s, %(name_m774)s, %(date_m774)s, %(race_time_m774)s, %(url_m774)s, %(fp1_date_m774)s, %(fp1_time_m774)s, %(fp2_date_m774)s, %(fp2_time_m774)s, %(fp3_date_m774)s, %(fp3_time_m774)s, %(quali_date_m774)s, %(quali_time_m774)s, %(sprint_date_m774)s, %(sprint_time_m774)s), (%(race_id_m775)s, %(year_m775)s, %(round_m775)s, %(circuit_id_m775)s, %(name_m775)s, %(date_m775)s, %(race_time_m775)s, %(url_m775)s, %(fp1_date_m775)s, %(fp1_time_m775)s, %(fp2_date_m775)s, %(fp2_time_m775)s, %(fp3_date_m775)s, %(fp3_time_m775)s, %(quali_date_m775)s, %(quali_time_m775)s, %(sprint_date_m775)s, %(sprint_time_m775)s), (%(race_id_m776)s, %(year_m776)s, %(round_m776)s, %(circuit_id_m776)s, %(name_m776)s, %(date_m776)s, %(race_time_m776)s, %(url_m776)s, %(fp1_date_m776)s, %(fp1_time_m776)s, %(fp2_date_m776)s, %(fp2_time_m776)s, %(fp3_date_m776)s, %(fp3_time_m776)s, %(quali_date_m776)s, %(quali_time_m776)s, %(sprint_date_m776)s, %(sprint_time_m776)s), (%(race_id_m777)s, %(year_m777)s, %(round_m777)s, %(circuit_id_m777)s, %(name_m777)s, %(date_m777)s, %(race_time_m777)s, %(url_m777)s, %(fp1_date_m777)s, %(fp1_time_m777)s, %(fp2_date_m777)s, %(fp2_time_m777)s, %(fp3_date_m777)s, %(fp3_time_m777)s, %(quali_date_m777)s, %(quali_time_m777)s, %(sprint_date_m777)s, %(sprint_time_m777)s), (%(race_id_m778)s, %(year_m778)s, %(round_m778)s, %(circuit_id_m778)s, %(name_m778)s, %(date_m778)s, %(race_time_m778)s, %(url_m778)s, %(fp1_date_m778)s, %(fp1_time_m778)s, %(fp2_date_m778)s, %(fp2_time_m778)s, %(fp3_date_m778)s, %(fp3_time_m778)s, %(quali_date_m778)s, %(quali_time_m778)s, %(sprint_date_m778)s, %(sprint_time_m778)s), (%(race_id_m779)s, %(year_m779)s, %(round_m779)s, %(circuit_id_m779)s, %(name_m779)s, %(date_m779)s, %(race_time_m779)s, %(url_m779)s, %(fp1_date_m779)s, %(fp1_time_m779)s, %(fp2_date_m779)s, %(fp2_time_m779)s, %(fp3_date_m779)s, %(fp3_time_m779)s, %(quali_date_m779)s, %(quali_time_m779)s, %(sprint_date_m779)s, %(sprint_time_m779)s), (%(race_id_m780)s, %(year_m780)s, %(round_m780)s, %(circuit_id_m780)s, %(name_m780)s, %(date_m780)s, %(race_time_m780)s, %(url_m780)s, %(fp1_date_m780)s, %(fp1_time_m780)s, %(fp2_date_m780)s, %(fp2_time_m780)s, %(fp3_date_m780)s, %(fp3_time_m780)s, %(quali_date_m780)s, %(quali_time_m780)s, %(sprint_date_m780)s, %(sprint_time_m780)s), (%(race_id_m781)s, %(year_m781)s, %(round_m781)s, %(circuit_id_m781)s, %(name_m781)s, %(date_m781)s, %(race_time_m781)s, %(url_m781)s, %(fp1_date_m781)s, %(fp1_time_m781)s, %(fp2_date_m781)s, %(fp2_time_m781)s, %(fp3_date_m781)s, %(fp3_time_m781)s, %(quali_date_m781)s, %(quali_time_m781)s, %(sprint_date_m781)s, %(sprint_time_m781)s), (%(race_id_m782)s, %(year_m782)s, %(round_m782)s, %(circuit_id_m782)s, %(name_m782)s, %(date_m782)s, %(race_time_m782)s, %(url_m782)s, %(fp1_date_m782)s, %(fp1_time_m782)s, %(fp2_date_m782)s, %(fp2_time_m782)s, %(fp3_date_m782)s, %(fp3_time_m782)s, %(quali_date_m782)s, %(quali_time_m782)s, %(sprint_date_m782)s, %(sprint_time_m782)s), (%(race_id_m783)s, %(year_m783)s, %(round_m783)s, %(circuit_id_m783)s, %(name_m783)s, %(date_m783)s, %(race_time_m783)s, %(url_m783)s, %(fp1_date_m783)s, %(fp1_time_m783)s, %(fp2_date_m783)s, %(fp2_time_m783)s, %(fp3_date_m783)s, %(fp3_time_m783)s, %(quali_date_m783)s, %(quali_time_m783)s, %(sprint_date_m783)s, %(sprint_time_m783)s), (%(race_id_m784)s, %(year_m784)s, %(round_m784)s, %(circuit_id_m784)s, %(name_m784)s, %(date_m784)s, %(race_time_m784)s, %(url_m784)s, %(fp1_date_m784)s, %(fp1_time_m784)s, %(fp2_date_m784)s, %(fp2_time_m784)s, %(fp3_date_m784)s, %(fp3_time_m784)s, %(quali_date_m784)s, %(quali_time_m784)s, %(sprint_date_m784)s, %(sprint_time_m784)s), (%(race_id_m785)s, %(year_m785)s, %(round_m785)s, %(circuit_id_m785)s, %(name_m785)s, %(date_m785)s, %(race_time_m785)s, %(url_m785)s, %(fp1_date_m785)s, %(fp1_time_m785)s, %(fp2_date_m785)s, %(fp2_time_m785)s, %(fp3_date_m785)s, %(fp3_time_m785)s, %(quali_date_m785)s, %(quali_time_m785)s, %(sprint_date_m785)s, %(sprint_time_m785)s), (%(race_id_m786)s, %(year_m786)s, %(round_m786)s, %(circuit_id_m786)s, %(name_m786)s, %(date_m786)s, %(race_time_m786)s, %(url_m786)s, %(fp1_date_m786)s, %(fp1_time_m786)s, %(fp2_date_m786)s, %(fp2_time_m786)s, %(fp3_date_m786)s, %(fp3_time_m786)s, %(quali_date_m786)s, %(quali_time_m786)s, %(sprint_date_m786)s, %(sprint_time_m786)s), (%(race_id_m787)s, %(year_m787)s, %(round_m787)s, %(circuit_id_m787)s, %(name_m787)s, %(date_m787)s, %(race_time_m787)s, %(url_m787)s, %(fp1_date_m787)s, %(fp1_time_m787)s, %(fp2_date_m787)s, %(fp2_time_m787)s, %(fp3_date_m787)s, %(fp3_time_m787)s, %(quali_date_m787)s, %(quali_time_m787)s, %(sprint_date_m787)s, %(sprint_time_m787)s), (%(race_id_m788)s, %(year_m788)s, %(round_m788)s, %(circuit_id_m788)s, %(name_m788)s, %(date_m788)s, %(race_time_m788)s, %(url_m788)s, %(fp1_date_m788)s, %(fp1_time_m788)s, %(fp2_date_m788)s, %(fp2_time_m788)s, %(fp3_date_m788)s, %(fp3_time_m788)s, %(quali_date_m788)s, %(quali_time_m788)s, %(sprint_date_m788)s, %(sprint_time_m788)s), (%(race_id_m789)s, %(year_m789)s, %(round_m789)s, %(circuit_id_m789)s, %(name_m789)s, %(date_m789)s, %(race_time_m789)s, %(url_m789)s, %(fp1_date_m789)s, %(fp1_time_m789)s, %(fp2_date_m789)s, %(fp2_time_m789)s, %(fp3_date_m789)s, %(fp3_time_m789)s, %(quali_date_m789)s, %(quali_time_m789)s, %(sprint_date_m789)s, %(sprint_time_m789)s), (%(race_id_m790)s, %(year_m790)s, %(round_m790)s, %(circuit_id_m790)s, %(name_m790)s, %(date_m790)s, %(race_time_m790)s, %(url_m790)s, %(fp1_date_m790)s, %(fp1_time_m790)s, %(fp2_date_m790)s, %(fp2_time_m790)s, %(fp3_date_m790)s, %(fp3_time_m790)s, %(quali_date_m790)s, %(quali_time_m790)s, %(sprint_date_m790)s, %(sprint_time_m790)s), (%(race_id_m791)s, %(year_m791)s, %(round_m791)s, %(circuit_id_m791)s, %(name_m791)s, %(date_m791)s, %(race_time_m791)s, %(url_m791)s, %(fp1_date_m791)s, %(fp1_time_m791)s, %(fp2_date_m791)s, %(fp2_time_m791)s, %(fp3_date_m791)s, %(fp3_time_m791)s, %(quali_date_m791)s, %(quali_time_m791)s, %(sprint_date_m791)s, %(sprint_time_m791)s), (%(race_id_m792)s, %(year_m792)s, %(round_m792)s, %(circuit_id_m792)s, %(name_m792)s, %(date_m792)s, %(race_time_m792)s, %(url_m792)s, %(fp1_date_m792)s, %(fp1_time_m792)s, %(fp2_date_m792)s, %(fp2_time_m792)s, %(fp3_date_m792)s, %(fp3_time_m792)s, %(quali_date_m792)s, %(quali_time_m792)s, %(sprint_date_m792)s, %(sprint_time_m792)s), (%(race_id_m793)s, %(year_m793)s, %(round_m793)s, %(circuit_id_m793)s, %(name_m793)s, %(date_m793)s, %(race_time_m793)s, %(url_m793)s, %(fp1_date_m793)s, %(fp1_time_m793)s, %(fp2_date_m793)s, %(fp2_time_m793)s, %(fp3_date_m793)s, %(fp3_time_m793)s, %(quali_date_m793)s, %(quali_time_m793)s, %(sprint_date_m793)s, %(sprint_time_m793)s), (%(race_id_m794)s, %(year_m794)s, %(round_m794)s, %(circuit_id_m794)s, %(name_m794)s, %(date_m794)s, %(race_time_m794)s, %(url_m794)s, %(fp1_date_m794)s, %(fp1_time_m794)s, %(fp2_date_m794)s, %(fp2_time_m794)s, %(fp3_date_m794)s, %(fp3_time_m794)s, %(quali_date_m794)s, %(quali_time_m794)s, %(sprint_date_m794)s, %(sprint_time_m794)s), (%(race_id_m795)s, %(year_m795)s, %(round_m795)s, %(circuit_id_m795)s, %(name_m795)s, %(date_m795)s, %(race_time_m795)s, %(url_m795)s, %(fp1_date_m795)s, %(fp1_time_m795)s, %(fp2_date_m795)s, %(fp2_time_m795)s, %(fp3_date_m795)s, %(fp3_time_m795)s, %(quali_date_m795)s, %(quali_time_m795)s, %(sprint_date_m795)s, %(sprint_time_m795)s), (%(race_id_m796)s, %(year_m796)s, %(round_m796)s, %(circuit_id_m796)s, %(name_m796)s, %(date_m796)s, %(race_time_m796)s, %(url_m796)s, %(fp1_date_m796)s, %(fp1_time_m796)s, %(fp2_date_m796)s, %(fp2_time_m796)s, %(fp3_date_m796)s, %(fp3_time_m796)s, %(quali_date_m796)s, %(quali_time_m796)s, %(sprint_date_m796)s, %(sprint_time_m796)s), (%(race_id_m797)s, %(year_m797)s, %(round_m797)s, %(circuit_id_m797)s, %(name_m797)s, %(date_m797)s, %(race_time_m797)s, %(url_m797)s, %(fp1_date_m797)s, %(fp1_time_m797)s, %(fp2_date_m797)s, %(fp2_time_m797)s, %(fp3_date_m797)s, %(fp3_time_m797)s, %(quali_date_m797)s, %(quali_time_m797)s, %(sprint_date_m797)s, %(sprint_time_m797)s), (%(race_id_m798)s, %(year_m798)s, %(round_m798)s, %(circuit_id_m798)s, %(name_m798)s, %(date_m798)s, %(race_time_m798)s, %(url_m798)s, %(fp1_date_m798)s, %(fp1_time_m798)s, %(fp2_date_m798)s, %(fp2_time_m798)s, %(fp3_date_m798)s, %(fp3_time_m798)s, %(quali_date_m798)s, %(quali_time_m798)s, %(sprint_date_m798)s, %(sprint_time_m798)s), (%(race_id_m799)s, %(year_m799)s, %(round_m799)s, %(circuit_id_m799)s, %(name_m799)s, %(date_m799)s, %(race_time_m799)s, %(url_m799)s, %(fp1_date_m799)s, %(fp1_time_m799)s, %(fp2_date_m799)s, %(fp2_time_m799)s, %(fp3_date_m799)s, %(fp3_time_m799)s, %(quali_date_m799)s, %(quali_time_m799)s, %(sprint_date_m799)s, %(sprint_time_m799)s), (%(race_id_m800)s, %(year_m800)s, %(round_m800)s, %(circuit_id_m800)s, %(name_m800)s, %(date_m800)s, %(race_time_m800)s, %(url_m800)s, %(fp1_date_m800)s, %(fp1_time_m800)s, %(fp2_date_m800)s, %(fp2_time_m800)s, %(fp3_date_m800)s, %(fp3_time_m800)s, %(quali_date_m800)s, %(quali_time_m800)s, %(sprint_date_m800)s, %(sprint_time_m800)s), (%(race_id_m801)s, %(year_m801)s, %(round_m801)s, %(circuit_id_m801)s, %(name_m801)s, %(date_m801)s, %(race_time_m801)s, %(url_m801)s, %(fp1_date_m801)s, %(fp1_time_m801)s, %(fp2_date_m801)s, %(fp2_time_m801)s, %(fp3_date_m801)s, %(fp3_time_m801)s, %(quali_date_m801)s, %(quali_time_m801)s, %(sprint_date_m801)s, %(sprint_time_m801)s), (%(race_id_m802)s, %(year_m802)s, %(round_m802)s, %(circuit_id_m802)s, %(name_m802)s, %(date_m802)s, %(race_time_m802)s, %(url_m802)s, %(fp1_date_m802)s, %(fp1_time_m802)s, %(fp2_date_m802)s, %(fp2_time_m802)s, %(fp3_date_m802)s, %(fp3_time_m802)s, %(quali_date_m802)s, %(quali_time_m802)s, %(sprint_date_m802)s, %(sprint_time_m802)s), (%(race_id_m803)s, %(year_m803)s, %(round_m803)s, %(circuit_id_m803)s, %(name_m803)s, %(date_m803)s, %(race_time_m803)s, %(url_m803)s, %(fp1_date_m803)s, %(fp1_time_m803)s, %(fp2_date_m803)s, %(fp2_time_m803)s, %(fp3_date_m803)s, %(fp3_time_m803)s, %(quali_date_m803)s, %(quali_time_m803)s, %(sprint_date_m803)s, %(sprint_time_m803)s), (%(race_id_m804)s, %(year_m804)s, %(round_m804)s, %(circuit_id_m804)s, %(name_m804)s, %(date_m804)s, %(race_time_m804)s, %(url_m804)s, %(fp1_date_m804)s, %(fp1_time_m804)s, %(fp2_date_m804)s, %(fp2_time_m804)s, %(fp3_date_m804)s, %(fp3_time_m804)s, %(quali_date_m804)s, %(quali_time_m804)s, %(sprint_date_m804)s, %(sprint_time_m804)s), (%(race_id_m805)s, %(year_m805)s, %(round_m805)s, %(circuit_id_m805)s, %(name_m805)s, %(date_m805)s, %(race_time_m805)s, %(url_m805)s, %(fp1_date_m805)s, %(fp1_time_m805)s, %(fp2_date_m805)s, %(fp2_time_m805)s, %(fp3_date_m805)s, %(fp3_time_m805)s, %(quali_date_m805)s, %(quali_time_m805)s, %(sprint_date_m805)s, %(sprint_time_m805)s), (%(race_id_m806)s, %(year_m806)s, %(round_m806)s, %(circuit_id_m806)s, %(name_m806)s, %(date_m806)s, %(race_time_m806)s, %(url_m806)s, %(fp1_date_m806)s, %(fp1_time_m806)s, %(fp2_date_m806)s, %(fp2_time_m806)s, %(fp3_date_m806)s, %(fp3_time_m806)s, %(quali_date_m806)s, %(quali_time_m806)s, %(sprint_date_m806)s, %(sprint_time_m806)s), (%(race_id_m807)s, %(year_m807)s, %(round_m807)s, %(circuit_id_m807)s, %(name_m807)s, %(date_m807)s, %(race_time_m807)s, %(url_m807)s, %(fp1_date_m807)s, %(fp1_time_m807)s, %(fp2_date_m807)s, %(fp2_time_m807)s, %(fp3_date_m807)s, %(fp3_time_m807)s, %(quali_date_m807)s, %(quali_time_m807)s, %(sprint_date_m807)s, %(sprint_time_m807)s), (%(race_id_m808)s, %(year_m808)s, %(round_m808)s, %(circuit_id_m808)s, %(name_m808)s, %(date_m808)s, %(race_time_m808)s, %(url_m808)s, %(fp1_date_m808)s, %(fp1_time_m808)s, %(fp2_date_m808)s, %(fp2_time_m808)s, %(fp3_date_m808)s, %(fp3_time_m808)s, %(quali_date_m808)s, %(quali_time_m808)s, %(sprint_date_m808)s, %(sprint_time_m808)s), (%(race_id_m809)s, %(year_m809)s, %(round_m809)s, %(circuit_id_m809)s, %(name_m809)s, %(date_m809)s, %(race_time_m809)s, %(url_m809)s, %(fp1_date_m809)s, %(fp1_time_m809)s, %(fp2_date_m809)s, %(fp2_time_m809)s, %(fp3_date_m809)s, %(fp3_time_m809)s, %(quali_date_m809)s, %(quali_time_m809)s, %(sprint_date_m809)s, %(sprint_time_m809)s), (%(race_id_m810)s, %(year_m810)s, %(round_m810)s, %(circuit_id_m810)s, %(name_m810)s, %(date_m810)s, %(race_time_m810)s, %(url_m810)s, %(fp1_date_m810)s, %(fp1_time_m810)s, %(fp2_date_m810)s, %(fp2_time_m810)s, %(fp3_date_m810)s, %(fp3_time_m810)s, %(quali_date_m810)s, %(quali_time_m810)s, %(sprint_date_m810)s, %(sprint_time_m810)s), (%(race_id_m811)s, %(year_m811)s, %(round_m811)s, %(circuit_id_m811)s, %(name_m811)s, %(date_m811)s, %(race_time_m811)s, %(url_m811)s, %(fp1_date_m811)s, %(fp1_time_m811)s, %(fp2_date_m811)s, %(fp2_time_m811)s, %(fp3_date_m811)s, %(fp3_time_m811)s, %(quali_date_m811)s, %(quali_time_m811)s, %(sprint_date_m811)s, %(sprint_time_m811)s), (%(race_id_m812)s, %(year_m812)s, %(round_m812)s, %(circuit_id_m812)s, %(name_m812)s, %(date_m812)s, %(race_time_m812)s, %(url_m812)s, %(fp1_date_m812)s, %(fp1_time_m812)s, %(fp2_date_m812)s, %(fp2_time_m812)s, %(fp3_date_m812)s, %(fp3_time_m812)s, %(quali_date_m812)s, %(quali_time_m812)s, %(sprint_date_m812)s, %(sprint_time_m812)s), (%(race_id_m813)s, %(year_m813)s, %(round_m813)s, %(circuit_id_m813)s, %(name_m813)s, %(date_m813)s, %(race_time_m813)s, %(url_m813)s, %(fp1_date_m813)s, %(fp1_time_m813)s, %(fp2_date_m813)s, %(fp2_time_m813)s, %(fp3_date_m813)s, %(fp3_time_m813)s, %(quali_date_m813)s, %(quali_time_m813)s, %(sprint_date_m813)s, %(sprint_time_m813)s), (%(race_id_m814)s, %(year_m814)s, %(round_m814)s, %(circuit_id_m814)s, %(name_m814)s, %(date_m814)s, %(race_time_m814)s, %(url_m814)s, %(fp1_date_m814)s, %(fp1_time_m814)s, %(fp2_date_m814)s, %(fp2_time_m814)s, %(fp3_date_m814)s, %(fp3_time_m814)s, %(quali_date_m814)s, %(quali_time_m814)s, %(sprint_date_m814)s, %(sprint_time_m814)s), (%(race_id_m815)s, %(year_m815)s, %(round_m815)s, %(circuit_id_m815)s, %(name_m815)s, %(date_m815)s, %(race_time_m815)s, %(url_m815)s, %(fp1_date_m815)s, %(fp1_time_m815)s, %(fp2_date_m815)s, %(fp2_time_m815)s, %(fp3_date_m815)s, %(fp3_time_m815)s, %(quali_date_m815)s, %(quali_time_m815)s, %(sprint_date_m815)s, %(sprint_time_m815)s), (%(race_id_m816)s, %(year_m816)s, %(round_m816)s, %(circuit_id_m816)s, %(name_m816)s, %(date_m816)s, %(race_time_m816)s, %(url_m816)s, %(fp1_date_m816)s, %(fp1_time_m816)s, %(fp2_date_m816)s, %(fp2_time_m816)s, %(fp3_date_m816)s, %(fp3_time_m816)s, %(quali_date_m816)s, %(quali_time_m816)s, %(sprint_date_m816)s, %(sprint_time_m816)s), (%(race_id_m817)s, %(year_m817)s, %(round_m817)s, %(circuit_id_m817)s, %(name_m817)s, %(date_m817)s, %(race_time_m817)s, %(url_m817)s, %(fp1_date_m817)s, %(fp1_time_m817)s, %(fp2_date_m817)s, %(fp2_time_m817)s, %(fp3_date_m817)s, %(fp3_time_m817)s, %(quali_date_m817)s, %(quali_time_m817)s, %(sprint_date_m817)s, %(sprint_time_m817)s), (%(race_id_m818)s, %(year_m818)s, %(round_m818)s, %(circuit_id_m818)s, %(name_m818)s, %(date_m818)s, %(race_time_m818)s, %(url_m818)s, %(fp1_date_m818)s, %(fp1_time_m818)s, %(fp2_date_m818)s, %(fp2_time_m818)s, %(fp3_date_m818)s, %(fp3_time_m818)s, %(quali_date_m818)s, %(quali_time_m818)s, %(sprint_date_m818)s, %(sprint_time_m818)s), (%(race_id_m819)s, %(year_m819)s, %(round_m819)s, %(circuit_id_m819)s, %(name_m819)s, %(date_m819)s, %(race_time_m819)s, %(url_m819)s, %(fp1_date_m819)s, %(fp1_time_m819)s, %(fp2_date_m819)s, %(fp2_time_m819)s, %(fp3_date_m819)s, %(fp3_time_m819)s, %(quali_date_m819)s, %(quali_time_m819)s, %(sprint_date_m819)s, %(sprint_time_m819)s), (%(race_id_m820)s, %(year_m820)s, %(round_m820)s, %(circuit_id_m820)s, %(name_m820)s, %(date_m820)s, %(race_time_m820)s, %(url_m820)s, %(fp1_date_m820)s, %(fp1_time_m820)s, %(fp2_date_m820)s, %(fp2_time_m820)s, %(fp3_date_m820)s, %(fp3_time_m820)s, %(quali_date_m820)s, %(quali_time_m820)s, %(sprint_date_m820)s, %(sprint_time_m820)s), (%(race_id_m821)s, %(year_m821)s, %(round_m821)s, %(circuit_id_m821)s, %(name_m821)s, %(date_m821)s, %(race_time_m821)s, %(url_m821)s, %(fp1_date_m821)s, %(fp1_time_m821)s, %(fp2_date_m821)s, %(fp2_time_m821)s, %(fp3_date_m821)s, %(fp3_time_m821)s, %(quali_date_m821)s, %(quali_time_m821)s, %(sprint_date_m821)s, %(sprint_time_m821)s), (%(race_id_m822)s, %(year_m822)s, %(round_m822)s, %(circuit_id_m822)s, %(name_m822)s, %(date_m822)s, %(race_time_m822)s, %(url_m822)s, %(fp1_date_m822)s, %(fp1_time_m822)s, %(fp2_date_m822)s, %(fp2_time_m822)s, %(fp3_date_m822)s, %(fp3_time_m822)s, %(quali_date_m822)s, %(quali_time_m822)s, %(sprint_date_m822)s, %(sprint_time_m822)s), (%(race_id_m823)s, %(year_m823)s, %(round_m823)s, %(circuit_id_m823)s, %(name_m823)s, %(date_m823)s, %(race_time_m823)s, %(url_m823)s, %(fp1_date_m823)s, %(fp1_time_m823)s, %(fp2_date_m823)s, %(fp2_time_m823)s, %(fp3_date_m823)s, %(fp3_time_m823)s, %(quali_date_m823)s, %(quali_time_m823)s, %(sprint_date_m823)s, %(sprint_time_m823)s), (%(race_id_m824)s, %(year_m824)s, %(round_m824)s, %(circuit_id_m824)s, %(name_m824)s, %(date_m824)s, %(race_time_m824)s, %(url_m824)s, %(fp1_date_m824)s, %(fp1_time_m824)s, %(fp2_date_m824)s, %(fp2_time_m824)s, %(fp3_date_m824)s, %(fp3_time_m824)s, %(quali_date_m824)s, %(quali_time_m824)s, %(sprint_date_m824)s, %(sprint_time_m824)s), (%(race_id_m825)s, %(year_m825)s, %(round_m825)s, %(circuit_id_m825)s, %(name_m825)s, %(date_m825)s, %(race_time_m825)s, %(url_m825)s, %(fp1_date_m825)s, %(fp1_time_m825)s, %(fp2_date_m825)s, %(fp2_time_m825)s, %(fp3_date_m825)s, %(fp3_time_m825)s, %(quali_date_m825)s, %(quali_time_m825)s, %(sprint_date_m825)s, %(sprint_time_m825)s), (%(race_id_m826)s, %(year_m826)s, %(round_m826)s, %(circuit_id_m826)s, %(name_m826)s, %(date_m826)s, %(race_time_m826)s, %(url_m826)s, %(fp1_date_m826)s, %(fp1_time_m826)s, %(fp2_date_m826)s, %(fp2_time_m826)s, %(fp3_date_m826)s, %(fp3_time_m826)s, %(quali_date_m826)s, %(quali_time_m826)s, %(sprint_date_m826)s, %(sprint_time_m826)s), (%(race_id_m827)s, %(year_m827)s, %(round_m827)s, %(circuit_id_m827)s, %(name_m827)s, %(date_m827)s, %(race_time_m827)s, %(url_m827)s, %(fp1_date_m827)s, %(fp1_time_m827)s, %(fp2_date_m827)s, %(fp2_time_m827)s, %(fp3_date_m827)s, %(fp3_time_m827)s, %(quali_date_m827)s, %(quali_time_m827)s, %(sprint_date_m827)s, %(sprint_time_m827)s), (%(race_id_m828)s, %(year_m828)s, %(round_m828)s, %(circuit_id_m828)s, %(name_m828)s, %(date_m828)s, %(race_time_m828)s, %(url_m828)s, %(fp1_date_m828)s, %(fp1_time_m828)s, %(fp2_date_m828)s, %(fp2_time_m828)s, %(fp3_date_m828)s, %(fp3_time_m828)s, %(quali_date_m828)s, %(quali_time_m828)s, %(sprint_date_m828)s, %(sprint_time_m828)s), (%(race_id_m829)s, %(year_m829)s, %(round_m829)s, %(circuit_id_m829)s, %(name_m829)s, %(date_m829)s, %(race_time_m829)s, %(url_m829)s, %(fp1_date_m829)s, %(fp1_time_m829)s, %(fp2_date_m829)s, %(fp2_time_m829)s, %(fp3_date_m829)s, %(fp3_time_m829)s, %(quali_date_m829)s, %(quali_time_m829)s, %(sprint_date_m829)s, %(sprint_time_m829)s), (%(race_id_m830)s, %(year_m830)s, %(round_m830)s, %(circuit_id_m830)s, %(name_m830)s, %(date_m830)s, %(race_time_m830)s, %(url_m830)s, %(fp1_date_m830)s, %(fp1_time_m830)s, %(fp2_date_m830)s, %(fp2_time_m830)s, %(fp3_date_m830)s, %(fp3_time_m830)s, %(quali_date_m830)s, %(quali_time_m830)s, %(sprint_date_m830)s, %(sprint_time_m830)s), (%(race_id_m831)s, %(year_m831)s, %(round_m831)s, %(circuit_id_m831)s, %(name_m831)s, %(date_m831)s, %(race_time_m831)s, %(url_m831)s, %(fp1_date_m831)s, %(fp1_time_m831)s, %(fp2_date_m831)s, %(fp2_time_m831)s, %(fp3_date_m831)s, %(fp3_time_m831)s, %(quali_date_m831)s, %(quali_time_m831)s, %(sprint_date_m831)s, %(sprint_time_m831)s), (%(race_id_m832)s, %(year_m832)s, %(round_m832)s, %(circuit_id_m832)s, %(name_m832)s, %(date_m832)s, %(race_time_m832)s, %(url_m832)s, %(fp1_date_m832)s, %(fp1_time_m832)s, %(fp2_date_m832)s, %(fp2_time_m832)s, %(fp3_date_m832)s, %(fp3_time_m832)s, %(quali_date_m832)s, %(quali_time_m832)s, %(sprint_date_m832)s, %(sprint_time_m832)s), (%(race_id_m833)s, %(year_m833)s, %(round_m833)s, %(circuit_id_m833)s, %(name_m833)s, %(date_m833)s, %(race_time_m833)s, %(url_m833)s, %(fp1_date_m833)s, %(fp1_time_m833)s, %(fp2_date_m833)s, %(fp2_time_m833)s, %(fp3_date_m833)s, %(fp3_time_m833)s, %(quali_date_m833)s, %(quali_time_m833)s, %(sprint_date_m833)s, %(sprint_time_m833)s), (%(race_id_m834)s, %(year_m834)s, %(round_m834)s, %(circuit_id_m834)s, %(name_m834)s, %(date_m834)s, %(race_time_m834)s, %(url_m834)s, %(fp1_date_m834)s, %(fp1_time_m834)s, %(fp2_date_m834)s, %(fp2_time_m834)s, %(fp3_date_m834)s, %(fp3_time_m834)s, %(quali_date_m834)s, %(quali_time_m834)s, %(sprint_date_m834)s, %(sprint_time_m834)s), (%(race_id_m835)s, %(year_m835)s, %(round_m835)s, %(circuit_id_m835)s, %(name_m835)s, %(date_m835)s, %(race_time_m835)s, %(url_m835)s, %(fp1_date_m835)s, %(fp1_time_m835)s, %(fp2_date_m835)s, %(fp2_time_m835)s, %(fp3_date_m835)s, %(fp3_time_m835)s, %(quali_date_m835)s, %(quali_time_m835)s, %(sprint_date_m835)s, %(sprint_time_m835)s), (%(race_id_m836)s, %(year_m836)s, %(round_m836)s, %(circuit_id_m836)s, %(name_m836)s, %(date_m836)s, %(race_time_m836)s, %(url_m836)s, %(fp1_date_m836)s, %(fp1_time_m836)s, %(fp2_date_m836)s, %(fp2_time_m836)s, %(fp3_date_m836)s, %(fp3_time_m836)s, %(quali_date_m836)s, %(quali_time_m836)s, %(sprint_date_m836)s, %(sprint_time_m836)s), (%(race_id_m837)s, %(year_m837)s, %(round_m837)s, %(circuit_id_m837)s, %(name_m837)s, %(date_m837)s, %(race_time_m837)s, %(url_m837)s, %(fp1_date_m837)s, %(fp1_time_m837)s, %(fp2_date_m837)s, %(fp2_time_m837)s, %(fp3_date_m837)s, %(fp3_time_m837)s, %(quali_date_m837)s, %(quali_time_m837)s, %(sprint_date_m837)s, %(sprint_time_m837)s), (%(race_id_m838)s, %(year_m838)s, %(round_m838)s, %(circuit_id_m838)s, %(name_m838)s, %(date_m838)s, %(race_time_m838)s, %(url_m838)s, %(fp1_date_m838)s, %(fp1_time_m838)s, %(fp2_date_m838)s, %(fp2_time_m838)s, %(fp3_date_m838)s, %(fp3_time_m838)s, %(quali_date_m838)s, %(quali_time_m838)s, %(sprint_date_m838)s, %(sprint_time_m838)s), (%(race_id_m839)s, %(year_m839)s, %(round_m839)s, %(circuit_id_m839)s, %(name_m839)s, %(date_m839)s, %(race_time_m839)s, %(url_m839)s, %(fp1_date_m839)s, %(fp1_time_m839)s, %(fp2_date_m839)s, %(fp2_time_m839)s, %(fp3_date_m839)s, %(fp3_time_m839)s, %(quali_date_m839)s, %(quali_time_m839)s, %(sprint_date_m839)s, %(sprint_time_m839)s), (%(race_id_m840)s, %(year_m840)s, %(round_m840)s, %(circuit_id_m840)s, %(name_m840)s, %(date_m840)s, %(race_time_m840)s, %(url_m840)s, %(fp1_date_m840)s, %(fp1_time_m840)s, %(fp2_date_m840)s, %(fp2_time_m840)s, %(fp3_date_m840)s, %(fp3_time_m840)s, %(quali_date_m840)s, %(quali_time_m840)s, %(sprint_date_m840)s, %(sprint_time_m840)s), (%(race_id_m841)s, %(year_m841)s, %(round_m841)s, %(circuit_id_m841)s, %(name_m841)s, %(date_m841)s, %(race_time_m841)s, %(url_m841)s, %(fp1_date_m841)s, %(fp1_time_m841)s, %(fp2_date_m841)s, %(fp2_time_m841)s, %(fp3_date_m841)s, %(fp3_time_m841)s, %(quali_date_m841)s, %(quali_time_m841)s, %(sprint_date_m841)s, %(sprint_time_m841)s), (%(race_id_m842)s, %(year_m842)s, %(round_m842)s, %(circuit_id_m842)s, %(name_m842)s, %(date_m842)s, %(race_time_m842)s, %(url_m842)s, %(fp1_date_m842)s, %(fp1_time_m842)s, %(fp2_date_m842)s, %(fp2_time_m842)s, %(fp3_date_m842)s, %(fp3_time_m842)s, %(quali_date_m842)s, %(quali_time_m842)s, %(sprint_date_m842)s, %(sprint_time_m842)s), (%(race_id_m843)s, %(year_m843)s, %(round_m843)s, %(circuit_id_m843)s, %(name_m843)s, %(date_m843)s, %(race_time_m843)s, %(url_m843)s, %(fp1_date_m843)s, %(fp1_time_m843)s, %(fp2_date_m843)s, %(fp2_time_m843)s, %(fp3_date_m843)s, %(fp3_time_m843)s, %(quali_date_m843)s, %(quali_time_m843)s, %(sprint_date_m843)s, %(sprint_time_m843)s), (%(race_id_m844)s, %(year_m844)s, %(round_m844)s, %(circuit_id_m844)s, %(name_m844)s, %(date_m844)s, %(race_time_m844)s, %(url_m844)s, %(fp1_date_m844)s, %(fp1_time_m844)s, %(fp2_date_m844)s, %(fp2_time_m844)s, %(fp3_date_m844)s, %(fp3_time_m844)s, %(quali_date_m844)s, %(quali_time_m844)s, %(sprint_date_m844)s, %(sprint_time_m844)s), (%(race_id_m845)s, %(year_m845)s, %(round_m845)s, %(circuit_id_m845)s, %(name_m845)s, %(date_m845)s, %(race_time_m845)s, %(url_m845)s, %(fp1_date_m845)s, %(fp1_time_m845)s, %(fp2_date_m845)s, %(fp2_time_m845)s, %(fp3_date_m845)s, %(fp3_time_m845)s, %(quali_date_m845)s, %(quali_time_m845)s, %(sprint_date_m845)s, %(sprint_time_m845)s), (%(race_id_m846)s, %(year_m846)s, %(round_m846)s, %(circuit_id_m846)s, %(name_m846)s, %(date_m846)s, %(race_time_m846)s, %(url_m846)s, %(fp1_date_m846)s, %(fp1_time_m846)s, %(fp2_date_m846)s, %(fp2_time_m846)s, %(fp3_date_m846)s, %(fp3_time_m846)s, %(quali_date_m846)s, %(quali_time_m846)s, %(sprint_date_m846)s, %(sprint_time_m846)s), (%(race_id_m847)s, %(year_m847)s, %(round_m847)s, %(circuit_id_m847)s, %(name_m847)s, %(date_m847)s, %(race_time_m847)s, %(url_m847)s, %(fp1_date_m847)s, %(fp1_time_m847)s, %(fp2_date_m847)s, %(fp2_time_m847)s, %(fp3_date_m847)s, %(fp3_time_m847)s, %(quali_date_m847)s, %(quali_time_m847)s, %(sprint_date_m847)s, %(sprint_time_m847)s), (%(race_id_m848)s, %(year_m848)s, %(round_m848)s, %(circuit_id_m848)s, %(name_m848)s, %(date_m848)s, %(race_time_m848)s, %(url_m848)s, %(fp1_date_m848)s, %(fp1_time_m848)s, %(fp2_date_m848)s, %(fp2_time_m848)s, %(fp3_date_m848)s, %(fp3_time_m848)s, %(quali_date_m848)s, %(quali_time_m848)s, %(sprint_date_m848)s, %(sprint_time_m848)s), (%(race_id_m849)s, %(year_m849)s, %(round_m849)s, %(circuit_id_m849)s, %(name_m849)s, %(date_m849)s, %(race_time_m849)s, %(url_m849)s, %(fp1_date_m849)s, %(fp1_time_m849)s, %(fp2_date_m849)s, %(fp2_time_m849)s, %(fp3_date_m849)s, %(fp3_time_m849)s, %(quali_date_m849)s, %(quali_time_m849)s, %(sprint_date_m849)s, %(sprint_time_m849)s), (%(race_id_m850)s, %(year_m850)s, %(round_m850)s, %(circuit_id_m850)s, %(name_m850)s, %(date_m850)s, %(race_time_m850)s, %(url_m850)s, %(fp1_date_m850)s, %(fp1_time_m850)s, %(fp2_date_m850)s, %(fp2_time_m850)s, %(fp3_date_m850)s, %(fp3_time_m850)s, %(quali_date_m850)s, %(quali_time_m850)s, %(sprint_date_m850)s, %(sprint_time_m850)s), (%(race_id_m851)s, %(year_m851)s, %(round_m851)s, %(circuit_id_m851)s, %(name_m851)s, %(date_m851)s, %(race_time_m851)s, %(url_m851)s, %(fp1_date_m851)s, %(fp1_time_m851)s, %(fp2_date_m851)s, %(fp2_time_m851)s, %(fp3_date_m851)s, %(fp3_time_m851)s, %(quali_date_m851)s, %(quali_time_m851)s, %(sprint_date_m851)s, %(sprint_time_m851)s), (%(race_id_m852)s, %(year_m852)s, %(round_m852)s, %(circuit_id_m852)s, %(name_m852)s, %(date_m852)s, %(race_time_m852)s, %(url_m852)s, %(fp1_date_m852)s, %(fp1_time_m852)s, %(fp2_date_m852)s, %(fp2_time_m852)s, %(fp3_date_m852)s, %(fp3_time_m852)s, %(quali_date_m852)s, %(quali_time_m852)s, %(sprint_date_m852)s, %(sprint_time_m852)s), (%(race_id_m853)s, %(year_m853)s, %(round_m853)s, %(circuit_id_m853)s, %(name_m853)s, %(date_m853)s, %(race_time_m853)s, %(url_m853)s, %(fp1_date_m853)s, %(fp1_time_m853)s, %(fp2_date_m853)s, %(fp2_time_m853)s, %(fp3_date_m853)s, %(fp3_time_m853)s, %(quali_date_m853)s, %(quali_time_m853)s, %(sprint_date_m853)s, %(sprint_time_m853)s), (%(race_id_m854)s, %(year_m854)s, %(round_m854)s, %(circuit_id_m854)s, %(name_m854)s, %(date_m854)s, %(race_time_m854)s, %(url_m854)s, %(fp1_date_m854)s, %(fp1_time_m854)s, %(fp2_date_m854)s, %(fp2_time_m854)s, %(fp3_date_m854)s, %(fp3_time_m854)s, %(quali_date_m854)s, %(quali_time_m854)s, %(sprint_date_m854)s, %(sprint_time_m854)s), (%(race_id_m855)s, %(year_m855)s, %(round_m855)s, %(circuit_id_m855)s, %(name_m855)s, %(date_m855)s, %(race_time_m855)s, %(url_m855)s, %(fp1_date_m855)s, %(fp1_time_m855)s, %(fp2_date_m855)s, %(fp2_time_m855)s, %(fp3_date_m855)s, %(fp3_time_m855)s, %(quali_date_m855)s, %(quali_time_m855)s, %(sprint_date_m855)s, %(sprint_time_m855)s), (%(race_id_m856)s, %(year_m856)s, %(round_m856)s, %(circuit_id_m856)s, %(name_m856)s, %(date_m856)s, %(race_time_m856)s, %(url_m856)s, %(fp1_date_m856)s, %(fp1_time_m856)s, %(fp2_date_m856)s, %(fp2_time_m856)s, %(fp3_date_m856)s, %(fp3_time_m856)s, %(quali_date_m856)s, %(quali_time_m856)s, %(sprint_date_m856)s, %(sprint_time_m856)s), (%(race_id_m857)s, %(year_m857)s, %(round_m857)s, %(circuit_id_m857)s, %(name_m857)s, %(date_m857)s, %(race_time_m857)s, %(url_m857)s, %(fp1_date_m857)s, %(fp1_time_m857)s, %(fp2_date_m857)s, %(fp2_time_m857)s, %(fp3_date_m857)s, %(fp3_time_m857)s, %(quali_date_m857)s, %(quali_time_m857)s, %(sprint_date_m857)s, %(sprint_time_m857)s), (%(race_id_m858)s, %(year_m858)s, %(round_m858)s, %(circuit_id_m858)s, %(name_m858)s, %(date_m858)s, %(race_time_m858)s, %(url_m858)s, %(fp1_date_m858)s, %(fp1_time_m858)s, %(fp2_date_m858)s, %(fp2_time_m858)s, %(fp3_date_m858)s, %(fp3_time_m858)s, %(quali_date_m858)s, %(quali_time_m858)s, %(sprint_date_m858)s, %(sprint_time_m858)s), (%(race_id_m859)s, %(year_m859)s, %(round_m859)s, %(circuit_id_m859)s, %(name_m859)s, %(date_m859)s, %(race_time_m859)s, %(url_m859)s, %(fp1_date_m859)s, %(fp1_time_m859)s, %(fp2_date_m859)s, %(fp2_time_m859)s, %(fp3_date_m859)s, %(fp3_time_m859)s, %(quali_date_m859)s, %(quali_time_m859)s, %(sprint_date_m859)s, %(sprint_time_m859)s), (%(race_id_m860)s, %(year_m860)s, %(round_m860)s, %(circuit_id_m860)s, %(name_m860)s, %(date_m860)s, %(race_time_m860)s, %(url_m860)s, %(fp1_date_m860)s, %(fp1_time_m860)s, %(fp2_date_m860)s, %(fp2_time_m860)s, %(fp3_date_m860)s, %(fp3_time_m860)s, %(quali_date_m860)s, %(quali_time_m860)s, %(sprint_date_m860)s, %(sprint_time_m860)s), (%(race_id_m861)s, %(year_m861)s, %(round_m861)s, %(circuit_id_m861)s, %(name_m861)s, %(date_m861)s, %(race_time_m861)s, %(url_m861)s, %(fp1_date_m861)s, %(fp1_time_m861)s, %(fp2_date_m861)s, %(fp2_time_m861)s, %(fp3_date_m861)s, %(fp3_time_m861)s, %(quali_date_m861)s, %(quali_time_m861)s, %(sprint_date_m861)s, %(sprint_time_m861)s), (%(race_id_m862)s, %(year_m862)s, %(round_m862)s, %(circuit_id_m862)s, %(name_m862)s, %(date_m862)s, %(race_time_m862)s, %(url_m862)s, %(fp1_date_m862)s, %(fp1_time_m862)s, %(fp2_date_m862)s, %(fp2_time_m862)s, %(fp3_date_m862)s, %(fp3_time_m862)s, %(quali_date_m862)s, %(quali_time_m862)s, %(sprint_date_m862)s, %(sprint_time_m862)s), (%(race_id_m863)s, %(year_m863)s, %(round_m863)s, %(circuit_id_m863)s, %(name_m863)s, %(date_m863)s, %(race_time_m863)s, %(url_m863)s, %(fp1_date_m863)s, %(fp1_time_m863)s, %(fp2_date_m863)s, %(fp2_time_m863)s, %(fp3_date_m863)s, %(fp3_time_m863)s, %(quali_date_m863)s, %(quali_time_m863)s, %(sprint_date_m863)s, %(sprint_time_m863)s), (%(race_id_m864)s, %(year_m864)s, %(round_m864)s, %(circuit_id_m864)s, %(name_m864)s, %(date_m864)s, %(race_time_m864)s, %(url_m864)s, %(fp1_date_m864)s, %(fp1_time_m864)s, %(fp2_date_m864)s, %(fp2_time_m864)s, %(fp3_date_m864)s, %(fp3_time_m864)s, %(quali_date_m864)s, %(quali_time_m864)s, %(sprint_date_m864)s, %(sprint_time_m864)s), (%(race_id_m865)s, %(year_m865)s, %(round_m865)s, %(circuit_id_m865)s, %(name_m865)s, %(date_m865)s, %(race_time_m865)s, %(url_m865)s, %(fp1_date_m865)s, %(fp1_time_m865)s, %(fp2_date_m865)s, %(fp2_time_m865)s, %(fp3_date_m865)s, %(fp3_time_m865)s, %(quali_date_m865)s, %(quali_time_m865)s, %(sprint_date_m865)s, %(sprint_time_m865)s), (%(race_id_m866)s, %(year_m866)s, %(round_m866)s, %(circuit_id_m866)s, %(name_m866)s, %(date_m866)s, %(race_time_m866)s, %(url_m866)s, %(fp1_date_m866)s, %(fp1_time_m866)s, %(fp2_date_m866)s, %(fp2_time_m866)s, %(fp3_date_m866)s, %(fp3_time_m866)s, %(quali_date_m866)s, %(quali_time_m866)s, %(sprint_date_m866)s, %(sprint_time_m866)s), (%(race_id_m867)s, %(year_m867)s, %(round_m867)s, %(circuit_id_m867)s, %(name_m867)s, %(date_m867)s, %(race_time_m867)s, %(url_m867)s, %(fp1_date_m867)s, %(fp1_time_m867)s, %(fp2_date_m867)s, %(fp2_time_m867)s, %(fp3_date_m867)s, %(fp3_time_m867)s, %(quali_date_m867)s, %(quali_time_m867)s, %(sprint_date_m867)s, %(sprint_time_m867)s), (%(race_id_m868)s, %(year_m868)s, %(round_m868)s, %(circuit_id_m868)s, %(name_m868)s, %(date_m868)s, %(race_time_m868)s, %(url_m868)s, %(fp1_date_m868)s, %(fp1_time_m868)s, %(fp2_date_m868)s, %(fp2_time_m868)s, %(fp3_date_m868)s, %(fp3_time_m868)s, %(quali_date_m868)s, %(quali_time_m868)s, %(sprint_date_m868)s, %(sprint_time_m868)s), (%(race_id_m869)s, %(year_m869)s, %(round_m869)s, %(circuit_id_m869)s, %(name_m869)s, %(date_m869)s, %(race_time_m869)s, %(url_m869)s, %(fp1_date_m869)s, %(fp1_time_m869)s, %(fp2_date_m869)s, %(fp2_time_m869)s, %(fp3_date_m869)s, %(fp3_time_m869)s, %(quali_date_m869)s, %(quali_time_m869)s, %(sprint_date_m869)s, %(sprint_time_m869)s), (%(race_id_m870)s, %(year_m870)s, %(round_m870)s, %(circuit_id_m870)s, %(name_m870)s, %(date_m870)s, %(race_time_m870)s, %(url_m870)s, %(fp1_date_m870)s, %(fp1_time_m870)s, %(fp2_date_m870)s, %(fp2_time_m870)s, %(fp3_date_m870)s, %(fp3_time_m870)s, %(quali_date_m870)s, %(quali_time_m870)s, %(sprint_date_m870)s, %(sprint_time_m870)s), (%(race_id_m871)s, %(year_m871)s, %(round_m871)s, %(circuit_id_m871)s, %(name_m871)s, %(date_m871)s, %(race_time_m871)s, %(url_m871)s, %(fp1_date_m871)s, %(fp1_time_m871)s, %(fp2_date_m871)s, %(fp2_time_m871)s, %(fp3_date_m871)s, %(fp3_time_m871)s, %(quali_date_m871)s, %(quali_time_m871)s, %(sprint_date_m871)s, %(sprint_time_m871)s), (%(race_id_m872)s, %(year_m872)s, %(round_m872)s, %(circuit_id_m872)s, %(name_m872)s, %(date_m872)s, %(race_time_m872)s, %(url_m872)s, %(fp1_date_m872)s, %(fp1_time_m872)s, %(fp2_date_m872)s, %(fp2_time_m872)s, %(fp3_date_m872)s, %(fp3_time_m872)s, %(quali_date_m872)s, %(quali_time_m872)s, %(sprint_date_m872)s, %(sprint_time_m872)s), (%(race_id_m873)s, %(year_m873)s, %(round_m873)s, %(circuit_id_m873)s, %(name_m873)s, %(date_m873)s, %(race_time_m873)s, %(url_m873)s, %(fp1_date_m873)s, %(fp1_time_m873)s, %(fp2_date_m873)s, %(fp2_time_m873)s, %(fp3_date_m873)s, %(fp3_time_m873)s, %(quali_date_m873)s, %(quali_time_m873)s, %(sprint_date_m873)s, %(sprint_time_m873)s), (%(race_id_m874)s, %(year_m874)s, %(round_m874)s, %(circuit_id_m874)s, %(name_m874)s, %(date_m874)s, %(race_time_m874)s, %(url_m874)s, %(fp1_date_m874)s, %(fp1_time_m874)s, %(fp2_date_m874)s, %(fp2_time_m874)s, %(fp3_date_m874)s, %(fp3_time_m874)s, %(quali_date_m874)s, %(quali_time_m874)s, %(sprint_date_m874)s, %(sprint_time_m874)s), (%(race_id_m875)s, %(year_m875)s, %(round_m875)s, %(circuit_id_m875)s, %(name_m875)s, %(date_m875)s, %(race_time_m875)s, %(url_m875)s, %(fp1_date_m875)s, %(fp1_time_m875)s, %(fp2_date_m875)s, %(fp2_time_m875)s, %(fp3_date_m875)s, %(fp3_time_m875)s, %(quali_date_m875)s, %(quali_time_m875)s, %(sprint_date_m875)s, %(sprint_time_m875)s), (%(race_id_m876)s, %(year_m876)s, %(round_m876)s, %(circuit_id_m876)s, %(name_m876)s, %(date_m876)s, %(race_time_m876)s, %(url_m876)s, %(fp1_date_m876)s, %(fp1_time_m876)s, %(fp2_date_m876)s, %(fp2_time_m876)s, %(fp3_date_m876)s, %(fp3_time_m876)s, %(quali_date_m876)s, %(quali_time_m876)s, %(sprint_date_m876)s, %(sprint_time_m876)s), (%(race_id_m877)s, %(year_m877)s, %(round_m877)s, %(circuit_id_m877)s, %(name_m877)s, %(date_m877)s, %(race_time_m877)s, %(url_m877)s, %(fp1_date_m877)s, %(fp1_time_m877)s, %(fp2_date_m877)s, %(fp2_time_m877)s, %(fp3_date_m877)s, %(fp3_time_m877)s, %(quali_date_m877)s, %(quali_time_m877)s, %(sprint_date_m877)s, %(sprint_time_m877)s), (%(race_id_m878)s, %(year_m878)s, %(round_m878)s, %(circuit_id_m878)s, %(name_m878)s, %(date_m878)s, %(race_time_m878)s, %(url_m878)s, %(fp1_date_m878)s, %(fp1_time_m878)s, %(fp2_date_m878)s, %(fp2_time_m878)s, %(fp3_date_m878)s, %(fp3_time_m878)s, %(quali_date_m878)s, %(quali_time_m878)s, %(sprint_date_m878)s, %(sprint_time_m878)s), (%(race_id_m879)s, %(year_m879)s, %(round_m879)s, %(circuit_id_m879)s, %(name_m879)s, %(date_m879)s, %(race_time_m879)s, %(url_m879)s, %(fp1_date_m879)s, %(fp1_time_m879)s, %(fp2_date_m879)s, %(fp2_time_m879)s, %(fp3_date_m879)s, %(fp3_time_m879)s, %(quali_date_m879)s, %(quali_time_m879)s, %(sprint_date_m879)s, %(sprint_time_m879)s), (%(race_id_m880)s, %(year_m880)s, %(round_m880)s, %(circuit_id_m880)s, %(name_m880)s, %(date_m880)s, %(race_time_m880)s, %(url_m880)s, %(fp1_date_m880)s, %(fp1_time_m880)s, %(fp2_date_m880)s, %(fp2_time_m880)s, %(fp3_date_m880)s, %(fp3_time_m880)s, %(quali_date_m880)s, %(quali_time_m880)s, %(sprint_date_m880)s, %(sprint_time_m880)s), (%(race_id_m881)s, %(year_m881)s, %(round_m881)s, %(circuit_id_m881)s, %(name_m881)s, %(date_m881)s, %(race_time_m881)s, %(url_m881)s, %(fp1_date_m881)s, %(fp1_time_m881)s, %(fp2_date_m881)s, %(fp2_time_m881)s, %(fp3_date_m881)s, %(fp3_time_m881)s, %(quali_date_m881)s, %(quali_time_m881)s, %(sprint_date_m881)s, %(sprint_time_m881)s), (%(race_id_m882)s, %(year_m882)s, %(round_m882)s, %(circuit_id_m882)s, %(name_m882)s, %(date_m882)s, %(race_time_m882)s, %(url_m882)s, %(fp1_date_m882)s, %(fp1_time_m882)s, %(fp2_date_m882)s, %(fp2_time_m882)s, %(fp3_date_m882)s, %(fp3_time_m882)s, %(quali_date_m882)s, %(quali_time_m882)s, %(sprint_date_m882)s, %(sprint_time_m882)s), (%(race_id_m883)s, %(year_m883)s, %(round_m883)s, %(circuit_id_m883)s, %(name_m883)s, %(date_m883)s, %(race_time_m883)s, %(url_m883)s, %(fp1_date_m883)s, %(fp1_time_m883)s, %(fp2_date_m883)s, %(fp2_time_m883)s, %(fp3_date_m883)s, %(fp3_time_m883)s, %(quali_date_m883)s, %(quali_time_m883)s, %(sprint_date_m883)s, %(sprint_time_m883)s), (%(race_id_m884)s, %(year_m884)s, %(round_m884)s, %(circuit_id_m884)s, %(name_m884)s, %(date_m884)s, %(race_time_m884)s, %(url_m884)s, %(fp1_date_m884)s, %(fp1_time_m884)s, %(fp2_date_m884)s, %(fp2_time_m884)s, %(fp3_date_m884)s, %(fp3_time_m884)s, %(quali_date_m884)s, %(quali_time_m884)s, %(sprint_date_m884)s, %(sprint_time_m884)s), (%(race_id_m885)s, %(year_m885)s, %(round_m885)s, %(circuit_id_m885)s, %(name_m885)s, %(date_m885)s, %(race_time_m885)s, %(url_m885)s, %(fp1_date_m885)s, %(fp1_time_m885)s, %(fp2_date_m885)s, %(fp2_time_m885)s, %(fp3_date_m885)s, %(fp3_time_m885)s, %(quali_date_m885)s, %(quali_time_m885)s, %(sprint_date_m885)s, %(sprint_time_m885)s), (%(race_id_m886)s, %(year_m886)s, %(round_m886)s, %(circuit_id_m886)s, %(name_m886)s, %(date_m886)s, %(race_time_m886)s, %(url_m886)s, %(fp1_date_m886)s, %(fp1_time_m886)s, %(fp2_date_m886)s, %(fp2_time_m886)s, %(fp3_date_m886)s, %(fp3_time_m886)s, %(quali_date_m886)s, %(quali_time_m886)s, %(sprint_date_m886)s, %(sprint_time_m886)s), (%(race_id_m887)s, %(year_m887)s, %(round_m887)s, %(circuit_id_m887)s, %(name_m887)s, %(date_m887)s, %(race_time_m887)s, %(url_m887)s, %(fp1_date_m887)s, %(fp1_time_m887)s, %(fp2_date_m887)s, %(fp2_time_m887)s, %(fp3_date_m887)s, %(fp3_time_m887)s, %(quali_date_m887)s, %(quali_time_m887)s, %(sprint_date_m887)s, %(sprint_time_m887)s), (%(race_id_m888)s, %(year_m888)s, %(round_m888)s, %(circuit_id_m888)s, %(name_m888)s, %(date_m888)s, %(race_time_m888)s, %(url_m888)s, %(fp1_date_m888)s, %(fp1_time_m888)s, %(fp2_date_m888)s, %(fp2_time_m888)s, %(fp3_date_m888)s, %(fp3_time_m888)s, %(quali_date_m888)s, %(quali_time_m888)s, %(sprint_date_m888)s, %(sprint_time_m888)s), (%(race_id_m889)s, %(year_m889)s, %(round_m889)s, %(circuit_id_m889)s, %(name_m889)s, %(date_m889)s, %(race_time_m889)s, %(url_m889)s, %(fp1_date_m889)s, %(fp1_time_m889)s, %(fp2_date_m889)s, %(fp2_time_m889)s, %(fp3_date_m889)s, %(fp3_time_m889)s, %(quali_date_m889)s, %(quali_time_m889)s, %(sprint_date_m889)s, %(sprint_time_m889)s), (%(race_id_m890)s, %(year_m890)s, %(round_m890)s, %(circuit_id_m890)s, %(name_m890)s, %(date_m890)s, %(race_time_m890)s, %(url_m890)s, %(fp1_date_m890)s, %(fp1_time_m890)s, %(fp2_date_m890)s, %(fp2_time_m890)s, %(fp3_date_m890)s, %(fp3_time_m890)s, %(quali_date_m890)s, %(quali_time_m890)s, %(sprint_date_m890)s, %(sprint_time_m890)s), (%(race_id_m891)s, %(year_m891)s, %(round_m891)s, %(circuit_id_m891)s, %(name_m891)s, %(date_m891)s, %(race_time_m891)s, %(url_m891)s, %(fp1_date_m891)s, %(fp1_time_m891)s, %(fp2_date_m891)s, %(fp2_time_m891)s, %(fp3_date_m891)s, %(fp3_time_m891)s, %(quali_date_m891)s, %(quali_time_m891)s, %(sprint_date_m891)s, %(sprint_time_m891)s), (%(race_id_m892)s, %(year_m892)s, %(round_m892)s, %(circuit_id_m892)s, %(name_m892)s, %(date_m892)s, %(race_time_m892)s, %(url_m892)s, %(fp1_date_m892)s, %(fp1_time_m892)s, %(fp2_date_m892)s, %(fp2_time_m892)s, %(fp3_date_m892)s, %(fp3_time_m892)s, %(quali_date_m892)s, %(quali_time_m892)s, %(sprint_date_m892)s, %(sprint_time_m892)s), (%(race_id_m893)s, %(year_m893)s, %(round_m893)s, %(circuit_id_m893)s, %(name_m893)s, %(date_m893)s, %(race_time_m893)s, %(url_m893)s, %(fp1_date_m893)s, %(fp1_time_m893)s, %(fp2_date_m893)s, %(fp2_time_m893)s, %(fp3_date_m893)s, %(fp3_time_m893)s, %(quali_date_m893)s, %(quali_time_m893)s, %(sprint_date_m893)s, %(sprint_time_m893)s), (%(race_id_m894)s, %(year_m894)s, %(round_m894)s, %(circuit_id_m894)s, %(name_m894)s, %(date_m894)s, %(race_time_m894)s, %(url_m894)s, %(fp1_date_m894)s, %(fp1_time_m894)s, %(fp2_date_m894)s, %(fp2_time_m894)s, %(fp3_date_m894)s, %(fp3_time_m894)s, %(quali_date_m894)s, %(quali_time_m894)s, %(sprint_date_m894)s, %(sprint_time_m894)s), (%(race_id_m895)s, %(year_m895)s, %(round_m895)s, %(circuit_id_m895)s, %(name_m895)s, %(date_m895)s, %(race_time_m895)s, %(url_m895)s, %(fp1_date_m895)s, %(fp1_time_m895)s, %(fp2_date_m895)s, %(fp2_time_m895)s, %(fp3_date_m895)s, %(fp3_time_m895)s, %(quali_date_m895)s, %(quali_time_m895)s, %(sprint_date_m895)s, %(sprint_time_m895)s), (%(race_id_m896)s, %(year_m896)s, %(round_m896)s, %(circuit_id_m896)s, %(name_m896)s, %(date_m896)s, %(race_time_m896)s, %(url_m896)s, %(fp1_date_m896)s, %(fp1_time_m896)s, %(fp2_date_m896)s, %(fp2_time_m896)s, %(fp3_date_m896)s, %(fp3_time_m896)s, %(quali_date_m896)s, %(quali_time_m896)s, %(sprint_date_m896)s, %(sprint_time_m896)s), (%(race_id_m897)s, %(year_m897)s, %(round_m897)s, %(circuit_id_m897)s, %(name_m897)s, %(date_m897)s, %(race_time_m897)s, %(url_m897)s, %(fp1_date_m897)s, %(fp1_time_m897)s, %(fp2_date_m897)s, %(fp2_time_m897)s, %(fp3_date_m897)s, %(fp3_time_m897)s, %(quali_date_m897)s, %(quali_time_m897)s, %(sprint_date_m897)s, %(sprint_time_m897)s), (%(race_id_m898)s, %(year_m898)s, %(round_m898)s, %(circuit_id_m898)s, %(name_m898)s, %(date_m898)s, %(race_time_m898)s, %(url_m898)s, %(fp1_date_m898)s, %(fp1_time_m898)s, %(fp2_date_m898)s, %(fp2_time_m898)s, %(fp3_date_m898)s, %(fp3_time_m898)s, %(quali_date_m898)s, %(quali_time_m898)s, %(sprint_date_m898)s, %(sprint_time_m898)s), (%(race_id_m899)s, %(year_m899)s, %(round_m899)s, %(circuit_id_m899)s, %(name_m899)s, %(date_m899)s, %(race_time_m899)s, %(url_m899)s, %(fp1_date_m899)s, %(fp1_time_m899)s, %(fp2_date_m899)s, %(fp2_time_m899)s, %(fp3_date_m899)s, %(fp3_time_m899)s, %(quali_date_m899)s, %(quali_time_m899)s, %(sprint_date_m899)s, %(sprint_time_m899)s), (%(race_id_m900)s, %(year_m900)s, %(round_m900)s, %(circuit_id_m900)s, %(name_m900)s, %(date_m900)s, %(race_time_m900)s, %(url_m900)s, %(fp1_date_m900)s, %(fp1_time_m900)s, %(fp2_date_m900)s, %(fp2_time_m900)s, %(fp3_date_m900)s, %(fp3_time_m900)s, %(quali_date_m900)s, %(quali_time_m900)s, %(sprint_date_m900)s, %(sprint_time_m900)s), (%(race_id_m901)s, %(year_m901)s, %(round_m901)s, %(circuit_id_m901)s, %(name_m901)s, %(date_m901)s, %(race_time_m901)s, %(url_m901)s, %(fp1_date_m901)s, %(fp1_time_m901)s, %(fp2_date_m901)s, %(fp2_time_m901)s, %(fp3_date_m901)s, %(fp3_time_m901)s, %(quali_date_m901)s, %(quali_time_m901)s, %(sprint_date_m901)s, %(sprint_time_m901)s), (%(race_id_m902)s, %(year_m902)s, %(round_m902)s, %(circuit_id_m902)s, %(name_m902)s, %(date_m902)s, %(race_time_m902)s, %(url_m902)s, %(fp1_date_m902)s, %(fp1_time_m902)s, %(fp2_date_m902)s, %(fp2_time_m902)s, %(fp3_date_m902)s, %(fp3_time_m902)s, %(quali_date_m902)s, %(quali_time_m902)s, %(sprint_date_m902)s, %(sprint_time_m902)s), (%(race_id_m903)s, %(year_m903)s, %(round_m903)s, %(circuit_id_m903)s, %(name_m903)s, %(date_m903)s, %(race_time_m903)s, %(url_m903)s, %(fp1_date_m903)s, %(fp1_time_m903)s, %(fp2_date_m903)s, %(fp2_time_m903)s, %(fp3_date_m903)s, %(fp3_time_m903)s, %(quali_date_m903)s, %(quali_time_m903)s, %(sprint_date_m903)s, %(sprint_time_m903)s), (%(race_id_m904)s, %(year_m904)s, %(round_m904)s, %(circuit_id_m904)s, %(name_m904)s, %(date_m904)s, %(race_time_m904)s, %(url_m904)s, %(fp1_date_m904)s, %(fp1_time_m904)s, %(fp2_date_m904)s, %(fp2_time_m904)s, %(fp3_date_m904)s, %(fp3_time_m904)s, %(quali_date_m904)s, %(quali_time_m904)s, %(sprint_date_m904)s, %(sprint_time_m904)s), (%(race_id_m905)s, %(year_m905)s, %(round_m905)s, %(circuit_id_m905)s, %(name_m905)s, %(date_m905)s, %(race_time_m905)s, %(url_m905)s, %(fp1_date_m905)s, %(fp1_time_m905)s, %(fp2_date_m905)s, %(fp2_time_m905)s, %(fp3_date_m905)s, %(fp3_time_m905)s, %(quali_date_m905)s, %(quali_time_m905)s, %(sprint_date_m905)s, %(sprint_time_m905)s), (%(race_id_m906)s, %(year_m906)s, %(round_m906)s, %(circuit_id_m906)s, %(name_m906)s, %(date_m906)s, %(race_time_m906)s, %(url_m906)s, %(fp1_date_m906)s, %(fp1_time_m906)s, %(fp2_date_m906)s, %(fp2_time_m906)s, %(fp3_date_m906)s, %(fp3_time_m906)s, %(quali_date_m906)s, %(quali_time_m906)s, %(sprint_date_m906)s, %(sprint_time_m906)s), (%(race_id_m907)s, %(year_m907)s, %(round_m907)s, %(circuit_id_m907)s, %(name_m907)s, %(date_m907)s, %(race_time_m907)s, %(url_m907)s, %(fp1_date_m907)s, %(fp1_time_m907)s, %(fp2_date_m907)s, %(fp2_time_m907)s, %(fp3_date_m907)s, %(fp3_time_m907)s, %(quali_date_m907)s, %(quali_time_m907)s, %(sprint_date_m907)s, %(sprint_time_m907)s), (%(race_id_m908)s, %(year_m908)s, %(round_m908)s, %(circuit_id_m908)s, %(name_m908)s, %(date_m908)s, %(race_time_m908)s, %(url_m908)s, %(fp1_date_m908)s, %(fp1_time_m908)s, %(fp2_date_m908)s, %(fp2_time_m908)s, %(fp3_date_m908)s, %(fp3_time_m908)s, %(quali_date_m908)s, %(quali_time_m908)s, %(sprint_date_m908)s, %(sprint_time_m908)s), (%(race_id_m909)s, %(year_m909)s, %(round_m909)s, %(circuit_id_m909)s, %(name_m909)s, %(date_m909)s, %(race_time_m909)s, %(url_m909)s, %(fp1_date_m909)s, %(fp1_time_m909)s, %(fp2_date_m909)s, %(fp2_time_m909)s, %(fp3_date_m909)s, %(fp3_time_m909)s, %(quali_date_m909)s, %(quali_time_m909)s, %(sprint_date_m909)s, %(sprint_time_m909)s), (%(race_id_m910)s, %(year_m910)s, %(round_m910)s, %(circuit_id_m910)s, %(name_m910)s, %(date_m910)s, %(race_time_m910)s, %(url_m910)s, %(fp1_date_m910)s, %(fp1_time_m910)s, %(fp2_date_m910)s, %(fp2_time_m910)s, %(fp3_date_m910)s, %(fp3_time_m910)s, %(quali_date_m910)s, %(quali_time_m910)s, %(sprint_date_m910)s, %(sprint_time_m910)s), (%(race_id_m911)s, %(year_m911)s, %(round_m911)s, %(circuit_id_m911)s, %(name_m911)s, %(date_m911)s, %(race_time_m911)s, %(url_m911)s, %(fp1_date_m911)s, %(fp1_time_m911)s, %(fp2_date_m911)s, %(fp2_time_m911)s, %(fp3_date_m911)s, %(fp3_time_m911)s, %(quali_date_m911)s, %(quali_time_m911)s, %(sprint_date_m911)s, %(sprint_time_m911)s), (%(race_id_m912)s, %(year_m912)s, %(round_m912)s, %(circuit_id_m912)s, %(name_m912)s, %(date_m912)s, %(race_time_m912)s, %(url_m912)s, %(fp1_date_m912)s, %(fp1_time_m912)s, %(fp2_date_m912)s, %(fp2_time_m912)s, %(fp3_date_m912)s, %(fp3_time_m912)s, %(quali_date_m912)s, %(quali_time_m912)s, %(sprint_date_m912)s, %(sprint_time_m912)s), (%(race_id_m913)s, %(year_m913)s, %(round_m913)s, %(circuit_id_m913)s, %(name_m913)s, %(date_m913)s, %(race_time_m913)s, %(url_m913)s, %(fp1_date_m913)s, %(fp1_time_m913)s, %(fp2_date_m913)s, %(fp2_time_m913)s, %(fp3_date_m913)s, %(fp3_time_m913)s, %(quali_date_m913)s, %(quali_time_m913)s, %(sprint_date_m913)s, %(sprint_time_m913)s), (%(race_id_m914)s, %(year_m914)s, %(round_m914)s, %(circuit_id_m914)s, %(name_m914)s, %(date_m914)s, %(race_time_m914)s, %(url_m914)s, %(fp1_date_m914)s, %(fp1_time_m914)s, %(fp2_date_m914)s, %(fp2_time_m914)s, %(fp3_date_m914)s, %(fp3_time_m914)s, %(quali_date_m914)s, %(quali_time_m914)s, %(sprint_date_m914)s, %(sprint_time_m914)s), (%(race_id_m915)s, %(year_m915)s, %(round_m915)s, %(circuit_id_m915)s, %(name_m915)s, %(date_m915)s, %(race_time_m915)s, %(url_m915)s, %(fp1_date_m915)s, %(fp1_time_m915)s, %(fp2_date_m915)s, %(fp2_time_m915)s, %(fp3_date_m915)s, %(fp3_time_m915)s, %(quali_date_m915)s, %(quali_time_m915)s, %(sprint_date_m915)s, %(sprint_time_m915)s), (%(race_id_m916)s, %(year_m916)s, %(round_m916)s, %(circuit_id_m916)s, %(name_m916)s, %(date_m916)s, %(race_time_m916)s, %(url_m916)s, %(fp1_date_m916)s, %(fp1_time_m916)s, %(fp2_date_m916)s, %(fp2_time_m916)s, %(fp3_date_m916)s, %(fp3_time_m916)s, %(quali_date_m916)s, %(quali_time_m916)s, %(sprint_date_m916)s, %(sprint_time_m916)s), (%(race_id_m917)s, %(year_m917)s, %(round_m917)s, %(circuit_id_m917)s, %(name_m917)s, %(date_m917)s, %(race_time_m917)s, %(url_m917)s, %(fp1_date_m917)s, %(fp1_time_m917)s, %(fp2_date_m917)s, %(fp2_time_m917)s, %(fp3_date_m917)s, %(fp3_time_m917)s, %(quali_date_m917)s, %(quali_time_m917)s, %(sprint_date_m917)s, %(sprint_time_m917)s), (%(race_id_m918)s, %(year_m918)s, %(round_m918)s, %(circuit_id_m918)s, %(name_m918)s, %(date_m918)s, %(race_time_m918)s, %(url_m918)s, %(fp1_date_m918)s, %(fp1_time_m918)s, %(fp2_date_m918)s, %(fp2_time_m918)s, %(fp3_date_m918)s, %(fp3_time_m918)s, %(quali_date_m918)s, %(quali_time_m918)s, %(sprint_date_m918)s, %(sprint_time_m918)s), (%(race_id_m919)s, %(year_m919)s, %(round_m919)s, %(circuit_id_m919)s, %(name_m919)s, %(date_m919)s, %(race_time_m919)s, %(url_m919)s, %(fp1_date_m919)s, %(fp1_time_m919)s, %(fp2_date_m919)s, %(fp2_time_m919)s, %(fp3_date_m919)s, %(fp3_time_m919)s, %(quali_date_m919)s, %(quali_time_m919)s, %(sprint_date_m919)s, %(sprint_time_m919)s), (%(race_id_m920)s, %(year_m920)s, %(round_m920)s, %(circuit_id_m920)s, %(name_m920)s, %(date_m920)s, %(race_time_m920)s, %(url_m920)s, %(fp1_date_m920)s, %(fp1_time_m920)s, %(fp2_date_m920)s, %(fp2_time_m920)s, %(fp3_date_m920)s, %(fp3_time_m920)s, %(quali_date_m920)s, %(quali_time_m920)s, %(sprint_date_m920)s, %(sprint_time_m920)s), (%(race_id_m921)s, %(year_m921)s, %(round_m921)s, %(circuit_id_m921)s, %(name_m921)s, %(date_m921)s, %(race_time_m921)s, %(url_m921)s, %(fp1_date_m921)s, %(fp1_time_m921)s, %(fp2_date_m921)s, %(fp2_time_m921)s, %(fp3_date_m921)s, %(fp3_time_m921)s, %(quali_date_m921)s, %(quali_time_m921)s, %(sprint_date_m921)s, %(sprint_time_m921)s), (%(race_id_m922)s, %(year_m922)s, %(round_m922)s, %(circuit_id_m922)s, %(name_m922)s, %(date_m922)s, %(race_time_m922)s, %(url_m922)s, %(fp1_date_m922)s, %(fp1_time_m922)s, %(fp2_date_m922)s, %(fp2_time_m922)s, %(fp3_date_m922)s, %(fp3_time_m922)s, %(quali_date_m922)s, %(quali_time_m922)s, %(sprint_date_m922)s, %(sprint_time_m922)s), (%(race_id_m923)s, %(year_m923)s, %(round_m923)s, %(circuit_id_m923)s, %(name_m923)s, %(date_m923)s, %(race_time_m923)s, %(url_m923)s, %(fp1_date_m923)s, %(fp1_time_m923)s, %(fp2_date_m923)s, %(fp2_time_m923)s, %(fp3_date_m923)s, %(fp3_time_m923)s, %(quali_date_m923)s, %(quali_time_m923)s, %(sprint_date_m923)s, %(sprint_time_m923)s), (%(race_id_m924)s, %(year_m924)s, %(round_m924)s, %(circuit_id_m924)s, %(name_m924)s, %(date_m924)s, %(race_time_m924)s, %(url_m924)s, %(fp1_date_m924)s, %(fp1_time_m924)s, %(fp2_date_m924)s, %(fp2_time_m924)s, %(fp3_date_m924)s, %(fp3_time_m924)s, %(quali_date_m924)s, %(quali_time_m924)s, %(sprint_date_m924)s, %(sprint_time_m924)s), (%(race_id_m925)s, %(year_m925)s, %(round_m925)s, %(circuit_id_m925)s, %(name_m925)s, %(date_m925)s, %(race_time_m925)s, %(url_m925)s, %(fp1_date_m925)s, %(fp1_time_m925)s, %(fp2_date_m925)s, %(fp2_time_m925)s, %(fp3_date_m925)s, %(fp3_time_m925)s, %(quali_date_m925)s, %(quali_time_m925)s, %(sprint_date_m925)s, %(sprint_time_m925)s), (%(race_id_m926)s, %(year_m926)s, %(round_m926)s, %(circuit_id_m926)s, %(name_m926)s, %(date_m926)s, %(race_time_m926)s, %(url_m926)s, %(fp1_date_m926)s, %(fp1_time_m926)s, %(fp2_date_m926)s, %(fp2_time_m926)s, %(fp3_date_m926)s, %(fp3_time_m926)s, %(quali_date_m926)s, %(quali_time_m926)s, %(sprint_date_m926)s, %(sprint_time_m926)s), (%(race_id_m927)s, %(year_m927)s, %(round_m927)s, %(circuit_id_m927)s, %(name_m927)s, %(date_m927)s, %(race_time_m927)s, %(url_m927)s, %(fp1_date_m927)s, %(fp1_time_m927)s, %(fp2_date_m927)s, %(fp2_time_m927)s, %(fp3_date_m927)s, %(fp3_time_m927)s, %(quali_date_m927)s, %(quali_time_m927)s, %(sprint_date_m927)s, %(sprint_time_m927)s), (%(race_id_m928)s, %(year_m928)s, %(round_m928)s, %(circuit_id_m928)s, %(name_m928)s, %(date_m928)s, %(race_time_m928)s, %(url_m928)s, %(fp1_date_m928)s, %(fp1_time_m928)s, %(fp2_date_m928)s, %(fp2_time_m928)s, %(fp3_date_m928)s, %(fp3_time_m928)s, %(quali_date_m928)s, %(quali_time_m928)s, %(sprint_date_m928)s, %(sprint_time_m928)s), (%(race_id_m929)s, %(year_m929)s, %(round_m929)s, %(circuit_id_m929)s, %(name_m929)s, %(date_m929)s, %(race_time_m929)s, %(url_m929)s, %(fp1_date_m929)s, %(fp1_time_m929)s, %(fp2_date_m929)s, %(fp2_time_m929)s, %(fp3_date_m929)s, %(fp3_time_m929)s, %(quali_date_m929)s, %(quali_time_m929)s, %(sprint_date_m929)s, %(sprint_time_m929)s), (%(race_id_m930)s, %(year_m930)s, %(round_m930)s, %(circuit_id_m930)s, %(name_m930)s, %(date_m930)s, %(race_time_m930)s, %(url_m930)s, %(fp1_date_m930)s, %(fp1_time_m930)s, %(fp2_date_m930)s, %(fp2_time_m930)s, %(fp3_date_m930)s, %(fp3_time_m930)s, %(quali_date_m930)s, %(quali_time_m930)s, %(sprint_date_m930)s, %(sprint_time_m930)s), (%(race_id_m931)s, %(year_m931)s, %(round_m931)s, %(circuit_id_m931)s, %(name_m931)s, %(date_m931)s, %(race_time_m931)s, %(url_m931)s, %(fp1_date_m931)s, %(fp1_time_m931)s, %(fp2_date_m931)s, %(fp2_time_m931)s, %(fp3_date_m931)s, %(fp3_time_m931)s, %(quali_date_m931)s, %(quali_time_m931)s, %(sprint_date_m931)s, %(sprint_time_m931)s), (%(race_id_m932)s, %(year_m932)s, %(round_m932)s, %(circuit_id_m932)s, %(name_m932)s, %(date_m932)s, %(race_time_m932)s, %(url_m932)s, %(fp1_date_m932)s, %(fp1_time_m932)s, %(fp2_date_m932)s, %(fp2_time_m932)s, %(fp3_date_m932)s, %(fp3_time_m932)s, %(quali_date_m932)s, %(quali_time_m932)s, %(sprint_date_m932)s, %(sprint_time_m932)s), (%(race_id_m933)s, %(year_m933)s, %(round_m933)s, %(circuit_id_m933)s, %(name_m933)s, %(date_m933)s, %(race_time_m933)s, %(url_m933)s, %(fp1_date_m933)s, %(fp1_time_m933)s, %(fp2_date_m933)s, %(fp2_time_m933)s, %(fp3_date_m933)s, %(fp3_time_m933)s, %(quali_date_m933)s, %(quali_time_m933)s, %(sprint_date_m933)s, %(sprint_time_m933)s), (%(race_id_m934)s, %(year_m934)s, %(round_m934)s, %(circuit_id_m934)s, %(name_m934)s, %(date_m934)s, %(race_time_m934)s, %(url_m934)s, %(fp1_date_m934)s, %(fp1_time_m934)s, %(fp2_date_m934)s, %(fp2_time_m934)s, %(fp3_date_m934)s, %(fp3_time_m934)s, %(quali_date_m934)s, %(quali_time_m934)s, %(sprint_date_m934)s, %(sprint_time_m934)s), (%(race_id_m935)s, %(year_m935)s, %(round_m935)s, %(circuit_id_m935)s, %(name_m935)s, %(date_m935)s, %(race_time_m935)s, %(url_m935)s, %(fp1_date_m935)s, %(fp1_time_m935)s, %(fp2_date_m935)s, %(fp2_time_m935)s, %(fp3_date_m935)s, %(fp3_time_m935)s, %(quali_date_m935)s, %(quali_time_m935)s, %(sprint_date_m935)s, %(sprint_time_m935)s), (%(race_id_m936)s, %(year_m936)s, %(round_m936)s, %(circuit_id_m936)s, %(name_m936)s, %(date_m936)s, %(race_time_m936)s, %(url_m936)s, %(fp1_date_m936)s, %(fp1_time_m936)s, %(fp2_date_m936)s, %(fp2_time_m936)s, %(fp3_date_m936)s, %(fp3_time_m936)s, %(quali_date_m936)s, %(quali_time_m936)s, %(sprint_date_m936)s, %(sprint_time_m936)s), (%(race_id_m937)s, %(year_m937)s, %(round_m937)s, %(circuit_id_m937)s, %(name_m937)s, %(date_m937)s, %(race_time_m937)s, %(url_m937)s, %(fp1_date_m937)s, %(fp1_time_m937)s, %(fp2_date_m937)s, %(fp2_time_m937)s, %(fp3_date_m937)s, %(fp3_time_m937)s, %(quali_date_m937)s, %(quali_time_m937)s, %(sprint_date_m937)s, %(sprint_time_m937)s), (%(race_id_m938)s, %(year_m938)s, %(round_m938)s, %(circuit_id_m938)s, %(name_m938)s, %(date_m938)s, %(race_time_m938)s, %(url_m938)s, %(fp1_date_m938)s, %(fp1_time_m938)s, %(fp2_date_m938)s, %(fp2_time_m938)s, %(fp3_date_m938)s, %(fp3_time_m938)s, %(quali_date_m938)s, %(quali_time_m938)s, %(sprint_date_m938)s, %(sprint_time_m938)s), (%(race_id_m939)s, %(year_m939)s, %(round_m939)s, %(circuit_id_m939)s, %(name_m939)s, %(date_m939)s, %(race_time_m939)s, %(url_m939)s, %(fp1_date_m939)s, %(fp1_time_m939)s, %(fp2_date_m939)s, %(fp2_time_m939)s, %(fp3_date_m939)s, %(fp3_time_m939)s, %(quali_date_m939)s, %(quali_time_m939)s, %(sprint_date_m939)s, %(sprint_time_m939)s), (%(race_id_m940)s, %(year_m940)s, %(round_m940)s, %(circuit_id_m940)s, %(name_m940)s, %(date_m940)s, %(race_time_m940)s, %(url_m940)s, %(fp1_date_m940)s, %(fp1_time_m940)s, %(fp2_date_m940)s, %(fp2_time_m940)s, %(fp3_date_m940)s, %(fp3_time_m940)s, %(quali_date_m940)s, %(quali_time_m940)s, %(sprint_date_m940)s, %(sprint_time_m940)s), (%(race_id_m941)s, %(year_m941)s, %(round_m941)s, %(circuit_id_m941)s, %(name_m941)s, %(date_m941)s, %(race_time_m941)s, %(url_m941)s, %(fp1_date_m941)s, %(fp1_time_m941)s, %(fp2_date_m941)s, %(fp2_time_m941)s, %(fp3_date_m941)s, %(fp3_time_m941)s, %(quali_date_m941)s, %(quali_time_m941)s, %(sprint_date_m941)s, %(sprint_time_m941)s), (%(race_id_m942)s, %(year_m942)s, %(round_m942)s, %(circuit_id_m942)s, %(name_m942)s, %(date_m942)s, %(race_time_m942)s, %(url_m942)s, %(fp1_date_m942)s, %(fp1_time_m942)s, %(fp2_date_m942)s, %(fp2_time_m942)s, %(fp3_date_m942)s, %(fp3_time_m942)s, %(quali_date_m942)s, %(quali_time_m942)s, %(sprint_date_m942)s, %(sprint_time_m942)s), (%(race_id_m943)s, %(year_m943)s, %(round_m943)s, %(circuit_id_m943)s, %(name_m943)s, %(date_m943)s, %(race_time_m943)s, %(url_m943)s, %(fp1_date_m943)s, %(fp1_time_m943)s, %(fp2_date_m943)s, %(fp2_time_m943)s, %(fp3_date_m943)s, %(fp3_time_m943)s, %(quali_date_m943)s, %(quali_time_m943)s, %(sprint_date_m943)s, %(sprint_time_m943)s), (%(race_id_m944)s, %(year_m944)s, %(round_m944)s, %(circuit_id_m944)s, %(name_m944)s, %(date_m944)s, %(race_time_m944)s, %(url_m944)s, %(fp1_date_m944)s, %(fp1_time_m944)s, %(fp2_date_m944)s, %(fp2_time_m944)s, %(fp3_date_m944)s, %(fp3_time_m944)s, %(quali_date_m944)s, %(quali_time_m944)s, %(sprint_date_m944)s, %(sprint_time_m944)s), (%(race_id_m945)s, %(year_m945)s, %(round_m945)s, %(circuit_id_m945)s, %(name_m945)s, %(date_m945)s, %(race_time_m945)s, %(url_m945)s, %(fp1_date_m945)s, %(fp1_time_m945)s, %(fp2_date_m945)s, %(fp2_time_m945)s, %(fp3_date_m945)s, %(fp3_time_m945)s, %(quali_date_m945)s, %(quali_time_m945)s, %(sprint_date_m945)s, %(sprint_time_m945)s), (%(race_id_m946)s, %(year_m946)s, %(round_m946)s, %(circuit_id_m946)s, %(name_m946)s, %(date_m946)s, %(race_time_m946)s, %(url_m946)s, %(fp1_date_m946)s, %(fp1_time_m946)s, %(fp2_date_m946)s, %(fp2_time_m946)s, %(fp3_date_m946)s, %(fp3_time_m946)s, %(quali_date_m946)s, %(quali_time_m946)s, %(sprint_date_m946)s, %(sprint_time_m946)s), (%(race_id_m947)s, %(year_m947)s, %(round_m947)s, %(circuit_id_m947)s, %(name_m947)s, %(date_m947)s, %(race_time_m947)s, %(url_m947)s, %(fp1_date_m947)s, %(fp1_time_m947)s, %(fp2_date_m947)s, %(fp2_time_m947)s, %(fp3_date_m947)s, %(fp3_time_m947)s, %(quali_date_m947)s, %(quali_time_m947)s, %(sprint_date_m947)s, %(sprint_time_m947)s), (%(race_id_m948)s, %(year_m948)s, %(round_m948)s, %(circuit_id_m948)s, %(name_m948)s, %(date_m948)s, %(race_time_m948)s, %(url_m948)s, %(fp1_date_m948)s, %(fp1_time_m948)s, %(fp2_date_m948)s, %(fp2_time_m948)s, %(fp3_date_m948)s, %(fp3_time_m948)s, %(quali_date_m948)s, %(quali_time_m948)s, %(sprint_date_m948)s, %(sprint_time_m948)s), (%(race_id_m949)s, %(year_m949)s, %(round_m949)s, %(circuit_id_m949)s, %(name_m949)s, %(date_m949)s, %(race_time_m949)s, %(url_m949)s, %(fp1_date_m949)s, %(fp1_time_m949)s, %(fp2_date_m949)s, %(fp2_time_m949)s, %(fp3_date_m949)s, %(fp3_time_m949)s, %(quali_date_m949)s, %(quali_time_m949)s, %(sprint_date_m949)s, %(sprint_time_m949)s), (%(race_id_m950)s, %(year_m950)s, %(round_m950)s, %(circuit_id_m950)s, %(name_m950)s, %(date_m950)s, %(race_time_m950)s, %(url_m950)s, %(fp1_date_m950)s, %(fp1_time_m950)s, %(fp2_date_m950)s, %(fp2_time_m950)s, %(fp3_date_m950)s, %(fp3_time_m950)s, %(quali_date_m950)s, %(quali_time_m950)s, %(sprint_date_m950)s, %(sprint_time_m950)s), (%(race_id_m951)s, %(year_m951)s, %(round_m951)s, %(circuit_id_m951)s, %(name_m951)s, %(date_m951)s, %(race_time_m951)s, %(url_m951)s, %(fp1_date_m951)s, %(fp1_time_m951)s, %(fp2_date_m951)s, %(fp2_time_m951)s, %(fp3_date_m951)s, %(fp3_time_m951)s, %(quali_date_m951)s, %(quali_time_m951)s, %(sprint_date_m951)s, %(sprint_time_m951)s), (%(race_id_m952)s, %(year_m952)s, %(round_m952)s, %(circuit_id_m952)s, %(name_m952)s, %(date_m952)s, %(race_time_m952)s, %(url_m952)s, %(fp1_date_m952)s, %(fp1_time_m952)s, %(fp2_date_m952)s, %(fp2_time_m952)s, %(fp3_date_m952)s, %(fp3_time_m952)s, %(quali_date_m952)s, %(quali_time_m952)s, %(sprint_date_m952)s, %(sprint_time_m952)s), (%(race_id_m953)s, %(year_m953)s, %(round_m953)s, %(circuit_id_m953)s, %(name_m953)s, %(date_m953)s, %(race_time_m953)s, %(url_m953)s, %(fp1_date_m953)s, %(fp1_time_m953)s, %(fp2_date_m953)s, %(fp2_time_m953)s, %(fp3_date_m953)s, %(fp3_time_m953)s, %(quali_date_m953)s, %(quali_time_m953)s, %(sprint_date_m953)s, %(sprint_time_m953)s), (%(race_id_m954)s, %(year_m954)s, %(round_m954)s, %(circuit_id_m954)s, %(name_m954)s, %(date_m954)s, %(race_time_m954)s, %(url_m954)s, %(fp1_date_m954)s, %(fp1_time_m954)s, %(fp2_date_m954)s, %(fp2_time_m954)s, %(fp3_date_m954)s, %(fp3_time_m954)s, %(quali_date_m954)s, %(quali_time_m954)s, %(sprint_date_m954)s, %(sprint_time_m954)s), (%(race_id_m955)s, %(year_m955)s, %(round_m955)s, %(circuit_id_m955)s, %(name_m955)s, %(date_m955)s, %(race_time_m955)s, %(url_m955)s, %(fp1_date_m955)s, %(fp1_time_m955)s, %(fp2_date_m955)s, %(fp2_time_m955)s, %(fp3_date_m955)s, %(fp3_time_m955)s, %(quali_date_m955)s, %(quali_time_m955)s, %(sprint_date_m955)s, %(sprint_time_m955)s), (%(race_id_m956)s, %(year_m956)s, %(round_m956)s, %(circuit_id_m956)s, %(name_m956)s, %(date_m956)s, %(race_time_m956)s, %(url_m956)s, %(fp1_date_m956)s, %(fp1_time_m956)s, %(fp2_date_m956)s, %(fp2_time_m956)s, %(fp3_date_m956)s, %(fp3_time_m956)s, %(quali_date_m956)s, %(quali_time_m956)s, %(sprint_date_m956)s, %(sprint_time_m956)s), (%(race_id_m957)s, %(year_m957)s, %(round_m957)s, %(circuit_id_m957)s, %(name_m957)s, %(date_m957)s, %(race_time_m957)s, %(url_m957)s, %(fp1_date_m957)s, %(fp1_time_m957)s, %(fp2_date_m957)s, %(fp2_time_m957)s, %(fp3_date_m957)s, %(fp3_time_m957)s, %(quali_date_m957)s, %(quali_time_m957)s, %(sprint_date_m957)s, %(sprint_time_m957)s), (%(race_id_m958)s, %(year_m958)s, %(round_m958)s, %(circuit_id_m958)s, %(name_m958)s, %(date_m958)s, %(race_time_m958)s, %(url_m958)s, %(fp1_date_m958)s, %(fp1_time_m958)s, %(fp2_date_m958)s, %(fp2_time_m958)s, %(fp3_date_m958)s, %(fp3_time_m958)s, %(quali_date_m958)s, %(quali_time_m958)s, %(sprint_date_m958)s, %(sprint_time_m958)s), (%(race_id_m959)s, %(year_m959)s, %(round_m959)s, %(circuit_id_m959)s, %(name_m959)s, %(date_m959)s, %(race_time_m959)s, %(url_m959)s, %(fp1_date_m959)s, %(fp1_time_m959)s, %(fp2_date_m959)s, %(fp2_time_m959)s, %(fp3_date_m959)s, %(fp3_time_m959)s, %(quali_date_m959)s, %(quali_time_m959)s, %(sprint_date_m959)s, %(sprint_time_m959)s), (%(race_id_m960)s, %(year_m960)s, %(round_m960)s, %(circuit_id_m960)s, %(name_m960)s, %(date_m960)s, %(race_time_m960)s, %(url_m960)s, %(fp1_date_m960)s, %(fp1_time_m960)s, %(fp2_date_m960)s, %(fp2_time_m960)s, %(fp3_date_m960)s, %(fp3_time_m960)s, %(quali_date_m960)s, %(quali_time_m960)s, %(sprint_date_m960)s, %(sprint_time_m960)s), (%(race_id_m961)s, %(year_m961)s, %(round_m961)s, %(circuit_id_m961)s, %(name_m961)s, %(date_m961)s, %(race_time_m961)s, %(url_m961)s, %(fp1_date_m961)s, %(fp1_time_m961)s, %(fp2_date_m961)s, %(fp2_time_m961)s, %(fp3_date_m961)s, %(fp3_time_m961)s, %(quali_date_m961)s, %(quali_time_m961)s, %(sprint_date_m961)s, %(sprint_time_m961)s), (%(race_id_m962)s, %(year_m962)s, %(round_m962)s, %(circuit_id_m962)s, %(name_m962)s, %(date_m962)s, %(race_time_m962)s, %(url_m962)s, %(fp1_date_m962)s, %(fp1_time_m962)s, %(fp2_date_m962)s, %(fp2_time_m962)s, %(fp3_date_m962)s, %(fp3_time_m962)s, %(quali_date_m962)s, %(quali_time_m962)s, %(sprint_date_m962)s, %(sprint_time_m962)s), (%(race_id_m963)s, %(year_m963)s, %(round_m963)s, %(circuit_id_m963)s, %(name_m963)s, %(date_m963)s, %(race_time_m963)s, %(url_m963)s, %(fp1_date_m963)s, %(fp1_time_m963)s, %(fp2_date_m963)s, %(fp2_time_m963)s, %(fp3_date_m963)s, %(fp3_time_m963)s, %(quali_date_m963)s, %(quali_time_m963)s, %(sprint_date_m963)s, %(sprint_time_m963)s), (%(race_id_m964)s, %(year_m964)s, %(round_m964)s, %(circuit_id_m964)s, %(name_m964)s, %(date_m964)s, %(race_time_m964)s, %(url_m964)s, %(fp1_date_m964)s, %(fp1_time_m964)s, %(fp2_date_m964)s, %(fp2_time_m964)s, %(fp3_date_m964)s, %(fp3_time_m964)s, %(quali_date_m964)s, %(quali_time_m964)s, %(sprint_date_m964)s, %(sprint_time_m964)s), (%(race_id_m965)s, %(year_m965)s, %(round_m965)s, %(circuit_id_m965)s, %(name_m965)s, %(date_m965)s, %(race_time_m965)s, %(url_m965)s, %(fp1_date_m965)s, %(fp1_time_m965)s, %(fp2_date_m965)s, %(fp2_time_m965)s, %(fp3_date_m965)s, %(fp3_time_m965)s, %(quali_date_m965)s, %(quali_time_m965)s, %(sprint_date_m965)s, %(sprint_time_m965)s), (%(race_id_m966)s, %(year_m966)s, %(round_m966)s, %(circuit_id_m966)s, %(name_m966)s, %(date_m966)s, %(race_time_m966)s, %(url_m966)s, %(fp1_date_m966)s, %(fp1_time_m966)s, %(fp2_date_m966)s, %(fp2_time_m966)s, %(fp3_date_m966)s, %(fp3_time_m966)s, %(quali_date_m966)s, %(quali_time_m966)s, %(sprint_date_m966)s, %(sprint_time_m966)s), (%(race_id_m967)s, %(year_m967)s, %(round_m967)s, %(circuit_id_m967)s, %(name_m967)s, %(date_m967)s, %(race_time_m967)s, %(url_m967)s, %(fp1_date_m967)s, %(fp1_time_m967)s, %(fp2_date_m967)s, %(fp2_time_m967)s, %(fp3_date_m967)s, %(fp3_time_m967)s, %(quali_date_m967)s, %(quali_time_m967)s, %(sprint_date_m967)s, %(sprint_time_m967)s), (%(race_id_m968)s, %(year_m968)s, %(round_m968)s, %(circuit_id_m968)s, %(name_m968)s, %(date_m968)s, %(race_time_m968)s, %(url_m968)s, %(fp1_date_m968)s, %(fp1_time_m968)s, %(fp2_date_m968)s, %(fp2_time_m968)s, %(fp3_date_m968)s, %(fp3_time_m968)s, %(quali_date_m968)s, %(quali_time_m968)s, %(sprint_date_m968)s, %(sprint_time_m968)s), (%(race_id_m969)s, %(year_m969)s, %(round_m969)s, %(circuit_id_m969)s, %(name_m969)s, %(date_m969)s, %(race_time_m969)s, %(url_m969)s, %(fp1_date_m969)s, %(fp1_time_m969)s, %(fp2_date_m969)s, %(fp2_time_m969)s, %(fp3_date_m969)s, %(fp3_time_m969)s, %(quali_date_m969)s, %(quali_time_m969)s, %(sprint_date_m969)s, %(sprint_time_m969)s), (%(race_id_m970)s, %(year_m970)s, %(round_m970)s, %(circuit_id_m970)s, %(name_m970)s, %(date_m970)s, %(race_time_m970)s, %(url_m970)s, %(fp1_date_m970)s, %(fp1_time_m970)s, %(fp2_date_m970)s, %(fp2_time_m970)s, %(fp3_date_m970)s, %(fp3_time_m970)s, %(quali_date_m970)s, %(quali_time_m970)s, %(sprint_date_m970)s, %(sprint_time_m970)s), (%(race_id_m971)s, %(year_m971)s, %(round_m971)s, %(circuit_id_m971)s, %(name_m971)s, %(date_m971)s, %(race_time_m971)s, %(url_m971)s, %(fp1_date_m971)s, %(fp1_time_m971)s, %(fp2_date_m971)s, %(fp2_time_m971)s, %(fp3_date_m971)s, %(fp3_time_m971)s, %(quali_date_m971)s, %(quali_time_m971)s, %(sprint_date_m971)s, %(sprint_time_m971)s), (%(race_id_m972)s, %(year_m972)s, %(round_m972)s, %(circuit_id_m972)s, %(name_m972)s, %(date_m972)s, %(race_time_m972)s, %(url_m972)s, %(fp1_date_m972)s, %(fp1_time_m972)s, %(fp2_date_m972)s, %(fp2_time_m972)s, %(fp3_date_m972)s, %(fp3_time_m972)s, %(quali_date_m972)s, %(quali_time_m972)s, %(sprint_date_m972)s, %(sprint_time_m972)s), (%(race_id_m973)s, %(year_m973)s, %(round_m973)s, %(circuit_id_m973)s, %(name_m973)s, %(date_m973)s, %(race_time_m973)s, %(url_m973)s, %(fp1_date_m973)s, %(fp1_time_m973)s, %(fp2_date_m973)s, %(fp2_time_m973)s, %(fp3_date_m973)s, %(fp3_time_m973)s, %(quali_date_m973)s, %(quali_time_m973)s, %(sprint_date_m973)s, %(sprint_time_m973)s), (%(race_id_m974)s, %(year_m974)s, %(round_m974)s, %(circuit_id_m974)s, %(name_m974)s, %(date_m974)s, %(race_time_m974)s, %(url_m974)s, %(fp1_date_m974)s, %(fp1_time_m974)s, %(fp2_date_m974)s, %(fp2_time_m974)s, %(fp3_date_m974)s, %(fp3_time_m974)s, %(quali_date_m974)s, %(quali_time_m974)s, %(sprint_date_m974)s, %(sprint_time_m974)s), (%(race_id_m975)s, %(year_m975)s, %(round_m975)s, %(circuit_id_m975)s, %(name_m975)s, %(date_m975)s, %(race_time_m975)s, %(url_m975)s, %(fp1_date_m975)s, %(fp1_time_m975)s, %(fp2_date_m975)s, %(fp2_time_m975)s, %(fp3_date_m975)s, %(fp3_time_m975)s, %(quali_date_m975)s, %(quali_time_m975)s, %(sprint_date_m975)s, %(sprint_time_m975)s), (%(race_id_m976)s, %(year_m976)s, %(round_m976)s, %(circuit_id_m976)s, %(name_m976)s, %(date_m976)s, %(race_time_m976)s, %(url_m976)s, %(fp1_date_m976)s, %(fp1_time_m976)s, %(fp2_date_m976)s, %(fp2_time_m976)s, %(fp3_date_m976)s, %(fp3_time_m976)s, %(quali_date_m976)s, %(quali_time_m976)s, %(sprint_date_m976)s, %(sprint_time_m976)s), (%(race_id_m977)s, %(year_m977)s, %(round_m977)s, %(circuit_id_m977)s, %(name_m977)s, %(date_m977)s, %(race_time_m977)s, %(url_m977)s, %(fp1_date_m977)s, %(fp1_time_m977)s, %(fp2_date_m977)s, %(fp2_time_m977)s, %(fp3_date_m977)s, %(fp3_time_m977)s, %(quali_date_m977)s, %(quali_time_m977)s, %(sprint_date_m977)s, %(sprint_time_m977)s), (%(race_id_m978)s, %(year_m978)s, %(round_m978)s, %(circuit_id_m978)s, %(name_m978)s, %(date_m978)s, %(race_time_m978)s, %(url_m978)s, %(fp1_date_m978)s, %(fp1_time_m978)s, %(fp2_date_m978)s, %(fp2_time_m978)s, %(fp3_date_m978)s, %(fp3_time_m978)s, %(quali_date_m978)s, %(quali_time_m978)s, %(sprint_date_m978)s, %(sprint_time_m978)s), (%(race_id_m979)s, %(year_m979)s, %(round_m979)s, %(circuit_id_m979)s, %(name_m979)s, %(date_m979)s, %(race_time_m979)s, %(url_m979)s, %(fp1_date_m979)s, %(fp1_time_m979)s, %(fp2_date_m979)s, %(fp2_time_m979)s, %(fp3_date_m979)s, %(fp3_time_m979)s, %(quali_date_m979)s, %(quali_time_m979)s, %(sprint_date_m979)s, %(sprint_time_m979)s), (%(race_id_m980)s, %(year_m980)s, %(round_m980)s, %(circuit_id_m980)s, %(name_m980)s, %(date_m980)s, %(race_time_m980)s, %(url_m980)s, %(fp1_date_m980)s, %(fp1_time_m980)s, %(fp2_date_m980)s, %(fp2_time_m980)s, %(fp3_date_m980)s, %(fp3_time_m980)s, %(quali_date_m980)s, %(quali_time_m980)s, %(sprint_date_m980)s, %(sprint_time_m980)s), (%(race_id_m981)s, %(year_m981)s, %(round_m981)s, %(circuit_id_m981)s, %(name_m981)s, %(date_m981)s, %(race_time_m981)s, %(url_m981)s, %(fp1_date_m981)s, %(fp1_time_m981)s, %(fp2_date_m981)s, %(fp2_time_m981)s, %(fp3_date_m981)s, %(fp3_time_m981)s, %(quali_date_m981)s, %(quali_time_m981)s, %(sprint_date_m981)s, %(sprint_time_m981)s), (%(race_id_m982)s, %(year_m982)s, %(round_m982)s, %(circuit_id_m982)s, %(name_m982)s, %(date_m982)s, %(race_time_m982)s, %(url_m982)s, %(fp1_date_m982)s, %(fp1_time_m982)s, %(fp2_date_m982)s, %(fp2_time_m982)s, %(fp3_date_m982)s, %(fp3_time_m982)s, %(quali_date_m982)s, %(quali_time_m982)s, %(sprint_date_m982)s, %(sprint_time_m982)s), (%(race_id_m983)s, %(year_m983)s, %(round_m983)s, %(circuit_id_m983)s, %(name_m983)s, %(date_m983)s, %(race_time_m983)s, %(url_m983)s, %(fp1_date_m983)s, %(fp1_time_m983)s, %(fp2_date_m983)s, %(fp2_time_m983)s, %(fp3_date_m983)s, %(fp3_time_m983)s, %(quali_date_m983)s, %(quali_time_m983)s, %(sprint_date_m983)s, %(sprint_time_m983)s), (%(race_id_m984)s, %(year_m984)s, %(round_m984)s, %(circuit_id_m984)s, %(name_m984)s, %(date_m984)s, %(race_time_m984)s, %(url_m984)s, %(fp1_date_m984)s, %(fp1_time_m984)s, %(fp2_date_m984)s, %(fp2_time_m984)s, %(fp3_date_m984)s, %(fp3_time_m984)s, %(quali_date_m984)s, %(quali_time_m984)s, %(sprint_date_m984)s, %(sprint_time_m984)s), (%(race_id_m985)s, %(year_m985)s, %(round_m985)s, %(circuit_id_m985)s, %(name_m985)s, %(date_m985)s, %(race_time_m985)s, %(url_m985)s, %(fp1_date_m985)s, %(fp1_time_m985)s, %(fp2_date_m985)s, %(fp2_time_m985)s, %(fp3_date_m985)s, %(fp3_time_m985)s, %(quali_date_m985)s, %(quali_time_m985)s, %(sprint_date_m985)s, %(sprint_time_m985)s), (%(race_id_m986)s, %(year_m986)s, %(round_m986)s, %(circuit_id_m986)s, %(name_m986)s, %(date_m986)s, %(race_time_m986)s, %(url_m986)s, %(fp1_date_m986)s, %(fp1_time_m986)s, %(fp2_date_m986)s, %(fp2_time_m986)s, %(fp3_date_m986)s, %(fp3_time_m986)s, %(quali_date_m986)s, %(quali_time_m986)s, %(sprint_date_m986)s, %(sprint_time_m986)s), (%(race_id_m987)s, %(year_m987)s, %(round_m987)s, %(circuit_id_m987)s, %(name_m987)s, %(date_m987)s, %(race_time_m987)s, %(url_m987)s, %(fp1_date_m987)s, %(fp1_time_m987)s, %(fp2_date_m987)s, %(fp2_time_m987)s, %(fp3_date_m987)s, %(fp3_time_m987)s, %(quali_date_m987)s, %(quali_time_m987)s, %(sprint_date_m987)s, %(sprint_time_m987)s), (%(race_id_m988)s, %(year_m988)s, %(round_m988)s, %(circuit_id_m988)s, %(name_m988)s, %(date_m988)s, %(race_time_m988)s, %(url_m988)s, %(fp1_date_m988)s, %(fp1_time_m988)s, %(fp2_date_m988)s, %(fp2_time_m988)s, %(fp3_date_m988)s, %(fp3_time_m988)s, %(quali_date_m988)s, %(quali_time_m988)s, %(sprint_date_m988)s, %(sprint_time_m988)s), (%(race_id_m989)s, %(year_m989)s, %(round_m989)s, %(circuit_id_m989)s, %(name_m989)s, %(date_m989)s, %(race_time_m989)s, %(url_m989)s, %(fp1_date_m989)s, %(fp1_time_m989)s, %(fp2_date_m989)s, %(fp2_time_m989)s, %(fp3_date_m989)s, %(fp3_time_m989)s, %(quali_date_m989)s, %(quali_time_m989)s, %(sprint_date_m989)s, %(sprint_time_m989)s), (%(race_id_m990)s, %(year_m990)s, %(round_m990)s, %(circuit_id_m990)s, %(name_m990)s, %(date_m990)s, %(race_time_m990)s, %(url_m990)s, %(fp1_date_m990)s, %(fp1_time_m990)s, %(fp2_date_m990)s, %(fp2_time_m990)s, %(fp3_date_m990)s, %(fp3_time_m990)s, %(quali_date_m990)s, %(quali_time_m990)s, %(sprint_date_m990)s, %(sprint_time_m990)s), (%(race_id_m991)s, %(year_m991)s, %(round_m991)s, %(circuit_id_m991)s, %(name_m991)s, %(date_m991)s, %(race_time_m991)s, %(url_m991)s, %(fp1_date_m991)s, %(fp1_time_m991)s, %(fp2_date_m991)s, %(fp2_time_m991)s, %(fp3_date_m991)s, %(fp3_time_m991)s, %(quali_date_m991)s, %(quali_time_m991)s, %(sprint_date_m991)s, %(sprint_time_m991)s), (%(race_id_m992)s, %(year_m992)s, %(round_m992)s, %(circuit_id_m992)s, %(name_m992)s, %(date_m992)s, %(race_time_m992)s, %(url_m992)s, %(fp1_date_m992)s, %(fp1_time_m992)s, %(fp2_date_m992)s, %(fp2_time_m992)s, %(fp3_date_m992)s, %(fp3_time_m992)s, %(quali_date_m992)s, %(quali_time_m992)s, %(sprint_date_m992)s, %(sprint_time_m992)s), (%(race_id_m993)s, %(year_m993)s, %(round_m993)s, %(circuit_id_m993)s, %(name_m993)s, %(date_m993)s, %(race_time_m993)s, %(url_m993)s, %(fp1_date_m993)s, %(fp1_time_m993)s, %(fp2_date_m993)s, %(fp2_time_m993)s, %(fp3_date_m993)s, %(fp3_time_m993)s, %(quali_date_m993)s, %(quali_time_m993)s, %(sprint_date_m993)s, %(sprint_time_m993)s), (%(race_id_m994)s, %(year_m994)s, %(round_m994)s, %(circuit_id_m994)s, %(name_m994)s, %(date_m994)s, %(race_time_m994)s, %(url_m994)s, %(fp1_date_m994)s, %(fp1_time_m994)s, %(fp2_date_m994)s, %(fp2_time_m994)s, %(fp3_date_m994)s, %(fp3_time_m994)s, %(quali_date_m994)s, %(quali_time_m994)s, %(sprint_date_m994)s, %(sprint_time_m994)s), (%(race_id_m995)s, %(year_m995)s, %(round_m995)s, %(circuit_id_m995)s, %(name_m995)s, %(date_m995)s, %(race_time_m995)s, %(url_m995)s, %(fp1_date_m995)s, %(fp1_time_m995)s, %(fp2_date_m995)s, %(fp2_time_m995)s, %(fp3_date_m995)s, %(fp3_time_m995)s, %(quali_date_m995)s, %(quali_time_m995)s, %(sprint_date_m995)s, %(sprint_time_m995)s), (%(race_id_m996)s, %(year_m996)s, %(round_m996)s, %(circuit_id_m996)s, %(name_m996)s, %(date_m996)s, %(race_time_m996)s, %(url_m996)s, %(fp1_date_m996)s, %(fp1_time_m996)s, %(fp2_date_m996)s, %(fp2_time_m996)s, %(fp3_date_m996)s, %(fp3_time_m996)s, %(quali_date_m996)s, %(quali_time_m996)s, %(sprint_date_m996)s, %(sprint_time_m996)s), (%(race_id_m997)s, %(year_m997)s, %(round_m997)s, %(circuit_id_m997)s, %(name_m997)s, %(date_m997)s, %(race_time_m997)s, %(url_m997)s, %(fp1_date_m997)s, %(fp1_time_m997)s, %(fp2_date_m997)s, %(fp2_time_m997)s, %(fp3_date_m997)s, %(fp3_time_m997)s, %(quali_date_m997)s, %(quali_time_m997)s, %(sprint_date_m997)s, %(sprint_time_m997)s), (%(race_id_m998)s, %(year_m998)s, %(round_m998)s, %(circuit_id_m998)s, %(name_m998)s, %(date_m998)s, %(race_time_m998)s, %(url_m998)s, %(fp1_date_m998)s, %(fp1_time_m998)s, %(fp2_date_m998)s, %(fp2_time_m998)s, %(fp3_date_m998)s, %(fp3_time_m998)s, %(quali_date_m998)s, %(quali_time_m998)s, %(sprint_date_m998)s, %(sprint_time_m998)s), (%(race_id_m999)s, %(year_m999)s, %(round_m999)s, %(circuit_id_m999)s, %(name_m999)s, %(date_m999)s, %(race_time_m999)s, %(url_m999)s, %(fp1_date_m999)s, %(fp1_time_m999)s, %(fp2_date_m999)s, %(fp2_time_m999)s, %(fp3_date_m999)s, %(fp3_time_m999)s, %(quali_date_m999)s, %(quali_time_m999)s, %(sprint_date_m999)s, %(sprint_time_m999)s)]
[parameters: {'race_id_m0': 1, 'year_m0': 2009, 'round_m0': 1, 'circuit_id_m0': 1, 'name_m0': 'Australian Grand Prix', 'date_m0': datetime.datetime(2009, 3, 29, 0, 0), 'race_time_m0': '06:00:00', 'url_m0': 'http://en.wikipedia.org/wiki/2009_Australian_Grand_Prix', 'fp1_date_m0': None, 'fp1_time_m0': None, 'fp2_date_m0': None, 'fp2_time_m0': None, 'fp3_date_m0': None, 'fp3_time_m0': None, 'quali_date_m0': None, 'quali_time_m0': None, 'sprint_date_m0': None, 'sprint_time_m0': None, 'race_id_m1': 2, 'year_m1': 2009, 'round_m1': 2, 'circuit_id_m1': 2, 'name_m1': 'Malaysian Grand Prix', 'date_m1': datetime.datetime(2009, 4, 5, 0, 0), 'race_time_m1': '09:00:00', 'url_m1': 'http://en.wikipedia.org/wiki/2009_Malaysian_Grand_Prix', 'fp1_date_m1': None, 'fp1_time_m1': None, 'fp2_date_m1': None, 'fp2_time_m1': None, 'fp3_date_m1': None, 'fp3_time_m1': None, 'quali_date_m1': None, 'quali_time_m1': None, 'sprint_date_m1': None, 'sprint_time_m1': None, 'race_id_m2': 3, 'year_m2': 2009, 'round_m2': 3, 'circuit_id_m2': 17, 'name_m2': 'Chinese Grand Prix', 'date_m2': datetime.datetime(2009, 4, 19, 0, 0), 'race_time_m2': '07:00:00', 'url_m2': 'http://en.wikipedia.org/wiki/2009_Chinese_Grand_Prix', 'fp1_date_m2': None, 'fp1_time_m2': None, 'fp2_date_m2': None, 'fp2_time_m2': None, 'fp3_date_m2': None, 'fp3_time_m2': None ... 17900 parameters truncated ... 'name_m997': 'Australian Grand Prix', 'date_m997': datetime.datetime(2019, 3, 17, 0, 0), 'race_time_m997': '05:10:00', 'url_m997': 'http://en.wikipedia.org/wiki/2019_Australian_Grand_Prix', 'fp1_date_m997': None, 'fp1_time_m997': None, 'fp2_date_m997': None, 'fp2_time_m997': None, 'fp3_date_m997': None, 'fp3_time_m997': None, 'quali_date_m997': None, 'quali_time_m997': None, 'sprint_date_m997': None, 'sprint_time_m997': None, 'race_id_m998': 1011, 'year_m998': 2019, 'round_m998': 2, 'circuit_id_m998': 3, 'name_m998': 'Bahrain Grand Prix', 'date_m998': datetime.datetime(2019, 3, 31, 0, 0), 'race_time_m998': '15:10:00', 'url_m998': 'http://en.wikipedia.org/wiki/2019_Bahrain_Grand_Prix', 'fp1_date_m998': None, 'fp1_time_m998': None, 'fp2_date_m998': None, 'fp2_time_m998': None, 'fp3_date_m998': None, 'fp3_time_m998': None, 'quali_date_m998': None, 'quali_time_m998': None, 'sprint_date_m998': None, 'sprint_time_m998': None, 'race_id_m999': 1012, 'year_m999': 2019, 'round_m999': 3, 'circuit_id_m999': 17, 'name_m999': 'Chinese Grand Prix', 'date_m999': datetime.datetime(2019, 4, 14, 0, 0), 'race_time_m999': '06:10:00', 'url_m999': 'http://en.wikipedia.org/wiki/2019_Chinese_Grand_Prix', 'fp1_date_m999': None, 'fp1_time_m999': None, 'fp2_date_m999': None, 'fp2_time_m999': None, 'fp3_date_m999': None, 'fp3_time_m999': None, 'quali_date_m999': None, 'quali_time_m999': None, 'sprint_date_m999': None, 'sprint_time_m999': None}]
(Background on this error at: https://sqlalche.me/e/20/f405)
